ego,alter_a,alter_b
MX001,MX001-A01,MX001-A30
MX001,MX001-A01,MX001-A29
MX001,MX001-A01,MX001-A28
MX001,MX001-A01,MX001-A27
MX001,MX001-A01,MX001-A26
MX001,MX001-A01,MX001-A25
MX001,MX001-A01,MX001-A24
MX001,MX001-A01,MX001-A23
MX001,MX001-A01,MX001-A22
MX001,MX001-A01,MX001-A21
MX001,MX001-A01,MX001-A20
MX001,MX001-A01,MX001-A19
MX001,MX001-A01,MX001-A18
MX001,MX001-A01,MX001-A17
MX001,MX001-A01,MX001-A16
MX001,MX001-A01,MX001-A15
MX001,MX001-A01,MX001-A14
MX001,MX001-A01,MX001-A13
MX001,MX001-A01,MX001-A12
MX001,MX001-A01,MX001-A11
MX001,MX001-A01,MX001-A10
MX001,MX001-A01,MX001-A09
MX001,MX001-A01,MX001-A08
MX001,MX001-A01,MX001-A07
MX001,MX001-A01,MX001-A06
MX001,MX001-A01,MX001-A05
MX001,MX001-A01,MX001-A04
MX001,MX001-A01,MX001-A03
MX001,MX001-A01,MX001-A02
MX001,MX001-A02,MX001-A25
MX001,MX001-A02,MX001-A23
MX001,MX001-A02,MX001-A22
MX001,MX001-A02,MX001-A21
MX001,MX001-A02,MX001-A20
MX001,MX001-A02,MX001-A19
MX001,MX001-A02,MX001-A18
MX001,MX001-A02,MX001-A17
MX001,MX001-A02,MX001-A16
MX001,MX001-A02,MX001-A15
MX001,MX001-A02,MX001-A14
MX001,MX001-A02,MX001-A13
MX001,MX001-A02,MX001-A12
MX001,MX001-A02,MX001-A11
MX001,MX001-A02,MX001-A10
MX001,MX001-A02,MX001-A09
MX001,MX001-A02,MX001-A08
MX001,MX001-A02,MX001-A07
MX001,MX001-A02,MX001-A06
MX001,MX001-A02,MX001-A05
MX001,MX001-A02,MX001-A04
MX001,MX001-A02,MX001-A03
MX001,MX001-A03,MX001-A25
MX001,MX001-A03,MX001-A23
MX001,MX001-A03,MX001-A22
MX001,MX001-A03,MX001-A21
MX001,MX001-A03,MX001-A20
MX001,MX001-A03,MX001-A19
MX001,MX001-A03,MX001-A18
MX001,MX001-A03,MX001-A17
MX001,MX001-A03,MX001-A16
MX001,MX001-A03,MX001-A15
MX001,MX001-A03,MX001-A14
MX001,MX001-A03,MX001-A13
MX001,MX001-A03,MX001-A12
MX001,MX001-A03,MX001-A11
MX001,MX001-A03,MX001-A10
MX001,MX001-A03,MX001-A09
MX001,MX001-A03,MX001-A08
MX001,MX001-A03,MX001-A07
MX001,MX001-A03,MX001-A06
MX001,MX001-A03,MX001-A05
MX001,MX001-A03,MX001-A04
MX001,MX001-A04,MX001-A23
MX001,MX001-A04,MX001-A22
MX001,MX001-A04,MX001-A21
MX001,MX001-A04,MX001-A20
MX001,MX001-A04,MX001-A19
MX001,MX001-A04,MX001-A18
MX001,MX001-A04,MX001-A17
MX001,MX001-A04,MX001-A16
MX001,MX001-A04,MX001-A15
MX001,MX001-A04,MX001-A14
MX001,MX001-A04,MX001-A13
MX001,MX001-A04,MX001-A12
MX001,MX001-A04,MX001-A11
MX001,MX001-A04,MX001-A10
MX001,MX001-A04,MX001-A09
MX001,MX001-A04,MX001-A08
MX001,MX001-A04,MX001-A07
MX001,MX001-A04,MX001-A06
MX001,MX001-A04,MX001-A05
MX001,MX001-A05,MX001-A24
MX001,MX001-A05,MX001-A23
MX001,MX001-A05,MX001-A22
MX001,MX001-A05,MX001-A21
MX001,MX001-A05,MX001-A20
MX001,MX001-A05,MX001-A19
MX001,MX001-A05,MX001-A18
MX001,MX001-A05,MX001-A17
MX001,MX001-A05,MX001-A16
MX001,MX001-A05,MX001-A15
MX001,MX001-A05,MX001-A14
MX001,MX001-A05,MX001-A13
MX001,MX001-A05,MX001-A12
MX001,MX001-A05,MX001-A11
MX001,MX001-A05,MX001-A10
MX001,MX001-A05,MX001-A09
MX001,MX001-A05,MX001-A08
MX001,MX001-A05,MX001-A07
MX001,MX001-A05,MX001-A06
MX001,MX001-A06,MX001-A23
MX001,MX001-A06,MX001-A22
MX001,MX001-A06,MX001-A21
MX001,MX001-A06,MX001-A20
MX001,MX001-A06,MX001-A19
MX001,MX001-A06,MX001-A18
MX001,MX001-A06,MX001-A17
MX001,MX001-A06,MX001-A16
MX001,MX001-A06,MX001-A15
MX001,MX001-A06,MX001-A14
MX001,MX001-A06,MX001-A13
MX001,MX001-A06,MX001-A12
MX001,MX001-A06,MX001-A11
MX001,MX001-A06,MX001-A10
MX001,MX001-A06,MX001-A09
MX001,MX001-A06,MX001-A08
MX001,MX001-A06,MX001-A07
MX001,MX001-A07,MX001-A23
MX001,MX001-A07,MX001-A22
MX001,MX001-A07,MX001-A21
MX001,MX001-A07,MX001-A20
MX001,MX001-A07,MX001-A19
MX001,MX001-A07,MX001-A18
MX001,MX001-A07,MX001-A17
MX001,MX001-A07,MX001-A16
MX001,MX001-A07,MX001-A15
MX001,MX001-A07,MX001-A14
MX001,MX001-A07,MX001-A12
MX001,MX001-A07,MX001-A11
MX001,MX001-A07,MX001-A10
MX001,MX001-A07,MX001-A09
MX001,MX001-A07,MX001-A08
MX001,MX001-A08,MX001-A23
MX001,MX001-A08,MX001-A22
MX001,MX001-A08,MX001-A21
MX001,MX001-A08,MX001-A20
MX001,MX001-A08,MX001-A19
MX001,MX001-A08,MX001-A18
MX001,MX001-A08,MX001-A17
MX001,MX001-A08,MX001-A16
MX001,MX001-A08,MX001-A15
MX001,MX001-A08,MX001-A14
MX001,MX001-A08,MX001-A13
MX001,MX001-A08,MX001-A12
MX001,MX001-A08,MX001-A11
MX001,MX001-A08,MX001-A10
MX001,MX001-A08,MX001-A09
MX001,MX001-A09,MX001-A23
MX001,MX001-A09,MX001-A22
MX001,MX001-A09,MX001-A21
MX001,MX001-A09,MX001-A20
MX001,MX001-A09,MX001-A19
MX001,MX001-A09,MX001-A18
MX001,MX001-A09,MX001-A17
MX001,MX001-A09,MX001-A16
MX001,MX001-A09,MX001-A15
MX001,MX001-A09,MX001-A14
MX001,MX001-A09,MX001-A13
MX001,MX001-A09,MX001-A12
MX001,MX001-A09,MX001-A11
MX001,MX001-A09,MX001-A10
MX001,MX001-A10,MX001-A23
MX001,MX001-A10,MX001-A22
MX001,MX001-A10,MX001-A21
MX001,MX001-A10,MX001-A20
MX001,MX001-A10,MX001-A19
MX001,MX001-A10,MX001-A18
MX001,MX001-A10,MX001-A17
MX001,MX001-A10,MX001-A16
MX001,MX001-A10,MX001-A15
MX001,MX001-A10,MX001-A14
MX001,MX001-A10,MX001-A13
MX001,MX001-A10,MX001-A12
MX001,MX001-A10,MX001-A11
MX001,MX001-A11,MX001-A23
MX001,MX001-A11,MX001-A22
MX001,MX001-A11,MX001-A21
MX001,MX001-A11,MX001-A20
MX001,MX001-A11,MX001-A19
MX001,MX001-A11,MX001-A18
MX001,MX001-A11,MX001-A17
MX001,MX001-A11,MX001-A16
MX001,MX001-A11,MX001-A15
MX001,MX001-A11,MX001-A14
MX001,MX001-A11,MX001-A13
MX001,MX001-A11,MX001-A12
MX001,MX001-A12,MX001-A15
MX001,MX001-A12,MX001-A14
MX001,MX001-A12,MX001-A13
MX001,MX001-A13,MX001-A24
MX001,MX001-A13,MX001-A23
MX001,MX001-A13,MX001-A22
MX001,MX001-A13,MX001-A21
MX001,MX001-A13,MX001-A20
MX001,MX001-A13,MX001-A19
MX001,MX001-A13,MX001-A18
MX001,MX001-A13,MX001-A17
MX001,MX001-A13,MX001-A16
MX001,MX001-A13,MX001-A15
MX001,MX001-A13,MX001-A14
MX001,MX001-A14,MX001-A23
MX001,MX001-A14,MX001-A22
MX001,MX001-A14,MX001-A21
MX001,MX001-A14,MX001-A20
MX001,MX001-A14,MX001-A19
MX001,MX001-A14,MX001-A18
MX001,MX001-A14,MX001-A17
MX001,MX001-A14,MX001-A16
MX001,MX001-A14,MX001-A15
MX001,MX001-A15,MX001-A23
MX001,MX001-A15,MX001-A22
MX001,MX001-A15,MX001-A21
MX001,MX001-A15,MX001-A20
MX001,MX001-A15,MX001-A19
MX001,MX001-A15,MX001-A18
MX001,MX001-A15,MX001-A17
MX001,MX001-A15,MX001-A16
MX001,MX001-A16,MX001-A23
MX001,MX001-A16,MX001-A22
MX001,MX001-A16,MX001-A21
MX001,MX001-A16,MX001-A20
MX001,MX001-A16,MX001-A19
MX001,MX001-A16,MX001-A18
MX001,MX001-A16,MX001-A17
MX001,MX001-A17,MX001-A24
MX001,MX001-A17,MX001-A23
MX001,MX001-A17,MX001-A22
MX001,MX001-A17,MX001-A21
MX001,MX001-A17,MX001-A20
MX001,MX001-A17,MX001-A19
MX001,MX001-A17,MX001-A18
MX001,MX001-A18,MX001-A23
MX001,MX001-A18,MX001-A22
MX001,MX001-A18,MX001-A21
MX001,MX001-A18,MX001-A20
MX001,MX001-A18,MX001-A19
MX001,MX001-A19,MX001-A23
MX001,MX001-A19,MX001-A22
MX001,MX001-A19,MX001-A21
MX001,MX001-A19,MX001-A20
MX001,MX001-A20,MX001-A23
MX001,MX001-A20,MX001-A22
MX001,MX001-A20,MX001-A21
MX001,MX001-A21,MX001-A23
MX001,MX001-A21,MX001-A22
MX001,MX001-A22,MX001-A23
MX001,MX001-A24,MX001-A30
MX001,MX001-A24,MX001-A29
MX001,MX001-A24,MX001-A28
MX001,MX001-A24,MX001-A27
MX001,MX001-A24,MX001-A26
MX001,MX001-A24,MX001-A25
MX001,MX001-A25,MX001-A30
MX001,MX001-A25,MX001-A29
MX001,MX001-A25,MX001-A28
MX001,MX001-A25,MX001-A27
MX001,MX001-A25,MX001-A26
MX001,MX001-A26,MX001-A30
MX001,MX001-A26,MX001-A29
MX001,MX001-A26,MX001-A28
MX001,MX001-A26,MX001-A27
MX001,MX001-A27,MX001-A30
MX001,MX001-A27,MX001-A29
MX001,MX001-A27,MX001-A28
MX001,MX001-A28,MX001-A30
MX001,MX001-A28,MX001-A29
MX001,MX001-A29,MX001-A30
MX002,MX002-A01,MX002-A30
MX002,MX002-A01,MX002-A29
MX002,MX002-A01,MX002-A28
MX002,MX002-A01,MX002-A27
MX002,MX002-A01,MX002-A26
MX002,MX002-A01,MX002-A25
MX002,MX002-A01,MX002-A23
MX002,MX002-A01,MX002-A22
MX002,MX002-A01,MX002-A21
MX002,MX002-A01,MX002-A20
MX002,MX002-A01,MX002-A17
MX002,MX002-A01,MX002-A14
MX002,MX002-A01,MX002-A12
MX002,MX002-A01,MX002-A11
MX002,MX002-A01,MX002-A10
MX002,MX002-A01,MX002-A09
MX002,MX002-A01,MX002-A08
MX002,MX002-A01,MX002-A07
MX002,MX002-A01,MX002-A06
MX002,MX002-A01,MX002-A05
MX002,MX002-A01,MX002-A04
MX002,MX002-A01,MX002-A03
MX002,MX002-A01,MX002-A02
MX002,MX002-A02,MX002-A30
MX002,MX002-A02,MX002-A29
MX002,MX002-A02,MX002-A25
MX002,MX002-A02,MX002-A23
MX002,MX002-A02,MX002-A22
MX002,MX002-A02,MX002-A21
MX002,MX002-A02,MX002-A19
MX002,MX002-A02,MX002-A18
MX002,MX002-A02,MX002-A17
MX002,MX002-A02,MX002-A16
MX002,MX002-A02,MX002-A14
MX002,MX002-A02,MX002-A13
MX002,MX002-A02,MX002-A12
MX002,MX002-A02,MX002-A11
MX002,MX002-A02,MX002-A10
MX002,MX002-A02,MX002-A09
MX002,MX002-A02,MX002-A08
MX002,MX002-A02,MX002-A07
MX002,MX002-A02,MX002-A06
MX002,MX002-A02,MX002-A05
MX002,MX002-A02,MX002-A04
MX002,MX002-A02,MX002-A03
MX002,MX002-A03,MX002-A30
MX002,MX002-A03,MX002-A25
MX002,MX002-A03,MX002-A24
MX002,MX002-A03,MX002-A23
MX002,MX002-A03,MX002-A22
MX002,MX002-A03,MX002-A21
MX002,MX002-A03,MX002-A17
MX002,MX002-A03,MX002-A16
MX002,MX002-A03,MX002-A15
MX002,MX002-A03,MX002-A14
MX002,MX002-A03,MX002-A13
MX002,MX002-A03,MX002-A12
MX002,MX002-A03,MX002-A11
MX002,MX002-A03,MX002-A10
MX002,MX002-A03,MX002-A09
MX002,MX002-A03,MX002-A08
MX002,MX002-A03,MX002-A07
MX002,MX002-A03,MX002-A06
MX002,MX002-A03,MX002-A05
MX002,MX002-A03,MX002-A04
MX002,MX002-A04,MX002-A30
MX002,MX002-A04,MX002-A29
MX002,MX002-A04,MX002-A18
MX002,MX002-A04,MX002-A17
MX002,MX002-A05,MX002-A29
MX002,MX002-A05,MX002-A25
MX002,MX002-A05,MX002-A24
MX002,MX002-A05,MX002-A23
MX002,MX002-A05,MX002-A22
MX002,MX002-A05,MX002-A21
MX002,MX002-A05,MX002-A16
MX002,MX002-A05,MX002-A15
MX002,MX002-A05,MX002-A14
MX002,MX002-A05,MX002-A13
MX002,MX002-A05,MX002-A12
MX002,MX002-A05,MX002-A11
MX002,MX002-A05,MX002-A10
MX002,MX002-A05,MX002-A09
MX002,MX002-A05,MX002-A08
MX002,MX002-A05,MX002-A07
MX002,MX002-A05,MX002-A06
MX002,MX002-A06,MX002-A25
MX002,MX002-A06,MX002-A24
MX002,MX002-A06,MX002-A23
MX002,MX002-A06,MX002-A22
MX002,MX002-A06,MX002-A21
MX002,MX002-A06,MX002-A16
MX002,MX002-A06,MX002-A15
MX002,MX002-A06,MX002-A14
MX002,MX002-A06,MX002-A13
MX002,MX002-A06,MX002-A12
MX002,MX002-A06,MX002-A11
MX002,MX002-A06,MX002-A10
MX002,MX002-A06,MX002-A09
MX002,MX002-A06,MX002-A08
MX002,MX002-A06,MX002-A07
MX002,MX002-A07,MX002-A25
MX002,MX002-A07,MX002-A24
MX002,MX002-A07,MX002-A23
MX002,MX002-A07,MX002-A22
MX002,MX002-A07,MX002-A21
MX002,MX002-A07,MX002-A16
MX002,MX002-A07,MX002-A15
MX002,MX002-A07,MX002-A14
MX002,MX002-A07,MX002-A13
MX002,MX002-A07,MX002-A12
MX002,MX002-A07,MX002-A11
MX002,MX002-A07,MX002-A10
MX002,MX002-A07,MX002-A09
MX002,MX002-A07,MX002-A08
MX002,MX002-A08,MX002-A25
MX002,MX002-A08,MX002-A24
MX002,MX002-A08,MX002-A23
MX002,MX002-A08,MX002-A22
MX002,MX002-A08,MX002-A21
MX002,MX002-A08,MX002-A16
MX002,MX002-A08,MX002-A15
MX002,MX002-A08,MX002-A14
MX002,MX002-A08,MX002-A13
MX002,MX002-A08,MX002-A12
MX002,MX002-A08,MX002-A11
MX002,MX002-A08,MX002-A10
MX002,MX002-A08,MX002-A09
MX002,MX002-A09,MX002-A25
MX002,MX002-A09,MX002-A24
MX002,MX002-A09,MX002-A23
MX002,MX002-A09,MX002-A22
MX002,MX002-A09,MX002-A21
MX002,MX002-A09,MX002-A16
MX002,MX002-A09,MX002-A15
MX002,MX002-A09,MX002-A14
MX002,MX002-A09,MX002-A13
MX002,MX002-A09,MX002-A12
MX002,MX002-A09,MX002-A11
MX002,MX002-A09,MX002-A10
MX002,MX002-A10,MX002-A25
MX002,MX002-A10,MX002-A24
MX002,MX002-A10,MX002-A23
MX002,MX002-A10,MX002-A22
MX002,MX002-A10,MX002-A21
MX002,MX002-A10,MX002-A16
MX002,MX002-A10,MX002-A15
MX002,MX002-A10,MX002-A14
MX002,MX002-A10,MX002-A13
MX002,MX002-A10,MX002-A12
MX002,MX002-A10,MX002-A11
MX002,MX002-A11,MX002-A25
MX002,MX002-A11,MX002-A24
MX002,MX002-A11,MX002-A23
MX002,MX002-A11,MX002-A22
MX002,MX002-A11,MX002-A21
MX002,MX002-A11,MX002-A16
MX002,MX002-A11,MX002-A15
MX002,MX002-A11,MX002-A14
MX002,MX002-A11,MX002-A13
MX002,MX002-A11,MX002-A12
MX002,MX002-A12,MX002-A25
MX002,MX002-A12,MX002-A24
MX002,MX002-A12,MX002-A23
MX002,MX002-A12,MX002-A22
MX002,MX002-A12,MX002-A21
MX002,MX002-A12,MX002-A16
MX002,MX002-A12,MX002-A15
MX002,MX002-A12,MX002-A14
MX002,MX002-A12,MX002-A13
MX002,MX002-A13,MX002-A29
MX002,MX002-A13,MX002-A25
MX002,MX002-A13,MX002-A24
MX002,MX002-A13,MX002-A23
MX002,MX002-A13,MX002-A22
MX002,MX002-A13,MX002-A21
MX002,MX002-A13,MX002-A16
MX002,MX002-A13,MX002-A15
MX002,MX002-A13,MX002-A14
MX002,MX002-A14,MX002-A29
MX002,MX002-A14,MX002-A25
MX002,MX002-A14,MX002-A24
MX002,MX002-A14,MX002-A23
MX002,MX002-A14,MX002-A22
MX002,MX002-A14,MX002-A21
MX002,MX002-A14,MX002-A17
MX002,MX002-A14,MX002-A16
MX002,MX002-A14,MX002-A15
MX002,MX002-A15,MX002-A29
MX002,MX002-A15,MX002-A25
MX002,MX002-A15,MX002-A24
MX002,MX002-A15,MX002-A23
MX002,MX002-A15,MX002-A22
MX002,MX002-A15,MX002-A21
MX002,MX002-A15,MX002-A16
MX002,MX002-A16,MX002-A29
MX002,MX002-A16,MX002-A25
MX002,MX002-A16,MX002-A24
MX002,MX002-A16,MX002-A23
MX002,MX002-A16,MX002-A22
MX002,MX002-A16,MX002-A21
MX002,MX002-A17,MX002-A30
MX002,MX002-A17,MX002-A29
MX002,MX002-A17,MX002-A20
MX002,MX002-A17,MX002-A19
MX002,MX002-A17,MX002-A18
MX002,MX002-A18,MX002-A20
MX002,MX002-A18,MX002-A19
MX002,MX002-A20,MX002-A28
MX002,MX002-A20,MX002-A27
MX002,MX002-A20,MX002-A26
MX002,MX002-A21,MX002-A29
MX002,MX002-A21,MX002-A25
MX002,MX002-A21,MX002-A24
MX002,MX002-A21,MX002-A23
MX002,MX002-A21,MX002-A22
MX002,MX002-A22,MX002-A25
MX002,MX002-A22,MX002-A24
MX002,MX002-A22,MX002-A23
MX002,MX002-A23,MX002-A25
MX002,MX002-A23,MX002-A24
MX002,MX002-A24,MX002-A25
MX002,MX002-A26,MX002-A28
MX002,MX002-A26,MX002-A27
MX002,MX002-A27,MX002-A28
MX002,MX002-A29,MX002-A30
MX003,MX003-A01,MX003-A30
MX003,MX003-A01,MX003-A10
MX003,MX003-A01,MX003-A05
MX003,MX003-A01,MX003-A04
MX003,MX003-A01,MX003-A03
MX003,MX003-A01,MX003-A02
MX003,MX003-A02,MX003-A23
MX003,MX003-A02,MX003-A22
MX003,MX003-A02,MX003-A18
MX003,MX003-A02,MX003-A17
MX003,MX003-A02,MX003-A16
MX003,MX003-A02,MX003-A15
MX003,MX003-A02,MX003-A14
MX003,MX003-A02,MX003-A13
MX003,MX003-A02,MX003-A12
MX003,MX003-A02,MX003-A05
MX003,MX003-A02,MX003-A04
MX003,MX003-A02,MX003-A03
MX003,MX003-A03,MX003-A30
MX003,MX003-A03,MX003-A15
MX003,MX003-A03,MX003-A10
MX003,MX003-A03,MX003-A09
MX003,MX003-A03,MX003-A08
MX003,MX003-A03,MX003-A07
MX003,MX003-A03,MX003-A06
MX003,MX003-A03,MX003-A05
MX003,MX003-A03,MX003-A04
MX003,MX003-A04,MX003-A30
MX003,MX003-A04,MX003-A11
MX003,MX003-A04,MX003-A07
MX003,MX003-A04,MX003-A05
MX003,MX003-A05,MX003-A10
MX003,MX003-A05,MX003-A09
MX003,MX003-A06,MX003-A11
MX003,MX003-A06,MX003-A10
MX003,MX003-A06,MX003-A09
MX003,MX003-A06,MX003-A08
MX003,MX003-A06,MX003-A07
MX003,MX003-A07,MX003-A30
MX003,MX003-A07,MX003-A15
MX003,MX003-A07,MX003-A11
MX003,MX003-A07,MX003-A10
MX003,MX003-A07,MX003-A09
MX003,MX003-A07,MX003-A08
MX003,MX003-A08,MX003-A30
MX003,MX003-A08,MX003-A11
MX003,MX003-A08,MX003-A10
MX003,MX003-A08,MX003-A09
MX003,MX003-A09,MX003-A11
MX003,MX003-A09,MX003-A10
MX003,MX003-A10,MX003-A11
MX003,MX003-A12,MX003-A18
MX003,MX003-A12,MX003-A17
MX003,MX003-A12,MX003-A16
MX003,MX003-A12,MX003-A15
MX003,MX003-A12,MX003-A14
MX003,MX003-A12,MX003-A13
MX003,MX003-A13,MX003-A18
MX003,MX003-A13,MX003-A17
MX003,MX003-A13,MX003-A16
MX003,MX003-A13,MX003-A15
MX003,MX003-A13,MX003-A14
MX003,MX003-A14,MX003-A18
MX003,MX003-A14,MX003-A17
MX003,MX003-A14,MX003-A16
MX003,MX003-A14,MX003-A15
MX003,MX003-A15,MX003-A30
MX003,MX003-A15,MX003-A18
MX003,MX003-A15,MX003-A17
MX003,MX003-A15,MX003-A16
MX003,MX003-A16,MX003-A18
MX003,MX003-A16,MX003-A17
MX003,MX003-A17,MX003-A18
MX003,MX003-A19,MX003-A29
MX003,MX003-A19,MX003-A28
MX003,MX003-A19,MX003-A27
MX003,MX003-A19,MX003-A26
MX003,MX003-A19,MX003-A25
MX003,MX003-A19,MX003-A24
MX003,MX003-A19,MX003-A23
MX003,MX003-A19,MX003-A22
MX003,MX003-A19,MX003-A21
MX003,MX003-A19,MX003-A20
MX003,MX003-A20,MX003-A29
MX003,MX003-A20,MX003-A28
MX003,MX003-A20,MX003-A27
MX003,MX003-A20,MX003-A26
MX003,MX003-A20,MX003-A25
MX003,MX003-A20,MX003-A24
MX003,MX003-A20,MX003-A23
MX003,MX003-A20,MX003-A22
MX003,MX003-A20,MX003-A21
MX003,MX003-A21,MX003-A29
MX003,MX003-A21,MX003-A28
MX003,MX003-A21,MX003-A27
MX003,MX003-A21,MX003-A26
MX003,MX003-A21,MX003-A25
MX003,MX003-A21,MX003-A24
MX003,MX003-A21,MX003-A23
MX003,MX003-A21,MX003-A22
MX003,MX003-A22,MX003-A29
MX003,MX003-A22,MX003-A28
MX003,MX003-A22,MX003-A27
MX003,MX003-A22,MX003-A26
MX003,MX003-A22,MX003-A25
MX003,MX003-A22,MX003-A24
MX003,MX003-A22,MX003-A23
MX003,MX003-A23,MX003-A25
MX003,MX003-A23,MX003-A24
MX003,MX003-A24,MX003-A25
MX003,MX003-A26,MX003-A29
MX003,MX003-A26,MX003-A28
MX003,MX003-A26,MX003-A27
MX003,MX003-A27,MX003-A29
MX003,MX003-A27,MX003-A28
MX003,MX003-A28,MX003-A29
MX004,MX004-A01,MX004-A29
MX004,MX004-A01,MX004-A28
MX004,MX004-A01,MX004-A27
MX004,MX004-A01,MX004-A26
MX004,MX004-A01,MX004-A25
MX004,MX004-A01,MX004-A24
MX004,MX004-A01,MX004-A23
MX004,MX004-A01,MX004-A22
MX004,MX004-A01,MX004-A20
MX004,MX004-A01,MX004-A19
MX004,MX004-A01,MX004-A18
MX004,MX004-A01,MX004-A17
MX004,MX004-A01,MX004-A16
MX004,MX004-A01,MX004-A15
MX004,MX004-A01,MX004-A14
MX004,MX004-A01,MX004-A13
MX004,MX004-A01,MX004-A11
MX004,MX004-A01,MX004-A10
MX004,MX004-A01,MX004-A09
MX004,MX004-A01,MX004-A08
MX004,MX004-A01,MX004-A07
MX004,MX004-A01,MX004-A05
MX004,MX004-A01,MX004-A04
MX004,MX004-A01,MX004-A03
MX004,MX004-A02,MX004-A28
MX004,MX004-A02,MX004-A07
MX004,MX004-A02,MX004-A05
MX004,MX004-A02,MX004-A03
MX004,MX004-A03,MX004-A28
MX004,MX004-A03,MX004-A20
MX004,MX004-A03,MX004-A07
MX004,MX004-A03,MX004-A05
MX004,MX004-A03,MX004-A04
MX004,MX004-A04,MX004-A28
MX004,MX004-A04,MX004-A20
MX004,MX004-A04,MX004-A13
MX004,MX004-A04,MX004-A07
MX004,MX004-A04,MX004-A05
MX004,MX004-A05,MX004-A20
MX004,MX004-A05,MX004-A07
MX004,MX004-A06,MX004-A20
MX004,MX004-A06,MX004-A12
MX004,MX004-A07,MX004-A28
MX004,MX004-A08,MX004-A30
MX004,MX004-A08,MX004-A29
MX004,MX004-A08,MX004-A26
MX004,MX004-A08,MX004-A25
MX004,MX004-A08,MX004-A24
MX004,MX004-A08,MX004-A23
MX004,MX004-A08,MX004-A22
MX004,MX004-A08,MX004-A21
MX004,MX004-A08,MX004-A19
MX004,MX004-A08,MX004-A18
MX004,MX004-A08,MX004-A17
MX004,MX004-A08,MX004-A16
MX004,MX004-A08,MX004-A15
MX004,MX004-A08,MX004-A14
MX004,MX004-A08,MX004-A13
MX004,MX004-A08,MX004-A12
MX004,MX004-A08,MX004-A11
MX004,MX004-A08,MX004-A10
MX004,MX004-A08,MX004-A09
MX004,MX004-A09,MX004-A30
MX004,MX004-A09,MX004-A29
MX004,MX004-A09,MX004-A26
MX004,MX004-A09,MX004-A25
MX004,MX004-A09,MX004-A23
MX004,MX004-A09,MX004-A22
MX004,MX004-A09,MX004-A19
MX004,MX004-A09,MX004-A18
MX004,MX004-A09,MX004-A17
MX004,MX004-A09,MX004-A16
MX004,MX004-A09,MX004-A15
MX004,MX004-A09,MX004-A14
MX004,MX004-A09,MX004-A13
MX004,MX004-A09,MX004-A12
MX004,MX004-A09,MX004-A11
MX004,MX004-A09,MX004-A10
MX004,MX004-A10,MX004-A30
MX004,MX004-A10,MX004-A29
MX004,MX004-A10,MX004-A26
MX004,MX004-A10,MX004-A25
MX004,MX004-A10,MX004-A24
MX004,MX004-A10,MX004-A23
MX004,MX004-A10,MX004-A22
MX004,MX004-A10,MX004-A18
MX004,MX004-A10,MX004-A17
MX004,MX004-A10,MX004-A16
MX004,MX004-A10,MX004-A15
MX004,MX004-A10,MX004-A14
MX004,MX004-A10,MX004-A13
MX004,MX004-A10,MX004-A12
MX004,MX004-A10,MX004-A11
MX004,MX004-A11,MX004-A30
MX004,MX004-A11,MX004-A29
MX004,MX004-A11,MX004-A26
MX004,MX004-A11,MX004-A25
MX004,MX004-A11,MX004-A24
MX004,MX004-A11,MX004-A23
MX004,MX004-A11,MX004-A22
MX004,MX004-A11,MX004-A19
MX004,MX004-A11,MX004-A18
MX004,MX004-A11,MX004-A17
MX004,MX004-A11,MX004-A16
MX004,MX004-A11,MX004-A15
MX004,MX004-A11,MX004-A14
MX004,MX004-A11,MX004-A13
MX004,MX004-A11,MX004-A12
MX004,MX004-A12,MX004-A29
MX004,MX004-A12,MX004-A26
MX004,MX004-A12,MX004-A25
MX004,MX004-A12,MX004-A16
MX004,MX004-A12,MX004-A15
MX004,MX004-A12,MX004-A14
MX004,MX004-A13,MX004-A30
MX004,MX004-A13,MX004-A29
MX004,MX004-A13,MX004-A16
MX004,MX004-A13,MX004-A15
MX004,MX004-A13,MX004-A14
MX004,MX004-A14,MX004-A30
MX004,MX004-A14,MX004-A29
MX004,MX004-A14,MX004-A26
MX004,MX004-A14,MX004-A25
MX004,MX004-A14,MX004-A24
MX004,MX004-A14,MX004-A23
MX004,MX004-A14,MX004-A22
MX004,MX004-A14,MX004-A18
MX004,MX004-A14,MX004-A17
MX004,MX004-A14,MX004-A16
MX004,MX004-A14,MX004-A15
MX004,MX004-A15,MX004-A30
MX004,MX004-A15,MX004-A29
MX004,MX004-A15,MX004-A26
MX004,MX004-A15,MX004-A25
MX004,MX004-A15,MX004-A24
MX004,MX004-A15,MX004-A23
MX004,MX004-A15,MX004-A22
MX004,MX004-A15,MX004-A21
MX004,MX004-A15,MX004-A20
MX004,MX004-A15,MX004-A19
MX004,MX004-A15,MX004-A18
MX004,MX004-A15,MX004-A17
MX004,MX004-A15,MX004-A16
MX004,MX004-A16,MX004-A30
MX004,MX004-A16,MX004-A29
MX004,MX004-A16,MX004-A26
MX004,MX004-A16,MX004-A25
MX004,MX004-A16,MX004-A24
MX004,MX004-A16,MX004-A23
MX004,MX004-A16,MX004-A22
MX004,MX004-A16,MX004-A19
MX004,MX004-A16,MX004-A18
MX004,MX004-A16,MX004-A17
MX004,MX004-A17,MX004-A30
MX004,MX004-A17,MX004-A29
MX004,MX004-A17,MX004-A27
MX004,MX004-A17,MX004-A26
MX004,MX004-A17,MX004-A25
MX004,MX004-A17,MX004-A24
MX004,MX004-A17,MX004-A23
MX004,MX004-A17,MX004-A22
MX004,MX004-A17,MX004-A19
MX004,MX004-A17,MX004-A18
MX004,MX004-A18,MX004-A30
MX004,MX004-A18,MX004-A29
MX004,MX004-A18,MX004-A27
MX004,MX004-A18,MX004-A26
MX004,MX004-A18,MX004-A25
MX004,MX004-A18,MX004-A24
MX004,MX004-A18,MX004-A23
MX004,MX004-A18,MX004-A22
MX004,MX004-A18,MX004-A19
MX004,MX004-A19,MX004-A30
MX004,MX004-A19,MX004-A29
MX004,MX004-A19,MX004-A27
MX004,MX004-A19,MX004-A26
MX004,MX004-A19,MX004-A25
MX004,MX004-A19,MX004-A24
MX004,MX004-A19,MX004-A23
MX004,MX004-A19,MX004-A22
MX004,MX004-A20,MX004-A21
MX004,MX004-A22,MX004-A30
MX004,MX004-A22,MX004-A29
MX004,MX004-A22,MX004-A27
MX004,MX004-A22,MX004-A26
MX004,MX004-A22,MX004-A25
MX004,MX004-A22,MX004-A24
MX004,MX004-A22,MX004-A23
MX004,MX004-A23,MX004-A30
MX004,MX004-A23,MX004-A29
MX004,MX004-A23,MX004-A27
MX004,MX004-A23,MX004-A26
MX004,MX004-A23,MX004-A25
MX004,MX004-A23,MX004-A24
MX004,MX004-A24,MX004-A30
MX004,MX004-A24,MX004-A29
MX004,MX004-A24,MX004-A26
MX004,MX004-A24,MX004-A25
MX004,MX004-A25,MX004-A30
MX004,MX004-A25,MX004-A29
MX004,MX004-A25,MX004-A27
MX004,MX004-A25,MX004-A26
MX004,MX004-A26,MX004-A30
MX004,MX004-A26,MX004-A29
MX004,MX004-A26,MX004-A27
MX004,MX004-A29,MX004-A30
MX005,MX005-A01,MX005-A04
MX005,MX005-A01,MX005-A03
MX005,MX005-A01,MX005-A02
MX005,MX005-A02,MX005-A14
MX005,MX005-A02,MX005-A05
MX005,MX005-A02,MX005-A04
MX005,MX005-A03,MX005-A21
MX005,MX005-A03,MX005-A20
MX005,MX005-A03,MX005-A18
MX005,MX005-A03,MX005-A14
MX005,MX005-A03,MX005-A06
MX005,MX005-A03,MX005-A04
MX005,MX005-A04,MX005-A30
MX005,MX005-A04,MX005-A29
MX005,MX005-A04,MX005-A28
MX005,MX005-A04,MX005-A27
MX005,MX005-A04,MX005-A26
MX005,MX005-A04,MX005-A25
MX005,MX005-A04,MX005-A24
MX005,MX005-A04,MX005-A23
MX005,MX005-A04,MX005-A22
MX005,MX005-A04,MX005-A17
MX005,MX005-A04,MX005-A12
MX005,MX005-A04,MX005-A11
MX005,MX005-A04,MX005-A10
MX005,MX005-A04,MX005-A09
MX005,MX005-A04,MX005-A08
MX005,MX005-A04,MX005-A07
MX005,MX005-A04,MX005-A06
MX005,MX005-A04,MX005-A05
MX005,MX005-A05,MX005-A30
MX005,MX005-A05,MX005-A29
MX005,MX005-A05,MX005-A28
MX005,MX005-A05,MX005-A27
MX005,MX005-A05,MX005-A26
MX005,MX005-A05,MX005-A25
MX005,MX005-A05,MX005-A24
MX005,MX005-A05,MX005-A23
MX005,MX005-A05,MX005-A22
MX005,MX005-A05,MX005-A21
MX005,MX005-A05,MX005-A20
MX005,MX005-A05,MX005-A19
MX005,MX005-A05,MX005-A18
MX005,MX005-A05,MX005-A17
MX005,MX005-A05,MX005-A16
MX005,MX005-A05,MX005-A15
MX005,MX005-A05,MX005-A14
MX005,MX005-A05,MX005-A13
MX005,MX005-A05,MX005-A12
MX005,MX005-A05,MX005-A11
MX005,MX005-A05,MX005-A10
MX005,MX005-A05,MX005-A09
MX005,MX005-A05,MX005-A08
MX005,MX005-A05,MX005-A07
MX005,MX005-A05,MX005-A06
MX005,MX005-A06,MX005-A30
MX005,MX005-A06,MX005-A29
MX005,MX005-A06,MX005-A28
MX005,MX005-A06,MX005-A27
MX005,MX005-A06,MX005-A26
MX005,MX005-A06,MX005-A25
MX005,MX005-A06,MX005-A24
MX005,MX005-A06,MX005-A21
MX005,MX005-A06,MX005-A18
MX005,MX005-A06,MX005-A14
MX005,MX005-A06,MX005-A12
MX005,MX005-A06,MX005-A10
MX005,MX005-A06,MX005-A09
MX005,MX005-A06,MX005-A08
MX005,MX005-A06,MX005-A07
MX005,MX005-A07,MX005-A30
MX005,MX005-A07,MX005-A29
MX005,MX005-A07,MX005-A28
MX005,MX005-A07,MX005-A27
MX005,MX005-A07,MX005-A26
MX005,MX005-A07,MX005-A14
MX005,MX005-A07,MX005-A10
MX005,MX005-A07,MX005-A09
MX005,MX005-A07,MX005-A08
MX005,MX005-A08,MX005-A30
MX005,MX005-A08,MX005-A29
MX005,MX005-A08,MX005-A28
MX005,MX005-A08,MX005-A27
MX005,MX005-A08,MX005-A26
MX005,MX005-A08,MX005-A25
MX005,MX005-A08,MX005-A24
MX005,MX005-A08,MX005-A12
MX005,MX005-A08,MX005-A11
MX005,MX005-A08,MX005-A10
MX005,MX005-A08,MX005-A09
MX005,MX005-A09,MX005-A30
MX005,MX005-A09,MX005-A29
MX005,MX005-A09,MX005-A28
MX005,MX005-A09,MX005-A27
MX005,MX005-A09,MX005-A26
MX005,MX005-A09,MX005-A25
MX005,MX005-A09,MX005-A11
MX005,MX005-A09,MX005-A10
MX005,MX005-A10,MX005-A30
MX005,MX005-A10,MX005-A29
MX005,MX005-A10,MX005-A28
MX005,MX005-A10,MX005-A27
MX005,MX005-A10,MX005-A26
MX005,MX005-A10,MX005-A25
MX005,MX005-A10,MX005-A24
MX005,MX005-A10,MX005-A13
MX005,MX005-A10,MX005-A12
MX005,MX005-A10,MX005-A11
MX005,MX005-A11,MX005-A30
MX005,MX005-A11,MX005-A29
MX005,MX005-A11,MX005-A28
MX005,MX005-A11,MX005-A27
MX005,MX005-A11,MX005-A26
MX005,MX005-A11,MX005-A25
MX005,MX005-A11,MX005-A24
MX005,MX005-A11,MX005-A12
MX005,MX005-A12,MX005-A30
MX005,MX005-A12,MX005-A29
MX005,MX005-A12,MX005-A28
MX005,MX005-A12,MX005-A27
MX005,MX005-A12,MX005-A26
MX005,MX005-A12,MX005-A25
MX005,MX005-A12,MX005-A24
MX005,MX005-A12,MX005-A14
MX005,MX005-A12,MX005-A13
MX005,MX005-A13,MX005-A30
MX005,MX005-A13,MX005-A29
MX005,MX005-A13,MX005-A28
MX005,MX005-A13,MX005-A27
MX005,MX005-A13,MX005-A26
MX005,MX005-A13,MX005-A25
MX005,MX005-A13,MX005-A24
MX005,MX005-A13,MX005-A14
MX005,MX005-A14,MX005-A30
MX005,MX005-A14,MX005-A29
MX005,MX005-A14,MX005-A28
MX005,MX005-A14,MX005-A27
MX005,MX005-A14,MX005-A26
MX005,MX005-A14,MX005-A25
MX005,MX005-A14,MX005-A24
MX005,MX005-A15,MX005-A23
MX005,MX005-A15,MX005-A22
MX005,MX005-A15,MX005-A21
MX005,MX005-A15,MX005-A20
MX005,MX005-A15,MX005-A19
MX005,MX005-A15,MX005-A18
MX005,MX005-A15,MX005-A17
MX005,MX005-A15,MX005-A16
MX005,MX005-A16,MX005-A22
MX005,MX005-A16,MX005-A21
MX005,MX005-A16,MX005-A20
MX005,MX005-A16,MX005-A19
MX005,MX005-A16,MX005-A18
MX005,MX005-A16,MX005-A17
MX005,MX005-A17,MX005-A30
MX005,MX005-A17,MX005-A29
MX005,MX005-A17,MX005-A28
MX005,MX005-A17,MX005-A27
MX005,MX005-A17,MX005-A26
MX005,MX005-A17,MX005-A25
MX005,MX005-A17,MX005-A24
MX005,MX005-A18,MX005-A23
MX005,MX005-A18,MX005-A22
MX005,MX005-A18,MX005-A21
MX005,MX005-A18,MX005-A20
MX005,MX005-A18,MX005-A19
MX005,MX005-A19,MX005-A23
MX005,MX005-A19,MX005-A22
MX005,MX005-A19,MX005-A21
MX005,MX005-A19,MX005-A20
MX005,MX005-A20,MX005-A23
MX005,MX005-A20,MX005-A22
MX005,MX005-A20,MX005-A21
MX005,MX005-A21,MX005-A23
MX005,MX005-A21,MX005-A22
MX005,MX005-A22,MX005-A30
MX005,MX005-A22,MX005-A29
MX005,MX005-A22,MX005-A28
MX005,MX005-A22,MX005-A27
MX005,MX005-A22,MX005-A26
MX005,MX005-A22,MX005-A25
MX005,MX005-A22,MX005-A24
MX005,MX005-A22,MX005-A23
MX005,MX005-A23,MX005-A30
MX005,MX005-A23,MX005-A29
MX005,MX005-A23,MX005-A28
MX005,MX005-A23,MX005-A27
MX005,MX005-A23,MX005-A26
MX005,MX005-A23,MX005-A25
MX005,MX005-A23,MX005-A24
MX005,MX005-A24,MX005-A30
MX005,MX005-A24,MX005-A29
MX005,MX005-A24,MX005-A28
MX005,MX005-A24,MX005-A27
MX005,MX005-A24,MX005-A26
MX005,MX005-A24,MX005-A25
MX005,MX005-A25,MX005-A30
MX005,MX005-A25,MX005-A29
MX005,MX005-A25,MX005-A28
MX005,MX005-A25,MX005-A27
MX005,MX005-A25,MX005-A26
MX005,MX005-A26,MX005-A30
MX005,MX005-A26,MX005-A29
MX005,MX005-A26,MX005-A28
MX005,MX005-A26,MX005-A27
MX005,MX005-A27,MX005-A30
MX005,MX005-A27,MX005-A29
MX005,MX005-A27,MX005-A28
MX005,MX005-A28,MX005-A30
MX005,MX005-A28,MX005-A29
MX005,MX005-A29,MX005-A30
MX006,MX006-A01,MX006-A25
MX006,MX006-A01,MX006-A23
MX006,MX006-A01,MX006-A22
MX006,MX006-A01,MX006-A18
MX006,MX006-A01,MX006-A11
MX006,MX006-A01,MX006-A10
MX006,MX006-A01,MX006-A09
MX006,MX006-A01,MX006-A08
MX006,MX006-A01,MX006-A07
MX006,MX006-A01,MX006-A06
MX006,MX006-A01,MX006-A03
MX006,MX006-A01,MX006-A02
MX006,MX006-A02,MX006-A30
MX006,MX006-A02,MX006-A29
MX006,MX006-A02,MX006-A24
MX006,MX006-A02,MX006-A23
MX006,MX006-A02,MX006-A22
MX006,MX006-A02,MX006-A21
MX006,MX006-A02,MX006-A20
MX006,MX006-A02,MX006-A19
MX006,MX006-A02,MX006-A18
MX006,MX006-A02,MX006-A17
MX006,MX006-A02,MX006-A16
MX006,MX006-A02,MX006-A15
MX006,MX006-A02,MX006-A14
MX006,MX006-A02,MX006-A13
MX006,MX006-A02,MX006-A12
MX006,MX006-A02,MX006-A11
MX006,MX006-A02,MX006-A07
MX006,MX006-A02,MX006-A06
MX006,MX006-A02,MX006-A05
MX006,MX006-A02,MX006-A04
MX006,MX006-A02,MX006-A03
MX006,MX006-A03,MX006-A30
MX006,MX006-A03,MX006-A29
MX006,MX006-A03,MX006-A17
MX006,MX006-A03,MX006-A16
MX006,MX006-A03,MX006-A15
MX006,MX006-A03,MX006-A14
MX006,MX006-A03,MX006-A13
MX006,MX006-A03,MX006-A12
MX006,MX006-A03,MX006-A11
MX006,MX006-A03,MX006-A07
MX006,MX006-A03,MX006-A06
MX006,MX006-A03,MX006-A05
MX006,MX006-A03,MX006-A04
MX006,MX006-A04,MX006-A30
MX006,MX006-A04,MX006-A29
MX006,MX006-A04,MX006-A17
MX006,MX006-A04,MX006-A16
MX006,MX006-A04,MX006-A15
MX006,MX006-A04,MX006-A14
MX006,MX006-A04,MX006-A13
MX006,MX006-A04,MX006-A12
MX006,MX006-A04,MX006-A11
MX006,MX006-A04,MX006-A06
MX006,MX006-A04,MX006-A05
MX006,MX006-A05,MX006-A30
MX006,MX006-A05,MX006-A29
MX006,MX006-A05,MX006-A16
MX006,MX006-A05,MX006-A15
MX006,MX006-A05,MX006-A14
MX006,MX006-A05,MX006-A13
MX006,MX006-A05,MX006-A12
MX006,MX006-A05,MX006-A11
MX006,MX006-A05,MX006-A06
MX006,MX006-A06,MX006-A30
MX006,MX006-A06,MX006-A29
MX006,MX006-A06,MX006-A17
MX006,MX006-A06,MX006-A16
MX006,MX006-A06,MX006-A15
MX006,MX006-A06,MX006-A14
MX006,MX006-A06,MX006-A13
MX006,MX006-A06,MX006-A12
MX006,MX006-A06,MX006-A11
MX006,MX006-A07,MX006-A28
MX006,MX006-A07,MX006-A27
MX006,MX006-A07,MX006-A26
MX006,MX006-A07,MX006-A25
MX006,MX006-A07,MX006-A22
MX006,MX006-A07,MX006-A10
MX006,MX006-A07,MX006-A09
MX006,MX006-A07,MX006-A08
MX006,MX006-A08,MX006-A25
MX006,MX006-A08,MX006-A22
MX006,MX006-A08,MX006-A10
MX006,MX006-A08,MX006-A09
MX006,MX006-A09,MX006-A25
MX006,MX006-A09,MX006-A22
MX006,MX006-A09,MX006-A10
MX006,MX006-A10,MX006-A25
MX006,MX006-A10,MX006-A22
MX006,MX006-A11,MX006-A30
MX006,MX006-A11,MX006-A29
MX006,MX006-A11,MX006-A24
MX006,MX006-A11,MX006-A23
MX006,MX006-A11,MX006-A22
MX006,MX006-A11,MX006-A17
MX006,MX006-A11,MX006-A16
MX006,MX006-A11,MX006-A15
MX006,MX006-A11,MX006-A14
MX006,MX006-A11,MX006-A13
MX006,MX006-A11,MX006-A12
MX006,MX006-A12,MX006-A30
MX006,MX006-A12,MX006-A29
MX006,MX006-A12,MX006-A17
MX006,MX006-A12,MX006-A16
MX006,MX006-A12,MX006-A15
MX006,MX006-A12,MX006-A14
MX006,MX006-A12,MX006-A13
MX006,MX006-A13,MX006-A30
MX006,MX006-A13,MX006-A29
MX006,MX006-A13,MX006-A17
MX006,MX006-A13,MX006-A16
MX006,MX006-A13,MX006-A15
MX006,MX006-A13,MX006-A14
MX006,MX006-A14,MX006-A30
MX006,MX006-A14,MX006-A29
MX006,MX006-A14,MX006-A17
MX006,MX006-A14,MX006-A16
MX006,MX006-A14,MX006-A15
MX006,MX006-A15,MX006-A30
MX006,MX006-A15,MX006-A29
MX006,MX006-A15,MX006-A17
MX006,MX006-A15,MX006-A16
MX006,MX006-A16,MX006-A30
MX006,MX006-A16,MX006-A29
MX006,MX006-A16,MX006-A17
MX006,MX006-A17,MX006-A30
MX006,MX006-A17,MX006-A29
MX006,MX006-A18,MX006-A21
MX006,MX006-A18,MX006-A20
MX006,MX006-A18,MX006-A19
MX006,MX006-A19,MX006-A24
MX006,MX006-A19,MX006-A22
MX006,MX006-A19,MX006-A21
MX006,MX006-A19,MX006-A20
MX006,MX006-A20,MX006-A24
MX006,MX006-A20,MX006-A21
MX006,MX006-A21,MX006-A29
MX006,MX006-A21,MX006-A24
MX006,MX006-A22,MX006-A24
MX006,MX006-A22,MX006-A23
MX006,MX006-A23,MX006-A24
MX006,MX006-A26,MX006-A28
MX006,MX006-A26,MX006-A27
MX006,MX006-A27,MX006-A28
MX006,MX006-A29,MX006-A30
MX007,MX007-A01,MX007-A23
MX007,MX007-A01,MX007-A21
MX007,MX007-A01,MX007-A14
MX007,MX007-A01,MX007-A13
MX007,MX007-A01,MX007-A12
MX007,MX007-A01,MX007-A11
MX007,MX007-A01,MX007-A06
MX007,MX007-A02,MX007-A30
MX007,MX007-A02,MX007-A28
MX007,MX007-A02,MX007-A27
MX007,MX007-A02,MX007-A25
MX007,MX007-A02,MX007-A09
MX007,MX007-A02,MX007-A08
MX007,MX007-A02,MX007-A05
MX007,MX007-A02,MX007-A04
MX007,MX007-A02,MX007-A03
MX007,MX007-A03,MX007-A30
MX007,MX007-A03,MX007-A28
MX007,MX007-A03,MX007-A27
MX007,MX007-A03,MX007-A25
MX007,MX007-A03,MX007-A14
MX007,MX007-A03,MX007-A13
MX007,MX007-A03,MX007-A09
MX007,MX007-A03,MX007-A08
MX007,MX007-A03,MX007-A05
MX007,MX007-A03,MX007-A04
MX007,MX007-A04,MX007-A30
MX007,MX007-A04,MX007-A28
MX007,MX007-A04,MX007-A27
MX007,MX007-A04,MX007-A25
MX007,MX007-A04,MX007-A09
MX007,MX007-A04,MX007-A08
MX007,MX007-A04,MX007-A05
MX007,MX007-A05,MX007-A30
MX007,MX007-A05,MX007-A28
MX007,MX007-A05,MX007-A27
MX007,MX007-A05,MX007-A25
MX007,MX007-A05,MX007-A09
MX007,MX007-A05,MX007-A08
MX007,MX007-A06,MX007-A26
MX007,MX007-A06,MX007-A23
MX007,MX007-A06,MX007-A21
MX007,MX007-A06,MX007-A14
MX007,MX007-A06,MX007-A13
MX007,MX007-A06,MX007-A11
MX007,MX007-A07,MX007-A26
MX007,MX007-A07,MX007-A24
MX007,MX007-A07,MX007-A21
MX007,MX007-A07,MX007-A14
MX007,MX007-A07,MX007-A13
MX007,MX007-A07,MX007-A12
MX007,MX007-A07,MX007-A11
MX007,MX007-A08,MX007-A30
MX007,MX007-A08,MX007-A28
MX007,MX007-A08,MX007-A27
MX007,MX007-A08,MX007-A25
MX007,MX007-A08,MX007-A09
MX007,MX007-A09,MX007-A30
MX007,MX007-A09,MX007-A28
MX007,MX007-A09,MX007-A27
MX007,MX007-A09,MX007-A25
MX007,MX007-A11,MX007-A26
MX007,MX007-A11,MX007-A24
MX007,MX007-A11,MX007-A14
MX007,MX007-A11,MX007-A13
MX007,MX007-A11,MX007-A12
MX007,MX007-A12,MX007-A26
MX007,MX007-A12,MX007-A24
MX007,MX007-A12,MX007-A21
MX007,MX007-A12,MX007-A14
MX007,MX007-A12,MX007-A13
MX007,MX007-A13,MX007-A29
MX007,MX007-A13,MX007-A26
MX007,MX007-A13,MX007-A24
MX007,MX007-A13,MX007-A23
MX007,MX007-A13,MX007-A21
MX007,MX007-A13,MX007-A19
MX007,MX007-A13,MX007-A14
MX007,MX007-A14,MX007-A29
MX007,MX007-A14,MX007-A26
MX007,MX007-A14,MX007-A25
MX007,MX007-A14,MX007-A24
MX007,MX007-A14,MX007-A23
MX007,MX007-A14,MX007-A21
MX007,MX007-A15,MX007-A17
MX007,MX007-A15,MX007-A16
MX007,MX007-A16,MX007-A17
MX007,MX007-A21,MX007-A29
MX007,MX007-A21,MX007-A26
MX007,MX007-A21,MX007-A24
MX007,MX007-A21,MX007-A23
MX007,MX007-A23,MX007-A24
MX007,MX007-A24,MX007-A26
MX007,MX007-A25,MX007-A30
MX007,MX007-A25,MX007-A28
MX007,MX007-A25,MX007-A27
MX007,MX007-A27,MX007-A30
MX007,MX007-A27,MX007-A28
MX007,MX007-A28,MX007-A30
MX008,MX008-A01,MX008-A26
MX008,MX008-A01,MX008-A24
MX008,MX008-A01,MX008-A23
MX008,MX008-A01,MX008-A20
MX008,MX008-A01,MX008-A19
MX008,MX008-A01,MX008-A18
MX008,MX008-A01,MX008-A17
MX008,MX008-A01,MX008-A16
MX008,MX008-A01,MX008-A15
MX008,MX008-A01,MX008-A14
MX008,MX008-A01,MX008-A13
MX008,MX008-A01,MX008-A12
MX008,MX008-A01,MX008-A11
MX008,MX008-A01,MX008-A10
MX008,MX008-A01,MX008-A08
MX008,MX008-A01,MX008-A07
MX008,MX008-A01,MX008-A06
MX008,MX008-A01,MX008-A05
MX008,MX008-A01,MX008-A04
MX008,MX008-A01,MX008-A03
MX008,MX008-A01,MX008-A02
MX008,MX008-A02,MX008-A26
MX008,MX008-A02,MX008-A24
MX008,MX008-A02,MX008-A23
MX008,MX008-A02,MX008-A20
MX008,MX008-A02,MX008-A19
MX008,MX008-A02,MX008-A18
MX008,MX008-A02,MX008-A17
MX008,MX008-A02,MX008-A16
MX008,MX008-A02,MX008-A15
MX008,MX008-A02,MX008-A14
MX008,MX008-A02,MX008-A13
MX008,MX008-A02,MX008-A12
MX008,MX008-A02,MX008-A11
MX008,MX008-A02,MX008-A10
MX008,MX008-A02,MX008-A08
MX008,MX008-A02,MX008-A07
MX008,MX008-A02,MX008-A06
MX008,MX008-A02,MX008-A05
MX008,MX008-A02,MX008-A04
MX008,MX008-A02,MX008-A03
MX008,MX008-A03,MX008-A26
MX008,MX008-A03,MX008-A24
MX008,MX008-A03,MX008-A23
MX008,MX008-A03,MX008-A20
MX008,MX008-A03,MX008-A19
MX008,MX008-A03,MX008-A18
MX008,MX008-A03,MX008-A17
MX008,MX008-A03,MX008-A16
MX008,MX008-A03,MX008-A15
MX008,MX008-A03,MX008-A14
MX008,MX008-A03,MX008-A13
MX008,MX008-A03,MX008-A12
MX008,MX008-A03,MX008-A11
MX008,MX008-A03,MX008-A10
MX008,MX008-A03,MX008-A08
MX008,MX008-A03,MX008-A07
MX008,MX008-A03,MX008-A06
MX008,MX008-A03,MX008-A05
MX008,MX008-A03,MX008-A04
MX008,MX008-A04,MX008-A26
MX008,MX008-A04,MX008-A24
MX008,MX008-A04,MX008-A23
MX008,MX008-A04,MX008-A20
MX008,MX008-A04,MX008-A19
MX008,MX008-A04,MX008-A18
MX008,MX008-A04,MX008-A17
MX008,MX008-A04,MX008-A16
MX008,MX008-A04,MX008-A15
MX008,MX008-A04,MX008-A14
MX008,MX008-A04,MX008-A13
MX008,MX008-A04,MX008-A11
MX008,MX008-A04,MX008-A10
MX008,MX008-A04,MX008-A08
MX008,MX008-A04,MX008-A07
MX008,MX008-A04,MX008-A06
MX008,MX008-A04,MX008-A05
MX008,MX008-A05,MX008-A24
MX008,MX008-A05,MX008-A20
MX008,MX008-A05,MX008-A19
MX008,MX008-A05,MX008-A18
MX008,MX008-A05,MX008-A16
MX008,MX008-A05,MX008-A15
MX008,MX008-A05,MX008-A14
MX008,MX008-A05,MX008-A13
MX008,MX008-A05,MX008-A11
MX008,MX008-A05,MX008-A10
MX008,MX008-A05,MX008-A08
MX008,MX008-A05,MX008-A07
MX008,MX008-A05,MX008-A06
MX008,MX008-A06,MX008-A24
MX008,MX008-A06,MX008-A20
MX008,MX008-A06,MX008-A19
MX008,MX008-A06,MX008-A18
MX008,MX008-A06,MX008-A17
MX008,MX008-A06,MX008-A16
MX008,MX008-A06,MX008-A15
MX008,MX008-A06,MX008-A14
MX008,MX008-A06,MX008-A13
MX008,MX008-A06,MX008-A11
MX008,MX008-A06,MX008-A10
MX008,MX008-A06,MX008-A08
MX008,MX008-A06,MX008-A07
MX008,MX008-A07,MX008-A25
MX008,MX008-A07,MX008-A20
MX008,MX008-A07,MX008-A19
MX008,MX008-A07,MX008-A18
MX008,MX008-A07,MX008-A17
MX008,MX008-A07,MX008-A16
MX008,MX008-A07,MX008-A15
MX008,MX008-A07,MX008-A14
MX008,MX008-A07,MX008-A13
MX008,MX008-A07,MX008-A11
MX008,MX008-A07,MX008-A10
MX008,MX008-A07,MX008-A08
MX008,MX008-A08,MX008-A24
MX008,MX008-A08,MX008-A23
MX008,MX008-A08,MX008-A20
MX008,MX008-A08,MX008-A19
MX008,MX008-A08,MX008-A18
MX008,MX008-A08,MX008-A17
MX008,MX008-A08,MX008-A16
MX008,MX008-A08,MX008-A15
MX008,MX008-A08,MX008-A14
MX008,MX008-A08,MX008-A13
MX008,MX008-A08,MX008-A11
MX008,MX008-A08,MX008-A10
MX008,MX008-A09,MX008-A30
MX008,MX008-A09,MX008-A29
MX008,MX008-A10,MX008-A24
MX008,MX008-A10,MX008-A20
MX008,MX008-A10,MX008-A19
MX008,MX008-A10,MX008-A17
MX008,MX008-A10,MX008-A16
MX008,MX008-A10,MX008-A15
MX008,MX008-A10,MX008-A14
MX008,MX008-A10,MX008-A13
MX008,MX008-A10,MX008-A11
MX008,MX008-A11,MX008-A24
MX008,MX008-A11,MX008-A23
MX008,MX008-A11,MX008-A20
MX008,MX008-A11,MX008-A19
MX008,MX008-A11,MX008-A18
MX008,MX008-A11,MX008-A17
MX008,MX008-A11,MX008-A16
MX008,MX008-A11,MX008-A15
MX008,MX008-A11,MX008-A14
MX008,MX008-A11,MX008-A13
MX008,MX008-A13,MX008-A24
MX008,MX008-A13,MX008-A23
MX008,MX008-A13,MX008-A20
MX008,MX008-A13,MX008-A19
MX008,MX008-A13,MX008-A18
MX008,MX008-A13,MX008-A17
MX008,MX008-A13,MX008-A16
MX008,MX008-A13,MX008-A15
MX008,MX008-A13,MX008-A14
MX008,MX008-A14,MX008-A24
MX008,MX008-A14,MX008-A20
MX008,MX008-A14,MX008-A19
MX008,MX008-A14,MX008-A18
MX008,MX008-A14,MX008-A17
MX008,MX008-A14,MX008-A16
MX008,MX008-A14,MX008-A15
MX008,MX008-A15,MX008-A24
MX008,MX008-A15,MX008-A20
MX008,MX008-A15,MX008-A19
MX008,MX008-A15,MX008-A18
MX008,MX008-A15,MX008-A17
MX008,MX008-A15,MX008-A16
MX008,MX008-A16,MX008-A26
MX008,MX008-A16,MX008-A24
MX008,MX008-A16,MX008-A23
MX008,MX008-A16,MX008-A20
MX008,MX008-A16,MX008-A19
MX008,MX008-A16,MX008-A18
MX008,MX008-A16,MX008-A17
MX008,MX008-A17,MX008-A24
MX008,MX008-A17,MX008-A20
MX008,MX008-A17,MX008-A19
MX008,MX008-A17,MX008-A18
MX008,MX008-A19,MX008-A24
MX008,MX008-A19,MX008-A20
MX008,MX008-A20,MX008-A24
MX008,MX008-A21,MX008-A22
MX008,MX008-A23,MX008-A26
MX008,MX008-A29,MX008-A30
MX009,MX009-A01,MX009-A30
MX009,MX009-A01,MX009-A29
MX009,MX009-A01,MX009-A28
MX009,MX009-A01,MX009-A27
MX009,MX009-A01,MX009-A26
MX009,MX009-A01,MX009-A25
MX009,MX009-A01,MX009-A24
MX009,MX009-A01,MX009-A23
MX009,MX009-A01,MX009-A22
MX009,MX009-A01,MX009-A21
MX009,MX009-A01,MX009-A20
MX009,MX009-A01,MX009-A19
MX009,MX009-A01,MX009-A18
MX009,MX009-A01,MX009-A17
MX009,MX009-A01,MX009-A16
MX009,MX009-A01,MX009-A15
MX009,MX009-A01,MX009-A14
MX009,MX009-A01,MX009-A13
MX009,MX009-A01,MX009-A12
MX009,MX009-A01,MX009-A11
MX009,MX009-A01,MX009-A10
MX009,MX009-A01,MX009-A09
MX009,MX009-A01,MX009-A08
MX009,MX009-A01,MX009-A07
MX009,MX009-A01,MX009-A06
MX009,MX009-A01,MX009-A05
MX009,MX009-A01,MX009-A04
MX009,MX009-A01,MX009-A03
MX009,MX009-A01,MX009-A02
MX009,MX009-A02,MX009-A30
MX009,MX009-A02,MX009-A29
MX009,MX009-A02,MX009-A28
MX009,MX009-A02,MX009-A27
MX009,MX009-A02,MX009-A25
MX009,MX009-A02,MX009-A24
MX009,MX009-A02,MX009-A23
MX009,MX009-A02,MX009-A22
MX009,MX009-A02,MX009-A21
MX009,MX009-A02,MX009-A20
MX009,MX009-A02,MX009-A19
MX009,MX009-A02,MX009-A18
MX009,MX009-A02,MX009-A17
MX009,MX009-A02,MX009-A16
MX009,MX009-A02,MX009-A15
MX009,MX009-A02,MX009-A14
MX009,MX009-A02,MX009-A13
MX009,MX009-A02,MX009-A12
MX009,MX009-A02,MX009-A11
MX009,MX009-A02,MX009-A10
MX009,MX009-A02,MX009-A09
MX009,MX009-A02,MX009-A08
MX009,MX009-A02,MX009-A07
MX009,MX009-A02,MX009-A06
MX009,MX009-A02,MX009-A05
MX009,MX009-A02,MX009-A04
MX009,MX009-A02,MX009-A03
MX009,MX009-A03,MX009-A30
MX009,MX009-A03,MX009-A29
MX009,MX009-A03,MX009-A28
MX009,MX009-A03,MX009-A27
MX009,MX009-A03,MX009-A26
MX009,MX009-A03,MX009-A20
MX009,MX009-A03,MX009-A19
MX009,MX009-A03,MX009-A18
MX009,MX009-A03,MX009-A17
MX009,MX009-A03,MX009-A16
MX009,MX009-A03,MX009-A15
MX009,MX009-A03,MX009-A14
MX009,MX009-A03,MX009-A13
MX009,MX009-A03,MX009-A12
MX009,MX009-A03,MX009-A11
MX009,MX009-A03,MX009-A08
MX009,MX009-A03,MX009-A07
MX009,MX009-A03,MX009-A06
MX009,MX009-A03,MX009-A05
MX009,MX009-A03,MX009-A04
MX009,MX009-A04,MX009-A30
MX009,MX009-A04,MX009-A29
MX009,MX009-A04,MX009-A28
MX009,MX009-A04,MX009-A27
MX009,MX009-A04,MX009-A26
MX009,MX009-A04,MX009-A25
MX009,MX009-A04,MX009-A20
MX009,MX009-A04,MX009-A19
MX009,MX009-A04,MX009-A18
MX009,MX009-A04,MX009-A17
MX009,MX009-A04,MX009-A16
MX009,MX009-A04,MX009-A15
MX009,MX009-A04,MX009-A14
MX009,MX009-A04,MX009-A13
MX009,MX009-A04,MX009-A12
MX009,MX009-A04,MX009-A07
MX009,MX009-A04,MX009-A06
MX009,MX009-A04,MX009-A05
MX009,MX009-A05,MX009-A30
MX009,MX009-A05,MX009-A29
MX009,MX009-A05,MX009-A28
MX009,MX009-A05,MX009-A27
MX009,MX009-A05,MX009-A26
MX009,MX009-A05,MX009-A25
MX009,MX009-A05,MX009-A24
MX009,MX009-A05,MX009-A23
MX009,MX009-A05,MX009-A21
MX009,MX009-A05,MX009-A20
MX009,MX009-A05,MX009-A19
MX009,MX009-A05,MX009-A18
MX009,MX009-A05,MX009-A17
MX009,MX009-A05,MX009-A16
MX009,MX009-A05,MX009-A15
MX009,MX009-A05,MX009-A14
MX009,MX009-A05,MX009-A13
MX009,MX009-A05,MX009-A12
MX009,MX009-A05,MX009-A11
MX009,MX009-A05,MX009-A08
MX009,MX009-A05,MX009-A07
MX009,MX009-A05,MX009-A06
MX009,MX009-A06,MX009-A30
MX009,MX009-A06,MX009-A29
MX009,MX009-A06,MX009-A28
MX009,MX009-A06,MX009-A27
MX009,MX009-A06,MX009-A26
MX009,MX009-A06,MX009-A20
MX009,MX009-A06,MX009-A19
MX009,MX009-A06,MX009-A18
MX009,MX009-A06,MX009-A17
MX009,MX009-A06,MX009-A16
MX009,MX009-A06,MX009-A15
MX009,MX009-A06,MX009-A14
MX009,MX009-A06,MX009-A13
MX009,MX009-A06,MX009-A12
MX009,MX009-A06,MX009-A07
MX009,MX009-A07,MX009-A30
MX009,MX009-A07,MX009-A29
MX009,MX009-A07,MX009-A28
MX009,MX009-A07,MX009-A27
MX009,MX009-A07,MX009-A26
MX009,MX009-A07,MX009-A20
MX009,MX009-A07,MX009-A19
MX009,MX009-A07,MX009-A18
MX009,MX009-A07,MX009-A17
MX009,MX009-A07,MX009-A16
MX009,MX009-A07,MX009-A15
MX009,MX009-A07,MX009-A14
MX009,MX009-A07,MX009-A13
MX009,MX009-A07,MX009-A12
MX009,MX009-A07,MX009-A11
MX009,MX009-A07,MX009-A10
MX009,MX009-A07,MX009-A09
MX009,MX009-A07,MX009-A08
MX009,MX009-A08,MX009-A29
MX009,MX009-A08,MX009-A27
MX009,MX009-A08,MX009-A20
MX009,MX009-A08,MX009-A19
MX009,MX009-A08,MX009-A18
MX009,MX009-A08,MX009-A17
MX009,MX009-A08,MX009-A16
MX009,MX009-A08,MX009-A15
MX009,MX009-A08,MX009-A11
MX009,MX009-A08,MX009-A10
MX009,MX009-A08,MX009-A09
MX009,MX009-A09,MX009-A30
MX009,MX009-A09,MX009-A29
MX009,MX009-A09,MX009-A28
MX009,MX009-A09,MX009-A27
MX009,MX009-A09,MX009-A20
MX009,MX009-A09,MX009-A19
MX009,MX009-A09,MX009-A18
MX009,MX009-A09,MX009-A17
MX009,MX009-A09,MX009-A16
MX009,MX009-A09,MX009-A15
MX009,MX009-A09,MX009-A11
MX009,MX009-A09,MX009-A10
MX009,MX009-A10,MX009-A29
MX009,MX009-A10,MX009-A28
MX009,MX009-A10,MX009-A27
MX009,MX009-A10,MX009-A20
MX009,MX009-A10,MX009-A19
MX009,MX009-A10,MX009-A18
MX009,MX009-A10,MX009-A17
MX009,MX009-A10,MX009-A16
MX009,MX009-A10,MX009-A15
MX009,MX009-A10,MX009-A11
MX009,MX009-A11,MX009-A29
MX009,MX009-A11,MX009-A28
MX009,MX009-A11,MX009-A27
MX009,MX009-A11,MX009-A20
MX009,MX009-A11,MX009-A19
MX009,MX009-A11,MX009-A18
MX009,MX009-A11,MX009-A17
MX009,MX009-A11,MX009-A16
MX009,MX009-A11,MX009-A15
MX009,MX009-A12,MX009-A30
MX009,MX009-A12,MX009-A29
MX009,MX009-A12,MX009-A28
MX009,MX009-A12,MX009-A27
MX009,MX009-A12,MX009-A26
MX009,MX009-A12,MX009-A20
MX009,MX009-A12,MX009-A19
MX009,MX009-A12,MX009-A18
MX009,MX009-A12,MX009-A17
MX009,MX009-A12,MX009-A16
MX009,MX009-A12,MX009-A15
MX009,MX009-A12,MX009-A14
MX009,MX009-A12,MX009-A13
MX009,MX009-A13,MX009-A30
MX009,MX009-A13,MX009-A29
MX009,MX009-A13,MX009-A28
MX009,MX009-A13,MX009-A27
MX009,MX009-A13,MX009-A26
MX009,MX009-A13,MX009-A20
MX009,MX009-A13,MX009-A19
MX009,MX009-A13,MX009-A18
MX009,MX009-A13,MX009-A17
MX009,MX009-A13,MX009-A16
MX009,MX009-A13,MX009-A15
MX009,MX009-A13,MX009-A14
MX009,MX009-A14,MX009-A30
MX009,MX009-A14,MX009-A29
MX009,MX009-A14,MX009-A28
MX009,MX009-A14,MX009-A27
MX009,MX009-A14,MX009-A26
MX009,MX009-A14,MX009-A20
MX009,MX009-A14,MX009-A19
MX009,MX009-A14,MX009-A18
MX009,MX009-A14,MX009-A17
MX009,MX009-A14,MX009-A16
MX009,MX009-A14,MX009-A15
MX009,MX009-A15,MX009-A30
MX009,MX009-A15,MX009-A29
MX009,MX009-A15,MX009-A28
MX009,MX009-A15,MX009-A27
MX009,MX009-A15,MX009-A26
MX009,MX009-A15,MX009-A20
MX009,MX009-A15,MX009-A19
MX009,MX009-A15,MX009-A18
MX009,MX009-A15,MX009-A17
MX009,MX009-A15,MX009-A16
MX009,MX009-A16,MX009-A30
MX009,MX009-A16,MX009-A29
MX009,MX009-A16,MX009-A28
MX009,MX009-A16,MX009-A27
MX009,MX009-A16,MX009-A26
MX009,MX009-A16,MX009-A20
MX009,MX009-A16,MX009-A19
MX009,MX009-A16,MX009-A18
MX009,MX009-A16,MX009-A17
MX009,MX009-A17,MX009-A30
MX009,MX009-A17,MX009-A29
MX009,MX009-A17,MX009-A28
MX009,MX009-A17,MX009-A27
MX009,MX009-A17,MX009-A26
MX009,MX009-A17,MX009-A20
MX009,MX009-A17,MX009-A19
MX009,MX009-A17,MX009-A18
MX009,MX009-A18,MX009-A30
MX009,MX009-A18,MX009-A29
MX009,MX009-A18,MX009-A28
MX009,MX009-A18,MX009-A27
MX009,MX009-A18,MX009-A26
MX009,MX009-A18,MX009-A20
MX009,MX009-A18,MX009-A19
MX009,MX009-A19,MX009-A30
MX009,MX009-A19,MX009-A29
MX009,MX009-A19,MX009-A28
MX009,MX009-A19,MX009-A27
MX009,MX009-A19,MX009-A26
MX009,MX009-A19,MX009-A20
MX009,MX009-A20,MX009-A30
MX009,MX009-A20,MX009-A29
MX009,MX009-A20,MX009-A28
MX009,MX009-A20,MX009-A27
MX009,MX009-A20,MX009-A26
MX009,MX009-A21,MX009-A26
MX009,MX009-A21,MX009-A25
MX009,MX009-A21,MX009-A24
MX009,MX009-A21,MX009-A23
MX009,MX009-A21,MX009-A22
MX009,MX009-A22,MX009-A26
MX009,MX009-A22,MX009-A25
MX009,MX009-A22,MX009-A24
MX009,MX009-A22,MX009-A23
MX009,MX009-A23,MX009-A26
MX009,MX009-A23,MX009-A25
MX009,MX009-A23,MX009-A24
MX009,MX009-A24,MX009-A26
MX009,MX009-A24,MX009-A25
MX009,MX009-A25,MX009-A26
MX009,MX009-A26,MX009-A30
MX009,MX009-A26,MX009-A29
MX009,MX009-A26,MX009-A28
MX009,MX009-A26,MX009-A27
MX009,MX009-A27,MX009-A30
MX009,MX009-A27,MX009-A29
MX009,MX009-A27,MX009-A28
MX009,MX009-A28,MX009-A30
MX009,MX009-A28,MX009-A29
MX009,MX009-A29,MX009-A30
MX010,MX010-A01,MX010-A30
MX010,MX010-A01,MX010-A26
MX010,MX010-A01,MX010-A25
MX010,MX010-A01,MX010-A24
MX010,MX010-A01,MX010-A23
MX010,MX010-A01,MX010-A22
MX010,MX010-A01,MX010-A21
MX010,MX010-A01,MX010-A20
MX010,MX010-A01,MX010-A15
MX010,MX010-A01,MX010-A14
MX010,MX010-A01,MX010-A13
MX010,MX010-A01,MX010-A11
MX010,MX010-A01,MX010-A06
MX010,MX010-A01,MX010-A05
MX010,MX010-A01,MX010-A04
MX010,MX010-A01,MX010-A03
MX010,MX010-A01,MX010-A02
MX010,MX010-A02,MX010-A30
MX010,MX010-A02,MX010-A28
MX010,MX010-A02,MX010-A27
MX010,MX010-A02,MX010-A26
MX010,MX010-A02,MX010-A25
MX010,MX010-A02,MX010-A24
MX010,MX010-A02,MX010-A23
MX010,MX010-A02,MX010-A22
MX010,MX010-A02,MX010-A21
MX010,MX010-A02,MX010-A20
MX010,MX010-A02,MX010-A15
MX010,MX010-A02,MX010-A14
MX010,MX010-A02,MX010-A13
MX010,MX010-A02,MX010-A11
MX010,MX010-A02,MX010-A10
MX010,MX010-A02,MX010-A06
MX010,MX010-A02,MX010-A05
MX010,MX010-A02,MX010-A04
MX010,MX010-A02,MX010-A03
MX010,MX010-A03,MX010-A30
MX010,MX010-A03,MX010-A26
MX010,MX010-A03,MX010-A25
MX010,MX010-A03,MX010-A24
MX010,MX010-A03,MX010-A23
MX010,MX010-A03,MX010-A22
MX010,MX010-A03,MX010-A21
MX010,MX010-A03,MX010-A20
MX010,MX010-A03,MX010-A15
MX010,MX010-A03,MX010-A14
MX010,MX010-A03,MX010-A11
MX010,MX010-A03,MX010-A10
MX010,MX010-A03,MX010-A06
MX010,MX010-A03,MX010-A04
MX010,MX010-A04,MX010-A30
MX010,MX010-A04,MX010-A29
MX010,MX010-A04,MX010-A28
MX010,MX010-A04,MX010-A27
MX010,MX010-A04,MX010-A25
MX010,MX010-A04,MX010-A23
MX010,MX010-A04,MX010-A22
MX010,MX010-A04,MX010-A21
MX010,MX010-A04,MX010-A20
MX010,MX010-A04,MX010-A19
MX010,MX010-A04,MX010-A18
MX010,MX010-A04,MX010-A17
MX010,MX010-A04,MX010-A16
MX010,MX010-A04,MX010-A15
MX010,MX010-A04,MX010-A14
MX010,MX010-A04,MX010-A13
MX010,MX010-A04,MX010-A11
MX010,MX010-A04,MX010-A08
MX010,MX010-A04,MX010-A07
MX010,MX010-A04,MX010-A06
MX010,MX010-A04,MX010-A05
MX010,MX010-A05,MX010-A30
MX010,MX010-A05,MX010-A29
MX010,MX010-A05,MX010-A26
MX010,MX010-A05,MX010-A25
MX010,MX010-A05,MX010-A24
MX010,MX010-A05,MX010-A21
MX010,MX010-A05,MX010-A20
MX010,MX010-A05,MX010-A19
MX010,MX010-A05,MX010-A18
MX010,MX010-A05,MX010-A17
MX010,MX010-A05,MX010-A16
MX010,MX010-A05,MX010-A15
MX010,MX010-A05,MX010-A14
MX010,MX010-A05,MX010-A13
MX010,MX010-A05,MX010-A12
MX010,MX010-A05,MX010-A11
MX010,MX010-A05,MX010-A10
MX010,MX010-A05,MX010-A09
MX010,MX010-A05,MX010-A08
MX010,MX010-A05,MX010-A07
MX010,MX010-A05,MX010-A06
MX010,MX010-A06,MX010-A30
MX010,MX010-A06,MX010-A29
MX010,MX010-A06,MX010-A28
MX010,MX010-A06,MX010-A27
MX010,MX010-A06,MX010-A26
MX010,MX010-A06,MX010-A25
MX010,MX010-A06,MX010-A24
MX010,MX010-A06,MX010-A23
MX010,MX010-A06,MX010-A22
MX010,MX010-A06,MX010-A20
MX010,MX010-A06,MX010-A16
MX010,MX010-A06,MX010-A14
MX010,MX010-A06,MX010-A13
MX010,MX010-A06,MX010-A12
MX010,MX010-A06,MX010-A11
MX010,MX010-A06,MX010-A10
MX010,MX010-A06,MX010-A09
MX010,MX010-A06,MX010-A08
MX010,MX010-A06,MX010-A07
MX010,MX010-A07,MX010-A30
MX010,MX010-A07,MX010-A26
MX010,MX010-A07,MX010-A22
MX010,MX010-A07,MX010-A21
MX010,MX010-A07,MX010-A20
MX010,MX010-A07,MX010-A18
MX010,MX010-A07,MX010-A16
MX010,MX010-A07,MX010-A14
MX010,MX010-A07,MX010-A13
MX010,MX010-A07,MX010-A11
MX010,MX010-A07,MX010-A10
MX010,MX010-A07,MX010-A09
MX010,MX010-A07,MX010-A08
MX010,MX010-A08,MX010-A30
MX010,MX010-A08,MX010-A29
MX010,MX010-A08,MX010-A28
MX010,MX010-A08,MX010-A26
MX010,MX010-A08,MX010-A25
MX010,MX010-A08,MX010-A24
MX010,MX010-A08,MX010-A23
MX010,MX010-A08,MX010-A22
MX010,MX010-A08,MX010-A21
MX010,MX010-A08,MX010-A20
MX010,MX010-A08,MX010-A19
MX010,MX010-A08,MX010-A16
MX010,MX010-A08,MX010-A14
MX010,MX010-A08,MX010-A13
MX010,MX010-A08,MX010-A12
MX010,MX010-A08,MX010-A11
MX010,MX010-A08,MX010-A10
MX010,MX010-A09,MX010-A30
MX010,MX010-A09,MX010-A29
MX010,MX010-A09,MX010-A28
MX010,MX010-A09,MX010-A27
MX010,MX010-A09,MX010-A26
MX010,MX010-A09,MX010-A23
MX010,MX010-A09,MX010-A21
MX010,MX010-A09,MX010-A20
MX010,MX010-A09,MX010-A19
MX010,MX010-A09,MX010-A18
MX010,MX010-A09,MX010-A17
MX010,MX010-A09,MX010-A16
MX010,MX010-A09,MX010-A15
MX010,MX010-A09,MX010-A14
MX010,MX010-A09,MX010-A13
MX010,MX010-A09,MX010-A11
MX010,MX010-A09,MX010-A10
MX010,MX010-A10,MX010-A26
MX010,MX010-A10,MX010-A23
MX010,MX010-A10,MX010-A20
MX010,MX010-A10,MX010-A11
MX010,MX010-A11,MX010-A26
MX010,MX010-A11,MX010-A25
MX010,MX010-A11,MX010-A24
MX010,MX010-A11,MX010-A23
MX010,MX010-A11,MX010-A22
MX010,MX010-A11,MX010-A21
MX010,MX010-A11,MX010-A20
MX010,MX010-A11,MX010-A13
MX010,MX010-A13,MX010-A30
MX010,MX010-A13,MX010-A29
MX010,MX010-A13,MX010-A23
MX010,MX010-A13,MX010-A15
MX010,MX010-A13,MX010-A14
MX010,MX010-A14,MX010-A30
MX010,MX010-A14,MX010-A29
MX010,MX010-A14,MX010-A17
MX010,MX010-A14,MX010-A16
MX010,MX010-A14,MX010-A15
MX010,MX010-A15,MX010-A30
MX010,MX010-A15,MX010-A23
MX010,MX010-A15,MX010-A17
MX010,MX010-A15,MX010-A16
MX010,MX010-A16,MX010-A23
MX010,MX010-A16,MX010-A17
MX010,MX010-A17,MX010-A23
MX010,MX010-A18,MX010-A19
MX010,MX010-A20,MX010-A23
MX010,MX010-A20,MX010-A21
MX010,MX010-A21,MX010-A26
MX010,MX010-A21,MX010-A25
MX010,MX010-A21,MX010-A24
MX010,MX010-A21,MX010-A23
MX010,MX010-A22,MX010-A28
MX010,MX010-A22,MX010-A27
MX010,MX010-A22,MX010-A26
MX010,MX010-A23,MX010-A30
MX010,MX010-A23,MX010-A29
MX010,MX010-A23,MX010-A26
MX010,MX010-A23,MX010-A24
MX010,MX010-A24,MX010-A26
MX010,MX010-A24,MX010-A25
MX010,MX010-A25,MX010-A26
MX010,MX010-A27,MX010-A28
MX010,MX010-A29,MX010-A30
MX011,MX011-A01,MX011-A30
MX011,MX011-A01,MX011-A29
MX011,MX011-A01,MX011-A28
MX011,MX011-A01,MX011-A27
MX011,MX011-A01,MX011-A26
MX011,MX011-A01,MX011-A25
MX011,MX011-A01,MX011-A24
MX011,MX011-A01,MX011-A23
MX011,MX011-A01,MX011-A22
MX011,MX011-A01,MX011-A21
MX011,MX011-A01,MX011-A20
MX011,MX011-A01,MX011-A19
MX011,MX011-A01,MX011-A18
MX011,MX011-A01,MX011-A17
MX011,MX011-A01,MX011-A16
MX011,MX011-A01,MX011-A15
MX011,MX011-A01,MX011-A14
MX011,MX011-A01,MX011-A13
MX011,MX011-A01,MX011-A12
MX011,MX011-A01,MX011-A11
MX011,MX011-A01,MX011-A10
MX011,MX011-A01,MX011-A09
MX011,MX011-A01,MX011-A08
MX011,MX011-A01,MX011-A07
MX011,MX011-A01,MX011-A06
MX011,MX011-A01,MX011-A05
MX011,MX011-A01,MX011-A04
MX011,MX011-A01,MX011-A03
MX011,MX011-A01,MX011-A02
MX011,MX011-A02,MX011-A30
MX011,MX011-A02,MX011-A29
MX011,MX011-A02,MX011-A28
MX011,MX011-A02,MX011-A27
MX011,MX011-A02,MX011-A26
MX011,MX011-A02,MX011-A25
MX011,MX011-A02,MX011-A24
MX011,MX011-A02,MX011-A23
MX011,MX011-A02,MX011-A22
MX011,MX011-A02,MX011-A21
MX011,MX011-A02,MX011-A20
MX011,MX011-A02,MX011-A19
MX011,MX011-A02,MX011-A18
MX011,MX011-A02,MX011-A17
MX011,MX011-A02,MX011-A16
MX011,MX011-A02,MX011-A15
MX011,MX011-A02,MX011-A14
MX011,MX011-A02,MX011-A13
MX011,MX011-A02,MX011-A12
MX011,MX011-A02,MX011-A11
MX011,MX011-A02,MX011-A10
MX011,MX011-A02,MX011-A09
MX011,MX011-A02,MX011-A08
MX011,MX011-A02,MX011-A07
MX011,MX011-A02,MX011-A06
MX011,MX011-A02,MX011-A05
MX011,MX011-A02,MX011-A04
MX011,MX011-A02,MX011-A03
MX011,MX011-A03,MX011-A30
MX011,MX011-A03,MX011-A29
MX011,MX011-A03,MX011-A28
MX011,MX011-A03,MX011-A27
MX011,MX011-A03,MX011-A26
MX011,MX011-A03,MX011-A25
MX011,MX011-A03,MX011-A24
MX011,MX011-A03,MX011-A23
MX011,MX011-A03,MX011-A22
MX011,MX011-A03,MX011-A21
MX011,MX011-A03,MX011-A20
MX011,MX011-A03,MX011-A19
MX011,MX011-A03,MX011-A18
MX011,MX011-A03,MX011-A17
MX011,MX011-A03,MX011-A16
MX011,MX011-A03,MX011-A15
MX011,MX011-A03,MX011-A14
MX011,MX011-A03,MX011-A13
MX011,MX011-A03,MX011-A12
MX011,MX011-A03,MX011-A11
MX011,MX011-A03,MX011-A10
MX011,MX011-A03,MX011-A09
MX011,MX011-A03,MX011-A08
MX011,MX011-A03,MX011-A07
MX011,MX011-A03,MX011-A06
MX011,MX011-A03,MX011-A05
MX011,MX011-A03,MX011-A04
MX011,MX011-A04,MX011-A30
MX011,MX011-A04,MX011-A29
MX011,MX011-A04,MX011-A28
MX011,MX011-A04,MX011-A27
MX011,MX011-A04,MX011-A26
MX011,MX011-A04,MX011-A25
MX011,MX011-A04,MX011-A24
MX011,MX011-A04,MX011-A23
MX011,MX011-A04,MX011-A22
MX011,MX011-A04,MX011-A21
MX011,MX011-A04,MX011-A20
MX011,MX011-A04,MX011-A19
MX011,MX011-A04,MX011-A18
MX011,MX011-A04,MX011-A17
MX011,MX011-A04,MX011-A16
MX011,MX011-A04,MX011-A15
MX011,MX011-A04,MX011-A14
MX011,MX011-A04,MX011-A13
MX011,MX011-A04,MX011-A12
MX011,MX011-A04,MX011-A11
MX011,MX011-A04,MX011-A10
MX011,MX011-A04,MX011-A09
MX011,MX011-A04,MX011-A08
MX011,MX011-A04,MX011-A07
MX011,MX011-A04,MX011-A06
MX011,MX011-A04,MX011-A05
MX011,MX011-A05,MX011-A14
MX011,MX011-A05,MX011-A13
MX011,MX011-A05,MX011-A12
MX011,MX011-A05,MX011-A11
MX011,MX011-A05,MX011-A10
MX011,MX011-A05,MX011-A09
MX011,MX011-A05,MX011-A08
MX011,MX011-A05,MX011-A07
MX011,MX011-A05,MX011-A06
MX011,MX011-A06,MX011-A14
MX011,MX011-A06,MX011-A13
MX011,MX011-A06,MX011-A12
MX011,MX011-A06,MX011-A11
MX011,MX011-A06,MX011-A10
MX011,MX011-A06,MX011-A09
MX011,MX011-A06,MX011-A08
MX011,MX011-A06,MX011-A07
MX011,MX011-A07,MX011-A12
MX011,MX011-A07,MX011-A11
MX011,MX011-A07,MX011-A10
MX011,MX011-A07,MX011-A09
MX011,MX011-A07,MX011-A08
MX011,MX011-A08,MX011-A10
MX011,MX011-A08,MX011-A09
MX011,MX011-A09,MX011-A10
MX011,MX011-A11,MX011-A17
MX011,MX011-A11,MX011-A16
MX011,MX011-A11,MX011-A15
MX011,MX011-A11,MX011-A14
MX011,MX011-A11,MX011-A13
MX011,MX011-A11,MX011-A12
MX011,MX011-A12,MX011-A17
MX011,MX011-A12,MX011-A16
MX011,MX011-A12,MX011-A15
MX011,MX011-A12,MX011-A14
MX011,MX011-A12,MX011-A13
MX011,MX011-A13,MX011-A17
MX011,MX011-A13,MX011-A16
MX011,MX011-A13,MX011-A15
MX011,MX011-A13,MX011-A14
MX011,MX011-A15,MX011-A17
MX011,MX011-A15,MX011-A16
MX011,MX011-A16,MX011-A17
MX011,MX011-A18,MX011-A30
MX011,MX011-A18,MX011-A29
MX011,MX011-A18,MX011-A28
MX011,MX011-A18,MX011-A27
MX011,MX011-A18,MX011-A26
MX011,MX011-A18,MX011-A25
MX011,MX011-A18,MX011-A24
MX011,MX011-A18,MX011-A23
MX011,MX011-A18,MX011-A22
MX011,MX011-A18,MX011-A21
MX011,MX011-A18,MX011-A20
MX011,MX011-A18,MX011-A19
MX011,MX011-A19,MX011-A30
MX011,MX011-A19,MX011-A29
MX011,MX011-A19,MX011-A28
MX011,MX011-A19,MX011-A27
MX011,MX011-A19,MX011-A26
MX011,MX011-A19,MX011-A25
MX011,MX011-A19,MX011-A24
MX011,MX011-A19,MX011-A23
MX011,MX011-A19,MX011-A22
MX011,MX011-A19,MX011-A21
MX011,MX011-A19,MX011-A20
MX011,MX011-A20,MX011-A30
MX011,MX011-A20,MX011-A29
MX011,MX011-A20,MX011-A28
MX011,MX011-A20,MX011-A27
MX011,MX011-A20,MX011-A26
MX011,MX011-A20,MX011-A25
MX011,MX011-A20,MX011-A24
MX011,MX011-A20,MX011-A23
MX011,MX011-A20,MX011-A22
MX011,MX011-A20,MX011-A21
MX011,MX011-A21,MX011-A30
MX011,MX011-A21,MX011-A29
MX011,MX011-A21,MX011-A28
MX011,MX011-A21,MX011-A27
MX011,MX011-A21,MX011-A26
MX011,MX011-A21,MX011-A25
MX011,MX011-A21,MX011-A24
MX011,MX011-A21,MX011-A23
MX011,MX011-A21,MX011-A22
MX011,MX011-A22,MX011-A30
MX011,MX011-A22,MX011-A29
MX011,MX011-A22,MX011-A28
MX011,MX011-A22,MX011-A27
MX011,MX011-A22,MX011-A26
MX011,MX011-A22,MX011-A25
MX011,MX011-A22,MX011-A24
MX011,MX011-A22,MX011-A23
MX011,MX011-A23,MX011-A30
MX011,MX011-A23,MX011-A29
MX011,MX011-A23,MX011-A28
MX011,MX011-A23,MX011-A27
MX011,MX011-A23,MX011-A26
MX011,MX011-A23,MX011-A25
MX011,MX011-A23,MX011-A24
MX011,MX011-A24,MX011-A30
MX011,MX011-A24,MX011-A29
MX011,MX011-A24,MX011-A28
MX011,MX011-A24,MX011-A27
MX011,MX011-A24,MX011-A26
MX011,MX011-A24,MX011-A25
MX011,MX011-A25,MX011-A30
MX011,MX011-A25,MX011-A29
MX011,MX011-A25,MX011-A28
MX011,MX011-A25,MX011-A27
MX011,MX011-A25,MX011-A26
MX011,MX011-A26,MX011-A30
MX011,MX011-A26,MX011-A29
MX011,MX011-A26,MX011-A28
MX011,MX011-A26,MX011-A27
MX011,MX011-A27,MX011-A30
MX011,MX011-A27,MX011-A29
MX011,MX011-A27,MX011-A28
MX011,MX011-A28,MX011-A30
MX011,MX011-A28,MX011-A29
MX011,MX011-A29,MX011-A30
MX012,MX012-A01,MX012-A28
MX012,MX012-A01,MX012-A06
MX012,MX012-A01,MX012-A03
MX012,MX012-A01,MX012-A02
MX012,MX012-A02,MX012-A28
MX012,MX012-A02,MX012-A15
MX012,MX012-A02,MX012-A06
MX012,MX012-A02,MX012-A03
MX012,MX012-A03,MX012-A15
MX012,MX012-A04,MX012-A17
MX012,MX012-A04,MX012-A16
MX012,MX012-A04,MX012-A14
MX012,MX012-A04,MX012-A13
MX012,MX012-A05,MX012-A27
MX012,MX012-A05,MX012-A25
MX012,MX012-A05,MX012-A24
MX012,MX012-A05,MX012-A23
MX012,MX012-A05,MX012-A22
MX012,MX012-A05,MX012-A18
MX012,MX012-A05,MX012-A12
MX012,MX012-A05,MX012-A10
MX012,MX012-A05,MX012-A09
MX012,MX012-A06,MX012-A30
MX012,MX012-A06,MX012-A28
MX012,MX012-A06,MX012-A26
MX012,MX012-A07,MX012-A19
MX012,MX012-A07,MX012-A08
MX012,MX012-A08,MX012-A19
MX012,MX012-A09,MX012-A27
MX012,MX012-A09,MX012-A25
MX012,MX012-A09,MX012-A24
MX012,MX012-A09,MX012-A23
MX012,MX012-A09,MX012-A22
MX012,MX012-A09,MX012-A11
MX012,MX012-A09,MX012-A10
MX012,MX012-A10,MX012-A27
MX012,MX012-A10,MX012-A25
MX012,MX012-A10,MX012-A24
MX012,MX012-A10,MX012-A23
MX012,MX012-A10,MX012-A22
MX012,MX012-A10,MX012-A12
MX012,MX012-A10,MX012-A11
MX012,MX012-A11,MX012-A27
MX012,MX012-A11,MX012-A25
MX012,MX012-A11,MX012-A24
MX012,MX012-A11,MX012-A23
MX012,MX012-A11,MX012-A22
MX012,MX012-A12,MX012-A27
MX012,MX012-A12,MX012-A25
MX012,MX012-A12,MX012-A24
MX012,MX012-A12,MX012-A23
MX012,MX012-A12,MX012-A22
MX012,MX012-A13,MX012-A14
MX012,MX012-A14,MX012-A16
MX012,MX012-A15,MX012-A30
MX012,MX012-A15,MX012-A28
MX012,MX012-A15,MX012-A26
MX012,MX012-A16,MX012-A17
MX012,MX012-A18,MX012-A29
MX012,MX012-A20,MX012-A21
MX012,MX012-A21,MX012-A28
MX012,MX012-A22,MX012-A27
MX012,MX012-A22,MX012-A25
MX012,MX012-A22,MX012-A24
MX012,MX012-A22,MX012-A23
MX012,MX012-A23,MX012-A27
MX012,MX012-A23,MX012-A25
MX012,MX012-A23,MX012-A24
MX012,MX012-A24,MX012-A27
MX012,MX012-A24,MX012-A25
MX012,MX012-A25,MX012-A27
MX012,MX012-A26,MX012-A30
MX012,MX012-A26,MX012-A28
MX013,MX013-A03,MX013-A28
MX013,MX013-A03,MX013-A23
MX013,MX013-A03,MX013-A15
MX013,MX013-A03,MX013-A14
MX013,MX013-A03,MX013-A13
MX013,MX013-A03,MX013-A12
MX013,MX013-A03,MX013-A11
MX013,MX013-A03,MX013-A10
MX013,MX013-A04,MX013-A18
MX013,MX013-A04,MX013-A08
MX013,MX013-A04,MX013-A07
MX013,MX013-A04,MX013-A06
MX013,MX013-A04,MX013-A05
MX013,MX013-A05,MX013-A27
MX013,MX013-A05,MX013-A08
MX013,MX013-A05,MX013-A07
MX013,MX013-A05,MX013-A06
MX013,MX013-A06,MX013-A27
MX013,MX013-A06,MX013-A18
MX013,MX013-A06,MX013-A08
MX013,MX013-A06,MX013-A07
MX013,MX013-A07,MX013-A27
MX013,MX013-A07,MX013-A26
MX013,MX013-A07,MX013-A18
MX013,MX013-A07,MX013-A08
MX013,MX013-A08,MX013-A27
MX013,MX013-A08,MX013-A18
MX013,MX013-A09,MX013-A20
MX013,MX013-A09,MX013-A17
MX013,MX013-A09,MX013-A16
MX013,MX013-A09,MX013-A11
MX013,MX013-A09,MX013-A10
MX013,MX013-A10,MX013-A30
MX013,MX013-A10,MX013-A28
MX013,MX013-A10,MX013-A23
MX013,MX013-A10,MX013-A20
MX013,MX013-A10,MX013-A17
MX013,MX013-A10,MX013-A16
MX013,MX013-A10,MX013-A15
MX013,MX013-A10,MX013-A14
MX013,MX013-A10,MX013-A13
MX013,MX013-A10,MX013-A12
MX013,MX013-A10,MX013-A11
MX013,MX013-A11,MX013-A30
MX013,MX013-A11,MX013-A28
MX013,MX013-A11,MX013-A23
MX013,MX013-A11,MX013-A20
MX013,MX013-A11,MX013-A17
MX013,MX013-A11,MX013-A16
MX013,MX013-A11,MX013-A15
MX013,MX013-A11,MX013-A14
MX013,MX013-A11,MX013-A13
MX013,MX013-A11,MX013-A12
MX013,MX013-A12,MX013-A28
MX013,MX013-A12,MX013-A23
MX013,MX013-A12,MX013-A15
MX013,MX013-A12,MX013-A14
MX013,MX013-A12,MX013-A13
MX013,MX013-A13,MX013-A28
MX013,MX013-A13,MX013-A23
MX013,MX013-A13,MX013-A15
MX013,MX013-A13,MX013-A14
MX013,MX013-A14,MX013-A23
MX013,MX013-A14,MX013-A15
MX013,MX013-A15,MX013-A28
MX013,MX013-A15,MX013-A23
MX013,MX013-A16,MX013-A23
MX013,MX013-A16,MX013-A20
MX013,MX013-A16,MX013-A17
MX013,MX013-A17,MX013-A23
MX013,MX013-A17,MX013-A20
MX013,MX013-A18,MX013-A26
MX013,MX013-A20,MX013-A23
MX013,MX013-A21,MX013-A27
MX013,MX013-A23,MX013-A30
MX013,MX013-A23,MX013-A28
MX014,MX014-A01,MX014-A30
MX014,MX014-A01,MX014-A29
MX014,MX014-A01,MX014-A28
MX014,MX014-A01,MX014-A27
MX014,MX014-A01,MX014-A26
MX014,MX014-A01,MX014-A24
MX014,MX014-A01,MX014-A23
MX014,MX014-A01,MX014-A21
MX014,MX014-A01,MX014-A20
MX014,MX014-A01,MX014-A19
MX014,MX014-A01,MX014-A18
MX014,MX014-A01,MX014-A17
MX014,MX014-A01,MX014-A16
MX014,MX014-A01,MX014-A15
MX014,MX014-A01,MX014-A14
MX014,MX014-A01,MX014-A13
MX014,MX014-A01,MX014-A12
MX014,MX014-A01,MX014-A11
MX014,MX014-A01,MX014-A10
MX014,MX014-A01,MX014-A09
MX014,MX014-A01,MX014-A08
MX014,MX014-A01,MX014-A07
MX014,MX014-A01,MX014-A06
MX014,MX014-A01,MX014-A05
MX014,MX014-A01,MX014-A04
MX014,MX014-A01,MX014-A03
MX014,MX014-A01,MX014-A02
MX014,MX014-A02,MX014-A25
MX014,MX014-A02,MX014-A22
MX014,MX014-A02,MX014-A04
MX014,MX014-A02,MX014-A03
MX014,MX014-A03,MX014-A25
MX014,MX014-A03,MX014-A22
MX014,MX014-A03,MX014-A09
MX014,MX014-A03,MX014-A07
MX014,MX014-A03,MX014-A04
MX014,MX014-A04,MX014-A25
MX014,MX014-A04,MX014-A22
MX014,MX014-A04,MX014-A09
MX014,MX014-A04,MX014-A07
MX014,MX014-A05,MX014-A30
MX014,MX014-A05,MX014-A29
MX014,MX014-A05,MX014-A28
MX014,MX014-A05,MX014-A27
MX014,MX014-A05,MX014-A26
MX014,MX014-A05,MX014-A24
MX014,MX014-A05,MX014-A23
MX014,MX014-A05,MX014-A21
MX014,MX014-A05,MX014-A20
MX014,MX014-A05,MX014-A19
MX014,MX014-A05,MX014-A18
MX014,MX014-A05,MX014-A17
MX014,MX014-A05,MX014-A16
MX014,MX014-A05,MX014-A15
MX014,MX014-A05,MX014-A14
MX014,MX014-A05,MX014-A13
MX014,MX014-A05,MX014-A12
MX014,MX014-A05,MX014-A11
MX014,MX014-A05,MX014-A10
MX014,MX014-A05,MX014-A09
MX014,MX014-A05,MX014-A08
MX014,MX014-A05,MX014-A07
MX014,MX014-A05,MX014-A06
MX014,MX014-A06,MX014-A30
MX014,MX014-A06,MX014-A29
MX014,MX014-A06,MX014-A28
MX014,MX014-A06,MX014-A24
MX014,MX014-A06,MX014-A21
MX014,MX014-A06,MX014-A20
MX014,MX014-A06,MX014-A18
MX014,MX014-A06,MX014-A17
MX014,MX014-A06,MX014-A16
MX014,MX014-A06,MX014-A15
MX014,MX014-A06,MX014-A13
MX014,MX014-A06,MX014-A12
MX014,MX014-A06,MX014-A09
MX014,MX014-A06,MX014-A07
MX014,MX014-A07,MX014-A30
MX014,MX014-A07,MX014-A29
MX014,MX014-A07,MX014-A28
MX014,MX014-A07,MX014-A27
MX014,MX014-A07,MX014-A26
MX014,MX014-A07,MX014-A24
MX014,MX014-A07,MX014-A23
MX014,MX014-A07,MX014-A20
MX014,MX014-A07,MX014-A19
MX014,MX014-A07,MX014-A18
MX014,MX014-A07,MX014-A17
MX014,MX014-A07,MX014-A16
MX014,MX014-A07,MX014-A15
MX014,MX014-A07,MX014-A12
MX014,MX014-A07,MX014-A11
MX014,MX014-A07,MX014-A10
MX014,MX014-A07,MX014-A09
MX014,MX014-A07,MX014-A08
MX014,MX014-A08,MX014-A30
MX014,MX014-A08,MX014-A28
MX014,MX014-A08,MX014-A27
MX014,MX014-A08,MX014-A26
MX014,MX014-A08,MX014-A23
MX014,MX014-A08,MX014-A19
MX014,MX014-A08,MX014-A16
MX014,MX014-A08,MX014-A15
MX014,MX014-A08,MX014-A11
MX014,MX014-A08,MX014-A10
MX014,MX014-A08,MX014-A09
MX014,MX014-A09,MX014-A30
MX014,MX014-A09,MX014-A29
MX014,MX014-A09,MX014-A28
MX014,MX014-A09,MX014-A27
MX014,MX014-A09,MX014-A26
MX014,MX014-A09,MX014-A24
MX014,MX014-A09,MX014-A23
MX014,MX014-A09,MX014-A20
MX014,MX014-A09,MX014-A19
MX014,MX014-A09,MX014-A18
MX014,MX014-A09,MX014-A17
MX014,MX014-A09,MX014-A16
MX014,MX014-A09,MX014-A15
MX014,MX014-A09,MX014-A12
MX014,MX014-A09,MX014-A11
MX014,MX014-A09,MX014-A10
MX014,MX014-A10,MX014-A30
MX014,MX014-A10,MX014-A28
MX014,MX014-A10,MX014-A27
MX014,MX014-A10,MX014-A26
MX014,MX014-A10,MX014-A23
MX014,MX014-A10,MX014-A19
MX014,MX014-A10,MX014-A16
MX014,MX014-A10,MX014-A11
MX014,MX014-A11,MX014-A30
MX014,MX014-A11,MX014-A28
MX014,MX014-A11,MX014-A27
MX014,MX014-A11,MX014-A26
MX014,MX014-A11,MX014-A23
MX014,MX014-A11,MX014-A20
MX014,MX014-A11,MX014-A19
MX014,MX014-A11,MX014-A17
MX014,MX014-A11,MX014-A16
MX014,MX014-A12,MX014-A30
MX014,MX014-A12,MX014-A29
MX014,MX014-A12,MX014-A28
MX014,MX014-A12,MX014-A24
MX014,MX014-A12,MX014-A21
MX014,MX014-A12,MX014-A20
MX014,MX014-A12,MX014-A17
MX014,MX014-A12,MX014-A14
MX014,MX014-A12,MX014-A13
MX014,MX014-A13,MX014-A30
MX014,MX014-A13,MX014-A29
MX014,MX014-A13,MX014-A28
MX014,MX014-A13,MX014-A24
MX014,MX014-A13,MX014-A21
MX014,MX014-A13,MX014-A17
MX014,MX014-A14,MX014-A30
MX014,MX014-A14,MX014-A29
MX014,MX014-A14,MX014-A27
MX014,MX014-A14,MX014-A24
MX014,MX014-A14,MX014-A21
MX014,MX014-A14,MX014-A17
MX014,MX014-A14,MX014-A15
MX014,MX014-A15,MX014-A27
MX014,MX014-A16,MX014-A30
MX014,MX014-A16,MX014-A28
MX014,MX014-A16,MX014-A27
MX014,MX014-A16,MX014-A26
MX014,MX014-A16,MX014-A23
MX014,MX014-A16,MX014-A19
MX014,MX014-A16,MX014-A17
MX014,MX014-A17,MX014-A30
MX014,MX014-A17,MX014-A29
MX014,MX014-A17,MX014-A28
MX014,MX014-A17,MX014-A26
MX014,MX014-A17,MX014-A24
MX014,MX014-A17,MX014-A23
MX014,MX014-A17,MX014-A21
MX014,MX014-A17,MX014-A20
MX014,MX014-A17,MX014-A19
MX014,MX014-A17,MX014-A18
MX014,MX014-A18,MX014-A23
MX014,MX014-A18,MX014-A20
MX014,MX014-A19,MX014-A30
MX014,MX014-A19,MX014-A28
MX014,MX014-A19,MX014-A27
MX014,MX014-A19,MX014-A26
MX014,MX014-A19,MX014-A23
MX014,MX014-A20,MX014-A30
MX014,MX014-A20,MX014-A29
MX014,MX014-A20,MX014-A28
MX014,MX014-A21,MX014-A29
MX014,MX014-A21,MX014-A28
MX014,MX014-A21,MX014-A24
MX014,MX014-A22,MX014-A25
MX014,MX014-A23,MX014-A30
MX014,MX014-A23,MX014-A28
MX014,MX014-A23,MX014-A27
MX014,MX014-A23,MX014-A26
MX014,MX014-A24,MX014-A28
MX014,MX014-A26,MX014-A30
MX014,MX014-A26,MX014-A28
MX014,MX014-A26,MX014-A27
MX014,MX014-A27,MX014-A30
MX014,MX014-A27,MX014-A28
MX014,MX014-A28,MX014-A30
MX014,MX014-A28,MX014-A29
MX014,MX014-A29,MX014-A30
MX015,MX015-A01,MX015-A25
MX015,MX015-A02,MX015-A30
MX015,MX015-A02,MX015-A29
MX015,MX015-A02,MX015-A14
MX015,MX015-A02,MX015-A04
MX015,MX015-A02,MX015-A03
MX015,MX015-A03,MX015-A30
MX015,MX015-A03,MX015-A29
MX015,MX015-A03,MX015-A17
MX015,MX015-A03,MX015-A14
MX015,MX015-A03,MX015-A04
MX015,MX015-A04,MX015-A30
MX015,MX015-A04,MX015-A29
MX015,MX015-A04,MX015-A28
MX015,MX015-A04,MX015-A14
MX015,MX015-A05,MX015-A26
MX015,MX015-A05,MX015-A23
MX015,MX015-A05,MX015-A12
MX015,MX015-A06,MX015-A27
MX015,MX015-A06,MX015-A22
MX015,MX015-A06,MX015-A19
MX015,MX015-A06,MX015-A13
MX015,MX015-A06,MX015-A11
MX015,MX015-A06,MX015-A10
MX015,MX015-A06,MX015-A09
MX015,MX015-A06,MX015-A08
MX015,MX015-A06,MX015-A07
MX015,MX015-A07,MX015-A27
MX015,MX015-A07,MX015-A24
MX015,MX015-A07,MX015-A22
MX015,MX015-A07,MX015-A15
MX015,MX015-A07,MX015-A13
MX015,MX015-A07,MX015-A11
MX015,MX015-A07,MX015-A10
MX015,MX015-A07,MX015-A09
MX015,MX015-A07,MX015-A08
MX015,MX015-A08,MX015-A27
MX015,MX015-A08,MX015-A25
MX015,MX015-A08,MX015-A24
MX015,MX015-A08,MX015-A22
MX015,MX015-A08,MX015-A13
MX015,MX015-A08,MX015-A11
MX015,MX015-A08,MX015-A10
MX015,MX015-A08,MX015-A09
MX015,MX015-A09,MX015-A24
MX015,MX015-A09,MX015-A22
MX015,MX015-A09,MX015-A11
MX015,MX015-A09,MX015-A10
MX015,MX015-A10,MX015-A27
MX015,MX015-A10,MX015-A24
MX015,MX015-A10,MX015-A20
MX015,MX015-A10,MX015-A19
MX015,MX015-A10,MX015-A15
MX015,MX015-A10,MX015-A13
MX015,MX015-A10,MX015-A11
MX015,MX015-A12,MX015-A26
MX015,MX015-A12,MX015-A23
MX015,MX015-A12,MX015-A15
MX015,MX015-A13,MX015-A29
MX015,MX015-A13,MX015-A28
MX015,MX015-A13,MX015-A27
MX015,MX015-A13,MX015-A25
MX015,MX015-A13,MX015-A21
MX015,MX015-A13,MX015-A20
MX015,MX015-A13,MX015-A19
MX015,MX015-A13,MX015-A18
MX015,MX015-A13,MX015-A15
MX015,MX015-A14,MX015-A30
MX015,MX015-A14,MX015-A29
MX015,MX015-A14,MX015-A22
MX015,MX015-A15,MX015-A25
MX015,MX015-A15,MX015-A23
MX015,MX015-A15,MX015-A22
MX015,MX015-A19,MX015-A20
MX015,MX015-A22,MX015-A29
MX015,MX015-A22,MX015-A27
MX015,MX015-A22,MX015-A25
MX015,MX015-A23,MX015-A26
MX015,MX015-A25,MX015-A27
MX015,MX015-A25,MX015-A26
MX015,MX015-A29,MX015-A30
SA016,SA016-A01,SA016-A30
SA016,SA016-A01,SA016-A28
SA016,SA016-A01,SA016-A27
SA016,SA016-A01,SA016-A26
SA016,SA016-A01,SA016-A25
SA016,SA016-A01,SA016-A23
SA016,SA016-A01,SA016-A22
SA016,SA016-A01,SA016-A20
SA016,SA016-A01,SA016-A19
SA016,SA016-A01,SA016-A18
SA016,SA016-A01,SA016-A13
SA016,SA016-A01,SA016-A12
SA016,SA016-A01,SA016-A11
SA016,SA016-A01,SA016-A10
SA016,SA016-A01,SA016-A09
SA016,SA016-A01,SA016-A07
SA016,SA016-A01,SA016-A06
SA016,SA016-A01,SA016-A05
SA016,SA016-A01,SA016-A04
SA016,SA016-A01,SA016-A03
SA016,SA016-A01,SA016-A02
SA016,SA016-A02,SA016-A29
SA016,SA016-A02,SA016-A27
SA016,SA016-A02,SA016-A23
SA016,SA016-A02,SA016-A22
SA016,SA016-A02,SA016-A20
SA016,SA016-A02,SA016-A19
SA016,SA016-A02,SA016-A18
SA016,SA016-A02,SA016-A16
SA016,SA016-A02,SA016-A14
SA016,SA016-A02,SA016-A08
SA016,SA016-A02,SA016-A07
SA016,SA016-A02,SA016-A06
SA016,SA016-A02,SA016-A05
SA016,SA016-A02,SA016-A04
SA016,SA016-A02,SA016-A03
SA016,SA016-A03,SA016-A30
SA016,SA016-A03,SA016-A29
SA016,SA016-A03,SA016-A28
SA016,SA016-A03,SA016-A27
SA016,SA016-A03,SA016-A19
SA016,SA016-A03,SA016-A18
SA016,SA016-A03,SA016-A16
SA016,SA016-A03,SA016-A14
SA016,SA016-A03,SA016-A08
SA016,SA016-A03,SA016-A07
SA016,SA016-A03,SA016-A06
SA016,SA016-A03,SA016-A05
SA016,SA016-A03,SA016-A04
SA016,SA016-A04,SA016-A30
SA016,SA016-A04,SA016-A28
SA016,SA016-A04,SA016-A27
SA016,SA016-A04,SA016-A26
SA016,SA016-A04,SA016-A25
SA016,SA016-A04,SA016-A24
SA016,SA016-A04,SA016-A23
SA016,SA016-A04,SA016-A22
SA016,SA016-A04,SA016-A21
SA016,SA016-A04,SA016-A20
SA016,SA016-A04,SA016-A19
SA016,SA016-A04,SA016-A18
SA016,SA016-A04,SA016-A14
SA016,SA016-A04,SA016-A13
SA016,SA016-A04,SA016-A12
SA016,SA016-A04,SA016-A11
SA016,SA016-A04,SA016-A10
SA016,SA016-A04,SA016-A09
SA016,SA016-A04,SA016-A08
SA016,SA016-A04,SA016-A07
SA016,SA016-A04,SA016-A06
SA016,SA016-A04,SA016-A05
SA016,SA016-A05,SA016-A30
SA016,SA016-A05,SA016-A29
SA016,SA016-A05,SA016-A28
SA016,SA016-A05,SA016-A27
SA016,SA016-A05,SA016-A26
SA016,SA016-A05,SA016-A25
SA016,SA016-A05,SA016-A24
SA016,SA016-A05,SA016-A23
SA016,SA016-A05,SA016-A22
SA016,SA016-A05,SA016-A21
SA016,SA016-A05,SA016-A20
SA016,SA016-A05,SA016-A19
SA016,SA016-A05,SA016-A18
SA016,SA016-A05,SA016-A17
SA016,SA016-A05,SA016-A16
SA016,SA016-A05,SA016-A14
SA016,SA016-A05,SA016-A13
SA016,SA016-A05,SA016-A12
SA016,SA016-A05,SA016-A11
SA016,SA016-A05,SA016-A10
SA016,SA016-A05,SA016-A09
SA016,SA016-A05,SA016-A08
SA016,SA016-A05,SA016-A07
SA016,SA016-A05,SA016-A06
SA016,SA016-A06,SA016-A30
SA016,SA016-A06,SA016-A29
SA016,SA016-A06,SA016-A28
SA016,SA016-A06,SA016-A27
SA016,SA016-A06,SA016-A26
SA016,SA016-A06,SA016-A25
SA016,SA016-A06,SA016-A24
SA016,SA016-A06,SA016-A23
SA016,SA016-A06,SA016-A22
SA016,SA016-A06,SA016-A21
SA016,SA016-A06,SA016-A20
SA016,SA016-A06,SA016-A19
SA016,SA016-A06,SA016-A18
SA016,SA016-A06,SA016-A13
SA016,SA016-A06,SA016-A12
SA016,SA016-A06,SA016-A11
SA016,SA016-A06,SA016-A10
SA016,SA016-A06,SA016-A09
SA016,SA016-A06,SA016-A08
SA016,SA016-A06,SA016-A07
SA016,SA016-A07,SA016-A30
SA016,SA016-A07,SA016-A29
SA016,SA016-A07,SA016-A28
SA016,SA016-A07,SA016-A27
SA016,SA016-A07,SA016-A26
SA016,SA016-A07,SA016-A25
SA016,SA016-A07,SA016-A24
SA016,SA016-A07,SA016-A23
SA016,SA016-A07,SA016-A20
SA016,SA016-A07,SA016-A19
SA016,SA016-A07,SA016-A18
SA016,SA016-A07,SA016-A17
SA016,SA016-A07,SA016-A16
SA016,SA016-A07,SA016-A15
SA016,SA016-A07,SA016-A14
SA016,SA016-A07,SA016-A08
SA016,SA016-A08,SA016-A30
SA016,SA016-A08,SA016-A29
SA016,SA016-A08,SA016-A28
SA016,SA016-A08,SA016-A27
SA016,SA016-A08,SA016-A26
SA016,SA016-A08,SA016-A24
SA016,SA016-A08,SA016-A21
SA016,SA016-A08,SA016-A18
SA016,SA016-A08,SA016-A17
SA016,SA016-A08,SA016-A16
SA016,SA016-A08,SA016-A15
SA016,SA016-A08,SA016-A14
SA016,SA016-A09,SA016-A27
SA016,SA016-A09,SA016-A26
SA016,SA016-A09,SA016-A25
SA016,SA016-A09,SA016-A23
SA016,SA016-A09,SA016-A20
SA016,SA016-A09,SA016-A19
SA016,SA016-A09,SA016-A18
SA016,SA016-A09,SA016-A15
SA016,SA016-A09,SA016-A11
SA016,SA016-A09,SA016-A10
SA016,SA016-A10,SA016-A30
SA016,SA016-A10,SA016-A28
SA016,SA016-A10,SA016-A27
SA016,SA016-A10,SA016-A26
SA016,SA016-A10,SA016-A25
SA016,SA016-A10,SA016-A24
SA016,SA016-A10,SA016-A23
SA016,SA016-A10,SA016-A21
SA016,SA016-A10,SA016-A20
SA016,SA016-A10,SA016-A19
SA016,SA016-A10,SA016-A18
SA016,SA016-A10,SA016-A17
SA016,SA016-A10,SA016-A11
SA016,SA016-A11,SA016-A30
SA016,SA016-A11,SA016-A27
SA016,SA016-A11,SA016-A26
SA016,SA016-A11,SA016-A25
SA016,SA016-A11,SA016-A23
SA016,SA016-A11,SA016-A20
SA016,SA016-A11,SA016-A19
SA016,SA016-A11,SA016-A18
SA016,SA016-A11,SA016-A16
SA016,SA016-A11,SA016-A15
SA016,SA016-A11,SA016-A13
SA016,SA016-A11,SA016-A12
SA016,SA016-A12,SA016-A30
SA016,SA016-A12,SA016-A27
SA016,SA016-A12,SA016-A26
SA016,SA016-A12,SA016-A25
SA016,SA016-A12,SA016-A23
SA016,SA016-A12,SA016-A22
SA016,SA016-A12,SA016-A21
SA016,SA016-A12,SA016-A20
SA016,SA016-A12,SA016-A19
SA016,SA016-A12,SA016-A18
SA016,SA016-A12,SA016-A14
SA016,SA016-A12,SA016-A13
SA016,SA016-A13,SA016-A30
SA016,SA016-A13,SA016-A27
SA016,SA016-A13,SA016-A26
SA016,SA016-A13,SA016-A25
SA016,SA016-A13,SA016-A23
SA016,SA016-A13,SA016-A22
SA016,SA016-A13,SA016-A20
SA016,SA016-A13,SA016-A19
SA016,SA016-A13,SA016-A18
SA016,SA016-A14,SA016-A30
SA016,SA016-A14,SA016-A29
SA016,SA016-A14,SA016-A28
SA016,SA016-A14,SA016-A27
SA016,SA016-A14,SA016-A26
SA016,SA016-A14,SA016-A23
SA016,SA016-A14,SA016-A22
SA016,SA016-A14,SA016-A21
SA016,SA016-A14,SA016-A20
SA016,SA016-A14,SA016-A19
SA016,SA016-A14,SA016-A18
SA016,SA016-A14,SA016-A17
SA016,SA016-A15,SA016-A30
SA016,SA016-A15,SA016-A29
SA016,SA016-A15,SA016-A28
SA016,SA016-A15,SA016-A27
SA016,SA016-A15,SA016-A26
SA016,SA016-A15,SA016-A25
SA016,SA016-A15,SA016-A23
SA016,SA016-A15,SA016-A21
SA016,SA016-A15,SA016-A20
SA016,SA016-A15,SA016-A19
SA016,SA016-A15,SA016-A18
SA016,SA016-A15,SA016-A16
SA016,SA016-A16,SA016-A30
SA016,SA016-A16,SA016-A29
SA016,SA016-A16,SA016-A28
SA016,SA016-A16,SA016-A27
SA016,SA016-A16,SA016-A23
SA016,SA016-A16,SA016-A22
SA016,SA016-A16,SA016-A21
SA016,SA016-A16,SA016-A20
SA016,SA016-A16,SA016-A19
SA016,SA016-A16,SA016-A18
SA016,SA016-A16,SA016-A17
SA016,SA016-A17,SA016-A30
SA016,SA016-A17,SA016-A29
SA016,SA016-A17,SA016-A28
SA016,SA016-A17,SA016-A27
SA016,SA016-A17,SA016-A26
SA016,SA016-A17,SA016-A25
SA016,SA016-A17,SA016-A20
SA016,SA016-A17,SA016-A19
SA016,SA016-A17,SA016-A18
SA016,SA016-A18,SA016-A30
SA016,SA016-A18,SA016-A29
SA016,SA016-A18,SA016-A28
SA016,SA016-A18,SA016-A27
SA016,SA016-A18,SA016-A26
SA016,SA016-A18,SA016-A25
SA016,SA016-A18,SA016-A24
SA016,SA016-A18,SA016-A23
SA016,SA016-A18,SA016-A20
SA016,SA016-A18,SA016-A19
SA016,SA016-A19,SA016-A30
SA016,SA016-A19,SA016-A27
SA016,SA016-A19,SA016-A26
SA016,SA016-A19,SA016-A25
SA016,SA016-A19,SA016-A23
SA016,SA016-A19,SA016-A22
SA016,SA016-A19,SA016-A20
SA016,SA016-A20,SA016-A30
SA016,SA016-A20,SA016-A28
SA016,SA016-A20,SA016-A27
SA016,SA016-A20,SA016-A26
SA016,SA016-A20,SA016-A25
SA016,SA016-A20,SA016-A23
SA016,SA016-A21,SA016-A30
SA016,SA016-A21,SA016-A28
SA016,SA016-A21,SA016-A27
SA016,SA016-A21,SA016-A26
SA016,SA016-A21,SA016-A25
SA016,SA016-A21,SA016-A24
SA016,SA016-A21,SA016-A23
SA016,SA016-A22,SA016-A28
SA016,SA016-A22,SA016-A27
SA016,SA016-A22,SA016-A26
SA016,SA016-A22,SA016-A25
SA016,SA016-A22,SA016-A23
SA016,SA016-A23,SA016-A28
SA016,SA016-A23,SA016-A27
SA016,SA016-A23,SA016-A26
SA016,SA016-A23,SA016-A25
SA016,SA016-A24,SA016-A29
SA016,SA016-A24,SA016-A28
SA016,SA016-A24,SA016-A26
SA016,SA016-A24,SA016-A25
SA016,SA016-A25,SA016-A30
SA016,SA016-A25,SA016-A29
SA016,SA016-A25,SA016-A28
SA016,SA016-A25,SA016-A27
SA016,SA016-A25,SA016-A26
SA016,SA016-A26,SA016-A30
SA016,SA016-A26,SA016-A27
SA016,SA016-A27,SA016-A30
SA016,SA016-A27,SA016-A29
SA016,SA016-A27,SA016-A28
SA016,SA016-A28,SA016-A30
SA016,SA016-A28,SA016-A29
SA016,SA016-A29,SA016-A30
SA017,SA017-A01,SA017-A26
SA017,SA017-A01,SA017-A22
SA017,SA017-A01,SA017-A21
SA017,SA017-A01,SA017-A20
SA017,SA017-A01,SA017-A19
SA017,SA017-A01,SA017-A18
SA017,SA017-A01,SA017-A17
SA017,SA017-A01,SA017-A16
SA017,SA017-A01,SA017-A15
SA017,SA017-A01,SA017-A14
SA017,SA017-A01,SA017-A13
SA017,SA017-A01,SA017-A09
SA017,SA017-A01,SA017-A08
SA017,SA017-A01,SA017-A07
SA017,SA017-A01,SA017-A06
SA017,SA017-A01,SA017-A05
SA017,SA017-A01,SA017-A04
SA017,SA017-A01,SA017-A03
SA017,SA017-A01,SA017-A02
SA017,SA017-A02,SA017-A30
SA017,SA017-A02,SA017-A28
SA017,SA017-A02,SA017-A27
SA017,SA017-A02,SA017-A25
SA017,SA017-A02,SA017-A24
SA017,SA017-A02,SA017-A23
SA017,SA017-A02,SA017-A22
SA017,SA017-A02,SA017-A17
SA017,SA017-A02,SA017-A09
SA017,SA017-A02,SA017-A08
SA017,SA017-A02,SA017-A07
SA017,SA017-A02,SA017-A06
SA017,SA017-A02,SA017-A05
SA017,SA017-A02,SA017-A04
SA017,SA017-A02,SA017-A03
SA017,SA017-A03,SA017-A30
SA017,SA017-A03,SA017-A28
SA017,SA017-A03,SA017-A27
SA017,SA017-A03,SA017-A25
SA017,SA017-A03,SA017-A24
SA017,SA017-A03,SA017-A23
SA017,SA017-A03,SA017-A22
SA017,SA017-A03,SA017-A16
SA017,SA017-A03,SA017-A08
SA017,SA017-A03,SA017-A07
SA017,SA017-A03,SA017-A06
SA017,SA017-A03,SA017-A05
SA017,SA017-A03,SA017-A04
SA017,SA017-A04,SA017-A30
SA017,SA017-A04,SA017-A28
SA017,SA017-A04,SA017-A27
SA017,SA017-A04,SA017-A25
SA017,SA017-A04,SA017-A24
SA017,SA017-A04,SA017-A23
SA017,SA017-A04,SA017-A22
SA017,SA017-A04,SA017-A09
SA017,SA017-A04,SA017-A08
SA017,SA017-A04,SA017-A07
SA017,SA017-A04,SA017-A06
SA017,SA017-A04,SA017-A05
SA017,SA017-A05,SA017-A30
SA017,SA017-A05,SA017-A28
SA017,SA017-A05,SA017-A27
SA017,SA017-A05,SA017-A25
SA017,SA017-A05,SA017-A24
SA017,SA017-A05,SA017-A23
SA017,SA017-A05,SA017-A22
SA017,SA017-A05,SA017-A07
SA017,SA017-A05,SA017-A06
SA017,SA017-A06,SA017-A30
SA017,SA017-A06,SA017-A28
SA017,SA017-A06,SA017-A27
SA017,SA017-A06,SA017-A25
SA017,SA017-A06,SA017-A24
SA017,SA017-A06,SA017-A23
SA017,SA017-A06,SA017-A22
SA017,SA017-A06,SA017-A07
SA017,SA017-A07,SA017-A30
SA017,SA017-A07,SA017-A28
SA017,SA017-A07,SA017-A27
SA017,SA017-A07,SA017-A25
SA017,SA017-A07,SA017-A24
SA017,SA017-A07,SA017-A23
SA017,SA017-A07,SA017-A22
SA017,SA017-A08,SA017-A21
SA017,SA017-A08,SA017-A19
SA017,SA017-A08,SA017-A18
SA017,SA017-A08,SA017-A17
SA017,SA017-A08,SA017-A16
SA017,SA017-A08,SA017-A09
SA017,SA017-A09,SA017-A21
SA017,SA017-A09,SA017-A19
SA017,SA017-A09,SA017-A18
SA017,SA017-A09,SA017-A17
SA017,SA017-A09,SA017-A16
SA017,SA017-A09,SA017-A15
SA017,SA017-A10,SA017-A29
SA017,SA017-A10,SA017-A12
SA017,SA017-A10,SA017-A11
SA017,SA017-A11,SA017-A29
SA017,SA017-A11,SA017-A12
SA017,SA017-A12,SA017-A29
SA017,SA017-A13,SA017-A21
SA017,SA017-A13,SA017-A20
SA017,SA017-A13,SA017-A19
SA017,SA017-A13,SA017-A18
SA017,SA017-A13,SA017-A16
SA017,SA017-A13,SA017-A15
SA017,SA017-A13,SA017-A14
SA017,SA017-A14,SA017-A28
SA017,SA017-A14,SA017-A27
SA017,SA017-A14,SA017-A26
SA017,SA017-A14,SA017-A24
SA017,SA017-A14,SA017-A22
SA017,SA017-A14,SA017-A21
SA017,SA017-A14,SA017-A20
SA017,SA017-A14,SA017-A16
SA017,SA017-A14,SA017-A15
SA017,SA017-A15,SA017-A30
SA017,SA017-A15,SA017-A28
SA017,SA017-A15,SA017-A27
SA017,SA017-A15,SA017-A26
SA017,SA017-A15,SA017-A23
SA017,SA017-A15,SA017-A22
SA017,SA017-A15,SA017-A21
SA017,SA017-A15,SA017-A20
SA017,SA017-A15,SA017-A19
SA017,SA017-A15,SA017-A18
SA017,SA017-A15,SA017-A17
SA017,SA017-A15,SA017-A16
SA017,SA017-A16,SA017-A28
SA017,SA017-A16,SA017-A27
SA017,SA017-A16,SA017-A26
SA017,SA017-A16,SA017-A25
SA017,SA017-A16,SA017-A24
SA017,SA017-A16,SA017-A23
SA017,SA017-A16,SA017-A22
SA017,SA017-A16,SA017-A21
SA017,SA017-A16,SA017-A18
SA017,SA017-A17,SA017-A30
SA017,SA017-A17,SA017-A29
SA017,SA017-A17,SA017-A28
SA017,SA017-A17,SA017-A27
SA017,SA017-A17,SA017-A26
SA017,SA017-A17,SA017-A24
SA017,SA017-A17,SA017-A23
SA017,SA017-A17,SA017-A22
SA017,SA017-A17,SA017-A19
SA017,SA017-A17,SA017-A18
SA017,SA017-A18,SA017-A30
SA017,SA017-A18,SA017-A29
SA017,SA017-A18,SA017-A28
SA017,SA017-A18,SA017-A27
SA017,SA017-A18,SA017-A26
SA017,SA017-A18,SA017-A24
SA017,SA017-A18,SA017-A23
SA017,SA017-A18,SA017-A22
SA017,SA017-A18,SA017-A20
SA017,SA017-A18,SA017-A19
SA017,SA017-A19,SA017-A29
SA017,SA017-A19,SA017-A28
SA017,SA017-A19,SA017-A27
SA017,SA017-A19,SA017-A26
SA017,SA017-A19,SA017-A24
SA017,SA017-A19,SA017-A23
SA017,SA017-A19,SA017-A22
SA017,SA017-A19,SA017-A21
SA017,SA017-A20,SA017-A30
SA017,SA017-A20,SA017-A28
SA017,SA017-A20,SA017-A26
SA017,SA017-A20,SA017-A25
SA017,SA017-A20,SA017-A24
SA017,SA017-A20,SA017-A22
SA017,SA017-A20,SA017-A21
SA017,SA017-A21,SA017-A30
SA017,SA017-A21,SA017-A29
SA017,SA017-A21,SA017-A28
SA017,SA017-A21,SA017-A26
SA017,SA017-A21,SA017-A25
SA017,SA017-A21,SA017-A24
SA017,SA017-A21,SA017-A22
SA017,SA017-A22,SA017-A30
SA017,SA017-A22,SA017-A29
SA017,SA017-A22,SA017-A28
SA017,SA017-A22,SA017-A27
SA017,SA017-A22,SA017-A26
SA017,SA017-A22,SA017-A24
SA017,SA017-A22,SA017-A23
SA017,SA017-A23,SA017-A30
SA017,SA017-A23,SA017-A28
SA017,SA017-A23,SA017-A27
SA017,SA017-A23,SA017-A24
SA017,SA017-A24,SA017-A30
SA017,SA017-A24,SA017-A29
SA017,SA017-A24,SA017-A26
SA017,SA017-A25,SA017-A30
SA017,SA017-A25,SA017-A29
SA017,SA017-A25,SA017-A28
SA017,SA017-A25,SA017-A27
SA017,SA017-A25,SA017-A26
SA017,SA017-A26,SA017-A30
SA017,SA017-A26,SA017-A29
SA017,SA017-A26,SA017-A28
SA017,SA017-A26,SA017-A27
SA017,SA017-A27,SA017-A30
SA017,SA017-A27,SA017-A29
SA017,SA017-A27,SA017-A28
SA017,SA017-A28,SA017-A30
SA017,SA017-A28,SA017-A29
SA018,SA018-A01,SA018-A27
SA018,SA018-A01,SA018-A26
SA018,SA018-A01,SA018-A24
SA018,SA018-A01,SA018-A23
SA018,SA018-A01,SA018-A22
SA018,SA018-A01,SA018-A21
SA018,SA018-A01,SA018-A20
SA018,SA018-A01,SA018-A19
SA018,SA018-A01,SA018-A18
SA018,SA018-A01,SA018-A16
SA018,SA018-A01,SA018-A15
SA018,SA018-A01,SA018-A14
SA018,SA018-A01,SA018-A13
SA018,SA018-A01,SA018-A12
SA018,SA018-A01,SA018-A09
SA018,SA018-A01,SA018-A08
SA018,SA018-A01,SA018-A07
SA018,SA018-A01,SA018-A06
SA018,SA018-A01,SA018-A04
SA018,SA018-A01,SA018-A03
SA018,SA018-A01,SA018-A02
SA018,SA018-A02,SA018-A27
SA018,SA018-A02,SA018-A26
SA018,SA018-A02,SA018-A25
SA018,SA018-A02,SA018-A24
SA018,SA018-A02,SA018-A22
SA018,SA018-A02,SA018-A21
SA018,SA018-A02,SA018-A20
SA018,SA018-A02,SA018-A19
SA018,SA018-A02,SA018-A14
SA018,SA018-A02,SA018-A13
SA018,SA018-A02,SA018-A12
SA018,SA018-A02,SA018-A11
SA018,SA018-A02,SA018-A10
SA018,SA018-A02,SA018-A09
SA018,SA018-A02,SA018-A08
SA018,SA018-A02,SA018-A07
SA018,SA018-A02,SA018-A06
SA018,SA018-A02,SA018-A04
SA018,SA018-A02,SA018-A03
SA018,SA018-A03,SA018-A28
SA018,SA018-A03,SA018-A24
SA018,SA018-A03,SA018-A23
SA018,SA018-A03,SA018-A22
SA018,SA018-A03,SA018-A21
SA018,SA018-A03,SA018-A16
SA018,SA018-A03,SA018-A14
SA018,SA018-A03,SA018-A13
SA018,SA018-A03,SA018-A11
SA018,SA018-A03,SA018-A10
SA018,SA018-A03,SA018-A09
SA018,SA018-A03,SA018-A07
SA018,SA018-A03,SA018-A06
SA018,SA018-A03,SA018-A04
SA018,SA018-A04,SA018-A28
SA018,SA018-A04,SA018-A27
SA018,SA018-A04,SA018-A26
SA018,SA018-A04,SA018-A22
SA018,SA018-A04,SA018-A21
SA018,SA018-A04,SA018-A18
SA018,SA018-A04,SA018-A17
SA018,SA018-A04,SA018-A16
SA018,SA018-A04,SA018-A15
SA018,SA018-A04,SA018-A14
SA018,SA018-A04,SA018-A12
SA018,SA018-A04,SA018-A11
SA018,SA018-A04,SA018-A10
SA018,SA018-A04,SA018-A09
SA018,SA018-A04,SA018-A07
SA018,SA018-A04,SA018-A06
SA018,SA018-A04,SA018-A05
SA018,SA018-A05,SA018-A30
SA018,SA018-A05,SA018-A29
SA018,SA018-A05,SA018-A28
SA018,SA018-A05,SA018-A27
SA018,SA018-A05,SA018-A26
SA018,SA018-A05,SA018-A25
SA018,SA018-A05,SA018-A24
SA018,SA018-A05,SA018-A20
SA018,SA018-A05,SA018-A19
SA018,SA018-A05,SA018-A18
SA018,SA018-A05,SA018-A17
SA018,SA018-A05,SA018-A16
SA018,SA018-A05,SA018-A15
SA018,SA018-A05,SA018-A06
SA018,SA018-A06,SA018-A27
SA018,SA018-A06,SA018-A26
SA018,SA018-A06,SA018-A25
SA018,SA018-A06,SA018-A19
SA018,SA018-A06,SA018-A18
SA018,SA018-A06,SA018-A17
SA018,SA018-A06,SA018-A16
SA018,SA018-A06,SA018-A14
SA018,SA018-A06,SA018-A13
SA018,SA018-A06,SA018-A07
SA018,SA018-A07,SA018-A29
SA018,SA018-A07,SA018-A27
SA018,SA018-A07,SA018-A26
SA018,SA018-A07,SA018-A25
SA018,SA018-A07,SA018-A24
SA018,SA018-A07,SA018-A23
SA018,SA018-A07,SA018-A22
SA018,SA018-A07,SA018-A21
SA018,SA018-A07,SA018-A16
SA018,SA018-A07,SA018-A14
SA018,SA018-A07,SA018-A13
SA018,SA018-A07,SA018-A12
SA018,SA018-A07,SA018-A11
SA018,SA018-A07,SA018-A10
SA018,SA018-A07,SA018-A09
SA018,SA018-A07,SA018-A08
SA018,SA018-A08,SA018-A30
SA018,SA018-A08,SA018-A29
SA018,SA018-A08,SA018-A28
SA018,SA018-A08,SA018-A26
SA018,SA018-A08,SA018-A25
SA018,SA018-A09,SA018-A22
SA018,SA018-A09,SA018-A21
SA018,SA018-A09,SA018-A20
SA018,SA018-A09,SA018-A16
SA018,SA018-A09,SA018-A15
SA018,SA018-A09,SA018-A14
SA018,SA018-A09,SA018-A13
SA018,SA018-A09,SA018-A10
SA018,SA018-A10,SA018-A26
SA018,SA018-A10,SA018-A22
SA018,SA018-A10,SA018-A21
SA018,SA018-A10,SA018-A20
SA018,SA018-A10,SA018-A16
SA018,SA018-A10,SA018-A15
SA018,SA018-A10,SA018-A14
SA018,SA018-A10,SA018-A13
SA018,SA018-A10,SA018-A11
SA018,SA018-A11,SA018-A22
SA018,SA018-A11,SA018-A21
SA018,SA018-A11,SA018-A14
SA018,SA018-A12,SA018-A22
SA018,SA018-A12,SA018-A21
SA018,SA018-A12,SA018-A14
SA018,SA018-A12,SA018-A13
SA018,SA018-A13,SA018-A27
SA018,SA018-A13,SA018-A26
SA018,SA018-A13,SA018-A25
SA018,SA018-A13,SA018-A16
SA018,SA018-A13,SA018-A15
SA018,SA018-A14,SA018-A25
SA018,SA018-A14,SA018-A23
SA018,SA018-A14,SA018-A22
SA018,SA018-A14,SA018-A21
SA018,SA018-A14,SA018-A20
SA018,SA018-A14,SA018-A16
SA018,SA018-A14,SA018-A15
SA018,SA018-A15,SA018-A30
SA018,SA018-A15,SA018-A29
SA018,SA018-A15,SA018-A28
SA018,SA018-A15,SA018-A27
SA018,SA018-A15,SA018-A26
SA018,SA018-A15,SA018-A25
SA018,SA018-A15,SA018-A17
SA018,SA018-A15,SA018-A16
SA018,SA018-A16,SA018-A29
SA018,SA018-A16,SA018-A28
SA018,SA018-A16,SA018-A26
SA018,SA018-A16,SA018-A25
SA018,SA018-A16,SA018-A18
SA018,SA018-A16,SA018-A17
SA018,SA018-A17,SA018-A30
SA018,SA018-A17,SA018-A29
SA018,SA018-A17,SA018-A28
SA018,SA018-A17,SA018-A26
SA018,SA018-A17,SA018-A25
SA018,SA018-A17,SA018-A19
SA018,SA018-A17,SA018-A18
SA018,SA018-A18,SA018-A30
SA018,SA018-A18,SA018-A29
SA018,SA018-A18,SA018-A28
SA018,SA018-A18,SA018-A26
SA018,SA018-A18,SA018-A20
SA018,SA018-A18,SA018-A19
SA018,SA018-A19,SA018-A27
SA018,SA018-A20,SA018-A28
SA018,SA018-A20,SA018-A27
SA018,SA018-A20,SA018-A26
SA018,SA018-A20,SA018-A24
SA018,SA018-A20,SA018-A22
SA018,SA018-A20,SA018-A21
SA018,SA018-A21,SA018-A25
SA018,SA018-A21,SA018-A24
SA018,SA018-A21,SA018-A22
SA018,SA018-A22,SA018-A25
SA018,SA018-A22,SA018-A24
SA018,SA018-A22,SA018-A23
SA018,SA018-A23,SA018-A25
SA018,SA018-A23,SA018-A24
SA018,SA018-A24,SA018-A29
SA018,SA018-A24,SA018-A28
SA018,SA018-A24,SA018-A27
SA018,SA018-A24,SA018-A26
SA018,SA018-A24,SA018-A25
SA018,SA018-A25,SA018-A28
SA018,SA018-A25,SA018-A26
SA018,SA018-A26,SA018-A30
SA018,SA018-A26,SA018-A29
SA018,SA018-A26,SA018-A28
SA018,SA018-A28,SA018-A30
SA018,SA018-A28,SA018-A29
SA018,SA018-A29,SA018-A30
SA019,SA019-A01,SA019-A29
SA019,SA019-A01,SA019-A28
SA019,SA019-A01,SA019-A27
SA019,SA019-A01,SA019-A25
SA019,SA019-A01,SA019-A24
SA019,SA019-A01,SA019-A23
SA019,SA019-A01,SA019-A22
SA019,SA019-A01,SA019-A21
SA019,SA019-A01,SA019-A20
SA019,SA019-A01,SA019-A19
SA019,SA019-A01,SA019-A18
SA019,SA019-A01,SA019-A17
SA019,SA019-A01,SA019-A16
SA019,SA019-A01,SA019-A14
SA019,SA019-A01,SA019-A11
SA019,SA019-A01,SA019-A10
SA019,SA019-A01,SA019-A09
SA019,SA019-A01,SA019-A08
SA019,SA019-A01,SA019-A06
SA019,SA019-A01,SA019-A05
SA019,SA019-A02,SA019-A14
SA019,SA019-A02,SA019-A04
SA019,SA019-A02,SA019-A03
SA019,SA019-A03,SA019-A04
SA019,SA019-A05,SA019-A29
SA019,SA019-A05,SA019-A28
SA019,SA019-A05,SA019-A27
SA019,SA019-A05,SA019-A24
SA019,SA019-A05,SA019-A22
SA019,SA019-A05,SA019-A21
SA019,SA019-A05,SA019-A20
SA019,SA019-A05,SA019-A19
SA019,SA019-A05,SA019-A18
SA019,SA019-A05,SA019-A17
SA019,SA019-A05,SA019-A16
SA019,SA019-A05,SA019-A13
SA019,SA019-A05,SA019-A12
SA019,SA019-A05,SA019-A11
SA019,SA019-A05,SA019-A10
SA019,SA019-A05,SA019-A09
SA019,SA019-A05,SA019-A07
SA019,SA019-A05,SA019-A06
SA019,SA019-A06,SA019-A30
SA019,SA019-A06,SA019-A29
SA019,SA019-A06,SA019-A28
SA019,SA019-A06,SA019-A27
SA019,SA019-A06,SA019-A24
SA019,SA019-A06,SA019-A23
SA019,SA019-A06,SA019-A22
SA019,SA019-A06,SA019-A21
SA019,SA019-A06,SA019-A20
SA019,SA019-A06,SA019-A19
SA019,SA019-A06,SA019-A18
SA019,SA019-A06,SA019-A17
SA019,SA019-A06,SA019-A16
SA019,SA019-A06,SA019-A15
SA019,SA019-A06,SA019-A14
SA019,SA019-A06,SA019-A13
SA019,SA019-A06,SA019-A12
SA019,SA019-A06,SA019-A11
SA019,SA019-A06,SA019-A10
SA019,SA019-A06,SA019-A09
SA019,SA019-A06,SA019-A07
SA019,SA019-A07,SA019-A24
SA019,SA019-A07,SA019-A22
SA019,SA019-A07,SA019-A21
SA019,SA019-A07,SA019-A20
SA019,SA019-A07,SA019-A19
SA019,SA019-A07,SA019-A18
SA019,SA019-A07,SA019-A17
SA019,SA019-A07,SA019-A16
SA019,SA019-A07,SA019-A13
SA019,SA019-A07,SA019-A12
SA019,SA019-A07,SA019-A11
SA019,SA019-A07,SA019-A10
SA019,SA019-A08,SA019-A15
SA019,SA019-A08,SA019-A14
SA019,SA019-A09,SA019-A22
SA019,SA019-A09,SA019-A21
SA019,SA019-A09,SA019-A20
SA019,SA019-A09,SA019-A19
SA019,SA019-A09,SA019-A18
SA019,SA019-A09,SA019-A17
SA019,SA019-A09,SA019-A16
SA019,SA019-A09,SA019-A11
SA019,SA019-A09,SA019-A10
SA019,SA019-A10,SA019-A23
SA019,SA019-A10,SA019-A22
SA019,SA019-A10,SA019-A21
SA019,SA019-A10,SA019-A20
SA019,SA019-A10,SA019-A19
SA019,SA019-A10,SA019-A18
SA019,SA019-A10,SA019-A17
SA019,SA019-A10,SA019-A16
SA019,SA019-A10,SA019-A11
SA019,SA019-A11,SA019-A24
SA019,SA019-A11,SA019-A23
SA019,SA019-A11,SA019-A22
SA019,SA019-A11,SA019-A21
SA019,SA019-A11,SA019-A20
SA019,SA019-A11,SA019-A19
SA019,SA019-A11,SA019-A18
SA019,SA019-A11,SA019-A17
SA019,SA019-A11,SA019-A16
SA019,SA019-A12,SA019-A24
SA019,SA019-A12,SA019-A22
SA019,SA019-A12,SA019-A21
SA019,SA019-A12,SA019-A20
SA019,SA019-A12,SA019-A19
SA019,SA019-A12,SA019-A18
SA019,SA019-A12,SA019-A17
SA019,SA019-A12,SA019-A16
SA019,SA019-A12,SA019-A13
SA019,SA019-A13,SA019-A22
SA019,SA019-A13,SA019-A21
SA019,SA019-A13,SA019-A20
SA019,SA019-A13,SA019-A19
SA019,SA019-A13,SA019-A18
SA019,SA019-A13,SA019-A17
SA019,SA019-A13,SA019-A16
SA019,SA019-A14,SA019-A22
SA019,SA019-A14,SA019-A21
SA019,SA019-A14,SA019-A20
SA019,SA019-A14,SA019-A19
SA019,SA019-A14,SA019-A18
SA019,SA019-A14,SA019-A17
SA019,SA019-A14,SA019-A16
SA019,SA019-A14,SA019-A15
SA019,SA019-A15,SA019-A24
SA019,SA019-A15,SA019-A22
SA019,SA019-A15,SA019-A21
SA019,SA019-A15,SA019-A16
SA019,SA019-A16,SA019-A29
SA019,SA019-A16,SA019-A28
SA019,SA019-A16,SA019-A27
SA019,SA019-A16,SA019-A24
SA019,SA019-A16,SA019-A23
SA019,SA019-A16,SA019-A22
SA019,SA019-A16,SA019-A21
SA019,SA019-A16,SA019-A20
SA019,SA019-A16,SA019-A19
SA019,SA019-A16,SA019-A18
SA019,SA019-A16,SA019-A17
SA019,SA019-A17,SA019-A26
SA019,SA019-A17,SA019-A25
SA019,SA019-A17,SA019-A24
SA019,SA019-A17,SA019-A23
SA019,SA019-A17,SA019-A22
SA019,SA019-A17,SA019-A21
SA019,SA019-A17,SA019-A20
SA019,SA019-A17,SA019-A19
SA019,SA019-A17,SA019-A18
SA019,SA019-A18,SA019-A29
SA019,SA019-A18,SA019-A28
SA019,SA019-A18,SA019-A27
SA019,SA019-A18,SA019-A26
SA019,SA019-A18,SA019-A25
SA019,SA019-A18,SA019-A24
SA019,SA019-A18,SA019-A23
SA019,SA019-A18,SA019-A22
SA019,SA019-A18,SA019-A21
SA019,SA019-A18,SA019-A20
SA019,SA019-A18,SA019-A19
SA019,SA019-A19,SA019-A29
SA019,SA019-A19,SA019-A28
SA019,SA019-A19,SA019-A27
SA019,SA019-A19,SA019-A26
SA019,SA019-A19,SA019-A25
SA019,SA019-A19,SA019-A24
SA019,SA019-A19,SA019-A23
SA019,SA019-A19,SA019-A22
SA019,SA019-A19,SA019-A21
SA019,SA019-A19,SA019-A20
SA019,SA019-A20,SA019-A29
SA019,SA019-A20,SA019-A28
SA019,SA019-A20,SA019-A27
SA019,SA019-A20,SA019-A24
SA019,SA019-A20,SA019-A23
SA019,SA019-A20,SA019-A22
SA019,SA019-A20,SA019-A21
SA019,SA019-A21,SA019-A24
SA019,SA019-A21,SA019-A23
SA019,SA019-A21,SA019-A22
SA019,SA019-A22,SA019-A29
SA019,SA019-A22,SA019-A28
SA019,SA019-A22,SA019-A25
SA019,SA019-A22,SA019-A24
SA019,SA019-A22,SA019-A23
SA019,SA019-A23,SA019-A29
SA019,SA019-A23,SA019-A28
SA019,SA019-A23,SA019-A27
SA019,SA019-A25,SA019-A26
SA019,SA019-A28,SA019-A29
SA020,SA020-A01,SA020-A30
SA020,SA020-A01,SA020-A28
SA020,SA020-A01,SA020-A27
SA020,SA020-A01,SA020-A26
SA020,SA020-A01,SA020-A25
SA020,SA020-A01,SA020-A22
SA020,SA020-A01,SA020-A20
SA020,SA020-A01,SA020-A17
SA020,SA020-A01,SA020-A13
SA020,SA020-A01,SA020-A12
SA020,SA020-A01,SA020-A11
SA020,SA020-A01,SA020-A10
SA020,SA020-A01,SA020-A09
SA020,SA020-A01,SA020-A02
SA020,SA020-A02,SA020-A30
SA020,SA020-A02,SA020-A20
SA020,SA020-A02,SA020-A19
SA020,SA020-A02,SA020-A17
SA020,SA020-A02,SA020-A09
SA020,SA020-A03,SA020-A24
SA020,SA020-A03,SA020-A08
SA020,SA020-A03,SA020-A07
SA020,SA020-A03,SA020-A05
SA020,SA020-A03,SA020-A04
SA020,SA020-A04,SA020-A24
SA020,SA020-A04,SA020-A22
SA020,SA020-A04,SA020-A08
SA020,SA020-A04,SA020-A07
SA020,SA020-A04,SA020-A05
SA020,SA020-A05,SA020-A08
SA020,SA020-A05,SA020-A07
SA020,SA020-A06,SA020-A26
SA020,SA020-A06,SA020-A25
SA020,SA020-A06,SA020-A19
SA020,SA020-A06,SA020-A18
SA020,SA020-A07,SA020-A29
SA020,SA020-A07,SA020-A25
SA020,SA020-A07,SA020-A24
SA020,SA020-A07,SA020-A08
SA020,SA020-A08,SA020-A27
SA020,SA020-A08,SA020-A26
SA020,SA020-A08,SA020-A24
SA020,SA020-A09,SA020-A30
SA020,SA020-A09,SA020-A29
SA020,SA020-A09,SA020-A28
SA020,SA020-A09,SA020-A27
SA020,SA020-A09,SA020-A26
SA020,SA020-A09,SA020-A25
SA020,SA020-A09,SA020-A22
SA020,SA020-A09,SA020-A20
SA020,SA020-A09,SA020-A19
SA020,SA020-A09,SA020-A17
SA020,SA020-A09,SA020-A14
SA020,SA020-A09,SA020-A13
SA020,SA020-A09,SA020-A12
SA020,SA020-A09,SA020-A11
SA020,SA020-A09,SA020-A10
SA020,SA020-A10,SA020-A30
SA020,SA020-A10,SA020-A29
SA020,SA020-A10,SA020-A28
SA020,SA020-A10,SA020-A27
SA020,SA020-A10,SA020-A26
SA020,SA020-A10,SA020-A25
SA020,SA020-A10,SA020-A22
SA020,SA020-A10,SA020-A20
SA020,SA020-A10,SA020-A19
SA020,SA020-A10,SA020-A18
SA020,SA020-A10,SA020-A17
SA020,SA020-A10,SA020-A14
SA020,SA020-A10,SA020-A13
SA020,SA020-A10,SA020-A12
SA020,SA020-A10,SA020-A11
SA020,SA020-A11,SA020-A30
SA020,SA020-A11,SA020-A29
SA020,SA020-A11,SA020-A26
SA020,SA020-A11,SA020-A25
SA020,SA020-A11,SA020-A22
SA020,SA020-A11,SA020-A20
SA020,SA020-A11,SA020-A19
SA020,SA020-A11,SA020-A17
SA020,SA020-A11,SA020-A14
SA020,SA020-A11,SA020-A13
SA020,SA020-A11,SA020-A12
SA020,SA020-A12,SA020-A30
SA020,SA020-A12,SA020-A29
SA020,SA020-A12,SA020-A28
SA020,SA020-A12,SA020-A27
SA020,SA020-A12,SA020-A26
SA020,SA020-A12,SA020-A25
SA020,SA020-A12,SA020-A22
SA020,SA020-A12,SA020-A20
SA020,SA020-A12,SA020-A19
SA020,SA020-A12,SA020-A17
SA020,SA020-A12,SA020-A14
SA020,SA020-A12,SA020-A13
SA020,SA020-A13,SA020-A30
SA020,SA020-A13,SA020-A26
SA020,SA020-A13,SA020-A25
SA020,SA020-A13,SA020-A22
SA020,SA020-A13,SA020-A20
SA020,SA020-A13,SA020-A19
SA020,SA020-A13,SA020-A14
SA020,SA020-A14,SA020-A30
SA020,SA020-A14,SA020-A20
SA020,SA020-A14,SA020-A19
SA020,SA020-A15,SA020-A25
SA020,SA020-A15,SA020-A20
SA020,SA020-A16,SA020-A30
SA020,SA020-A16,SA020-A25
SA020,SA020-A16,SA020-A20
SA020,SA020-A16,SA020-A19
SA020,SA020-A16,SA020-A17
SA020,SA020-A17,SA020-A30
SA020,SA020-A17,SA020-A25
SA020,SA020-A18,SA020-A30
SA020,SA020-A18,SA020-A29
SA020,SA020-A18,SA020-A27
SA020,SA020-A18,SA020-A26
SA020,SA020-A18,SA020-A25
SA020,SA020-A18,SA020-A20
SA020,SA020-A18,SA020-A19
SA020,SA020-A19,SA020-A30
SA020,SA020-A19,SA020-A29
SA020,SA020-A19,SA020-A28
SA020,SA020-A19,SA020-A27
SA020,SA020-A19,SA020-A26
SA020,SA020-A19,SA020-A25
SA020,SA020-A19,SA020-A24
SA020,SA020-A19,SA020-A22
SA020,SA020-A19,SA020-A20
SA020,SA020-A20,SA020-A30
SA020,SA020-A20,SA020-A26
SA020,SA020-A20,SA020-A25
SA020,SA020-A20,SA020-A22
SA020,SA020-A21,SA020-A26
SA020,SA020-A21,SA020-A25
SA020,SA020-A22,SA020-A30
SA020,SA020-A22,SA020-A26
SA020,SA020-A22,SA020-A25
SA020,SA020-A23,SA020-A30
SA020,SA020-A23,SA020-A29
SA020,SA020-A23,SA020-A26
SA020,SA020-A23,SA020-A25
SA020,SA020-A24,SA020-A30
SA020,SA020-A24,SA020-A28
SA020,SA020-A25,SA020-A30
SA020,SA020-A25,SA020-A29
SA020,SA020-A25,SA020-A28
SA020,SA020-A25,SA020-A27
SA020,SA020-A25,SA020-A26
SA020,SA020-A26,SA020-A30
SA020,SA020-A26,SA020-A29
SA020,SA020-A26,SA020-A28
SA020,SA020-A26,SA020-A27
SA020,SA020-A27,SA020-A30
SA020,SA020-A27,SA020-A29
SA020,SA020-A27,SA020-A28
SA020,SA020-A28,SA020-A30
SA020,SA020-A28,SA020-A29
SA020,SA020-A29,SA020-A30
SA021,SA021-A01,SA021-A30
SA021,SA021-A01,SA021-A29
SA021,SA021-A01,SA021-A28
SA021,SA021-A01,SA021-A24
SA021,SA021-A01,SA021-A16
SA021,SA021-A01,SA021-A15
SA021,SA021-A01,SA021-A14
SA021,SA021-A01,SA021-A13
SA021,SA021-A01,SA021-A10
SA021,SA021-A01,SA021-A06
SA021,SA021-A02,SA021-A28
SA021,SA021-A02,SA021-A06
SA021,SA021-A02,SA021-A05
SA021,SA021-A03,SA021-A25
SA021,SA021-A03,SA021-A19
SA021,SA021-A03,SA021-A17
SA021,SA021-A03,SA021-A14
SA021,SA021-A04,SA021-A30
SA021,SA021-A04,SA021-A21
SA021,SA021-A04,SA021-A20
SA021,SA021-A05,SA021-A28
SA021,SA021-A05,SA021-A26
SA021,SA021-A05,SA021-A25
SA021,SA021-A05,SA021-A24
SA021,SA021-A05,SA021-A19
SA021,SA021-A05,SA021-A16
SA021,SA021-A05,SA021-A07
SA021,SA021-A05,SA021-A06
SA021,SA021-A06,SA021-A28
SA021,SA021-A06,SA021-A26
SA021,SA021-A06,SA021-A25
SA021,SA021-A06,SA021-A24
SA021,SA021-A06,SA021-A16
SA021,SA021-A06,SA021-A07
SA021,SA021-A07,SA021-A26
SA021,SA021-A07,SA021-A25
SA021,SA021-A07,SA021-A24
SA021,SA021-A08,SA021-A09
SA021,SA021-A10,SA021-A16
SA021,SA021-A10,SA021-A15
SA021,SA021-A10,SA021-A14
SA021,SA021-A10,SA021-A13
SA021,SA021-A11,SA021-A29
SA021,SA021-A11,SA021-A23
SA021,SA021-A11,SA021-A19
SA021,SA021-A12,SA021-A30
SA021,SA021-A12,SA021-A28
SA021,SA021-A12,SA021-A16
SA021,SA021-A12,SA021-A15
SA021,SA021-A12,SA021-A14
SA021,SA021-A12,SA021-A13
SA021,SA021-A13,SA021-A30
SA021,SA021-A13,SA021-A28
SA021,SA021-A13,SA021-A16
SA021,SA021-A13,SA021-A15
SA021,SA021-A13,SA021-A14
SA021,SA021-A14,SA021-A30
SA021,SA021-A14,SA021-A28
SA021,SA021-A14,SA021-A16
SA021,SA021-A14,SA021-A15
SA021,SA021-A15,SA021-A30
SA021,SA021-A15,SA021-A28
SA021,SA021-A15,SA021-A16
SA021,SA021-A16,SA021-A30
SA021,SA021-A16,SA021-A29
SA021,SA021-A16,SA021-A28
SA021,SA021-A16,SA021-A23
SA021,SA021-A16,SA021-A22
SA021,SA021-A17,SA021-A25
SA021,SA021-A17,SA021-A24
SA021,SA021-A18,SA021-A30
SA021,SA021-A18,SA021-A29
SA021,SA021-A18,SA021-A28
SA021,SA021-A18,SA021-A26
SA021,SA021-A18,SA021-A22
SA021,SA021-A18,SA021-A21
SA021,SA021-A19,SA021-A28
SA021,SA021-A19,SA021-A27
SA021,SA021-A19,SA021-A23
SA021,SA021-A19,SA021-A20
SA021,SA021-A20,SA021-A21
SA021,SA021-A21,SA021-A30
SA021,SA021-A21,SA021-A29
SA021,SA021-A21,SA021-A28
SA021,SA021-A22,SA021-A30
SA021,SA021-A22,SA021-A29
SA021,SA021-A23,SA021-A29
SA021,SA021-A23,SA021-A26
SA021,SA021-A24,SA021-A28
SA021,SA021-A24,SA021-A25
SA021,SA021-A25,SA021-A29
SA021,SA021-A25,SA021-A28
SA021,SA021-A26,SA021-A30
SA021,SA021-A26,SA021-A28
SA021,SA021-A27,SA021-A30
SA021,SA021-A28,SA021-A30
SA022,SA022-A01,SA022-A30
SA022,SA022-A01,SA022-A29
SA022,SA022-A01,SA022-A19
SA022,SA022-A01,SA022-A16
SA022,SA022-A01,SA022-A05
SA022,SA022-A01,SA022-A04
SA022,SA022-A01,SA022-A02
SA022,SA022-A02,SA022-A30
SA022,SA022-A02,SA022-A29
SA022,SA022-A02,SA022-A16
SA022,SA022-A02,SA022-A05
SA022,SA022-A02,SA022-A04
SA022,SA022-A03,SA022-A30
SA022,SA022-A03,SA022-A29
SA022,SA022-A03,SA022-A28
SA022,SA022-A03,SA022-A27
SA022,SA022-A03,SA022-A26
SA022,SA022-A03,SA022-A22
SA022,SA022-A03,SA022-A21
SA022,SA022-A03,SA022-A18
SA022,SA022-A03,SA022-A16
SA022,SA022-A03,SA022-A10
SA022,SA022-A03,SA022-A04
SA022,SA022-A04,SA022-A30
SA022,SA022-A04,SA022-A29
SA022,SA022-A04,SA022-A28
SA022,SA022-A04,SA022-A25
SA022,SA022-A04,SA022-A21
SA022,SA022-A04,SA022-A18
SA022,SA022-A04,SA022-A17
SA022,SA022-A04,SA022-A15
SA022,SA022-A04,SA022-A14
SA022,SA022-A04,SA022-A11
SA022,SA022-A04,SA022-A09
SA022,SA022-A05,SA022-A30
SA022,SA022-A05,SA022-A29
SA022,SA022-A05,SA022-A28
SA022,SA022-A05,SA022-A27
SA022,SA022-A05,SA022-A26
SA022,SA022-A05,SA022-A19
SA022,SA022-A05,SA022-A18
SA022,SA022-A05,SA022-A15
SA022,SA022-A05,SA022-A14
SA022,SA022-A05,SA022-A13
SA022,SA022-A05,SA022-A12
SA022,SA022-A05,SA022-A10
SA022,SA022-A06,SA022-A30
SA022,SA022-A06,SA022-A29
SA022,SA022-A06,SA022-A28
SA022,SA022-A06,SA022-A24
SA022,SA022-A06,SA022-A23
SA022,SA022-A06,SA022-A18
SA022,SA022-A06,SA022-A17
SA022,SA022-A06,SA022-A16
SA022,SA022-A06,SA022-A10
SA022,SA022-A07,SA022-A24
SA022,SA022-A07,SA022-A23
SA022,SA022-A07,SA022-A22
SA022,SA022-A07,SA022-A21
SA022,SA022-A07,SA022-A18
SA022,SA022-A07,SA022-A15
SA022,SA022-A07,SA022-A14
SA022,SA022-A07,SA022-A10
SA022,SA022-A07,SA022-A09
SA022,SA022-A08,SA022-A30
SA022,SA022-A08,SA022-A29
SA022,SA022-A08,SA022-A25
SA022,SA022-A08,SA022-A24
SA022,SA022-A08,SA022-A23
SA022,SA022-A08,SA022-A22
SA022,SA022-A08,SA022-A19
SA022,SA022-A08,SA022-A18
SA022,SA022-A08,SA022-A17
SA022,SA022-A08,SA022-A16
SA022,SA022-A08,SA022-A15
SA022,SA022-A09,SA022-A30
SA022,SA022-A09,SA022-A27
SA022,SA022-A09,SA022-A22
SA022,SA022-A09,SA022-A20
SA022,SA022-A09,SA022-A19
SA022,SA022-A09,SA022-A18
SA022,SA022-A09,SA022-A15
SA022,SA022-A09,SA022-A11
SA022,SA022-A10,SA022-A30
SA022,SA022-A10,SA022-A29
SA022,SA022-A10,SA022-A26
SA022,SA022-A10,SA022-A25
SA022,SA022-A10,SA022-A24
SA022,SA022-A10,SA022-A23
SA022,SA022-A10,SA022-A18
SA022,SA022-A10,SA022-A16
SA022,SA022-A10,SA022-A15
SA022,SA022-A11,SA022-A29
SA022,SA022-A11,SA022-A28
SA022,SA022-A11,SA022-A27
SA022,SA022-A11,SA022-A23
SA022,SA022-A11,SA022-A22
SA022,SA022-A11,SA022-A19
SA022,SA022-A11,SA022-A18
SA022,SA022-A11,SA022-A16
SA022,SA022-A11,SA022-A15
SA022,SA022-A11,SA022-A14
SA022,SA022-A12,SA022-A18
SA022,SA022-A12,SA022-A17
SA022,SA022-A13,SA022-A30
SA022,SA022-A13,SA022-A27
SA022,SA022-A13,SA022-A26
SA022,SA022-A13,SA022-A20
SA022,SA022-A13,SA022-A18
SA022,SA022-A13,SA022-A17
SA022,SA022-A14,SA022-A29
SA022,SA022-A14,SA022-A28
SA022,SA022-A14,SA022-A26
SA022,SA022-A14,SA022-A25
SA022,SA022-A14,SA022-A18
SA022,SA022-A14,SA022-A17
SA022,SA022-A15,SA022-A27
SA022,SA022-A15,SA022-A26
SA022,SA022-A15,SA022-A24
SA022,SA022-A15,SA022-A21
SA022,SA022-A15,SA022-A19
SA022,SA022-A15,SA022-A17
SA022,SA022-A16,SA022-A28
SA022,SA022-A16,SA022-A27
SA022,SA022-A16,SA022-A18
SA022,SA022-A16,SA022-A17
SA022,SA022-A17,SA022-A30
SA022,SA022-A17,SA022-A29
SA022,SA022-A17,SA022-A28
SA022,SA022-A17,SA022-A25
SA022,SA022-A17,SA022-A20
SA022,SA022-A17,SA022-A18
SA022,SA022-A18,SA022-A29
SA022,SA022-A18,SA022-A28
SA022,SA022-A18,SA022-A24
SA022,SA022-A18,SA022-A21
SA022,SA022-A19,SA022-A28
SA022,SA022-A19,SA022-A25
SA022,SA022-A19,SA022-A21
SA022,SA022-A20,SA022-A30
SA022,SA022-A20,SA022-A28
SA022,SA022-A20,SA022-A25
SA022,SA022-A20,SA022-A24
SA022,SA022-A20,SA022-A22
SA022,SA022-A20,SA022-A21
SA022,SA022-A21,SA022-A27
SA022,SA022-A21,SA022-A26
SA022,SA022-A21,SA022-A25
SA022,SA022-A21,SA022-A24
SA022,SA022-A21,SA022-A22
SA022,SA022-A22,SA022-A30
SA022,SA022-A22,SA022-A28
SA022,SA022-A22,SA022-A24
SA022,SA022-A23,SA022-A28
SA022,SA022-A23,SA022-A26
SA022,SA022-A23,SA022-A25
SA022,SA022-A24,SA022-A29
SA022,SA022-A24,SA022-A28
SA022,SA022-A24,SA022-A27
SA022,SA022-A25,SA022-A30
SA022,SA022-A25,SA022-A27
SA022,SA022-A26,SA022-A30
SA022,SA022-A26,SA022-A28
SA022,SA022-A26,SA022-A27
SA022,SA022-A27,SA022-A30
SA022,SA022-A27,SA022-A29
SA022,SA022-A28,SA022-A30
SA022,SA022-A28,SA022-A29
SA022,SA022-A29,SA022-A30
SA023,SA023-A01,SA023-A30
SA023,SA023-A01,SA023-A29
SA023,SA023-A01,SA023-A28
SA023,SA023-A01,SA023-A27
SA023,SA023-A01,SA023-A26
SA023,SA023-A01,SA023-A25
SA023,SA023-A01,SA023-A24
SA023,SA023-A01,SA023-A23
SA023,SA023-A01,SA023-A18
SA023,SA023-A01,SA023-A17
SA023,SA023-A01,SA023-A16
SA023,SA023-A01,SA023-A15
SA023,SA023-A01,SA023-A13
SA023,SA023-A01,SA023-A12
SA023,SA023-A01,SA023-A11
SA023,SA023-A01,SA023-A10
SA023,SA023-A01,SA023-A09
SA023,SA023-A01,SA023-A08
SA023,SA023-A01,SA023-A07
SA023,SA023-A01,SA023-A06
SA023,SA023-A01,SA023-A05
SA023,SA023-A01,SA023-A04
SA023,SA023-A01,SA023-A03
SA023,SA023-A01,SA023-A02
SA023,SA023-A02,SA023-A30
SA023,SA023-A02,SA023-A29
SA023,SA023-A02,SA023-A28
SA023,SA023-A02,SA023-A27
SA023,SA023-A02,SA023-A26
SA023,SA023-A02,SA023-A25
SA023,SA023-A02,SA023-A24
SA023,SA023-A02,SA023-A23
SA023,SA023-A02,SA023-A22
SA023,SA023-A02,SA023-A21
SA023,SA023-A02,SA023-A20
SA023,SA023-A02,SA023-A19
SA023,SA023-A02,SA023-A18
SA023,SA023-A02,SA023-A17
SA023,SA023-A02,SA023-A16
SA023,SA023-A02,SA023-A14
SA023,SA023-A02,SA023-A13
SA023,SA023-A02,SA023-A12
SA023,SA023-A02,SA023-A11
SA023,SA023-A02,SA023-A10
SA023,SA023-A02,SA023-A09
SA023,SA023-A02,SA023-A08
SA023,SA023-A02,SA023-A07
SA023,SA023-A02,SA023-A06
SA023,SA023-A02,SA023-A05
SA023,SA023-A02,SA023-A04
SA023,SA023-A02,SA023-A03
SA023,SA023-A04,SA023-A30
SA023,SA023-A04,SA023-A29
SA023,SA023-A04,SA023-A28
SA023,SA023-A04,SA023-A27
SA023,SA023-A04,SA023-A26
SA023,SA023-A04,SA023-A25
SA023,SA023-A04,SA023-A24
SA023,SA023-A04,SA023-A23
SA023,SA023-A04,SA023-A22
SA023,SA023-A04,SA023-A21
SA023,SA023-A04,SA023-A20
SA023,SA023-A04,SA023-A19
SA023,SA023-A04,SA023-A18
SA023,SA023-A04,SA023-A17
SA023,SA023-A04,SA023-A16
SA023,SA023-A04,SA023-A15
SA023,SA023-A04,SA023-A14
SA023,SA023-A04,SA023-A13
SA023,SA023-A04,SA023-A08
SA023,SA023-A04,SA023-A07
SA023,SA023-A04,SA023-A06
SA023,SA023-A04,SA023-A05
SA023,SA023-A05,SA023-A23
SA023,SA023-A05,SA023-A15
SA023,SA023-A05,SA023-A14
SA023,SA023-A05,SA023-A08
SA023,SA023-A05,SA023-A07
SA023,SA023-A05,SA023-A06
SA023,SA023-A06,SA023-A29
SA023,SA023-A06,SA023-A28
SA023,SA023-A06,SA023-A27
SA023,SA023-A06,SA023-A26
SA023,SA023-A06,SA023-A25
SA023,SA023-A06,SA023-A24
SA023,SA023-A06,SA023-A23
SA023,SA023-A06,SA023-A22
SA023,SA023-A06,SA023-A21
SA023,SA023-A06,SA023-A20
SA023,SA023-A06,SA023-A19
SA023,SA023-A06,SA023-A18
SA023,SA023-A06,SA023-A17
SA023,SA023-A06,SA023-A16
SA023,SA023-A06,SA023-A15
SA023,SA023-A06,SA023-A14
SA023,SA023-A06,SA023-A13
SA023,SA023-A06,SA023-A12
SA023,SA023-A06,SA023-A11
SA023,SA023-A06,SA023-A10
SA023,SA023-A06,SA023-A09
SA023,SA023-A06,SA023-A08
SA023,SA023-A07,SA023-A30
SA023,SA023-A07,SA023-A29
SA023,SA023-A07,SA023-A28
SA023,SA023-A07,SA023-A27
SA023,SA023-A07,SA023-A26
SA023,SA023-A07,SA023-A25
SA023,SA023-A07,SA023-A24
SA023,SA023-A07,SA023-A23
SA023,SA023-A07,SA023-A22
SA023,SA023-A07,SA023-A21
SA023,SA023-A07,SA023-A20
SA023,SA023-A07,SA023-A19
SA023,SA023-A07,SA023-A18
SA023,SA023-A07,SA023-A17
SA023,SA023-A07,SA023-A16
SA023,SA023-A07,SA023-A15
SA023,SA023-A07,SA023-A14
SA023,SA023-A07,SA023-A13
SA023,SA023-A07,SA023-A12
SA023,SA023-A07,SA023-A11
SA023,SA023-A07,SA023-A10
SA023,SA023-A07,SA023-A09
SA023,SA023-A07,SA023-A08
SA023,SA023-A08,SA023-A30
SA023,SA023-A08,SA023-A29
SA023,SA023-A08,SA023-A28
SA023,SA023-A08,SA023-A27
SA023,SA023-A08,SA023-A26
SA023,SA023-A08,SA023-A25
SA023,SA023-A08,SA023-A24
SA023,SA023-A08,SA023-A23
SA023,SA023-A08,SA023-A22
SA023,SA023-A08,SA023-A21
SA023,SA023-A08,SA023-A20
SA023,SA023-A08,SA023-A19
SA023,SA023-A08,SA023-A18
SA023,SA023-A08,SA023-A17
SA023,SA023-A08,SA023-A16
SA023,SA023-A08,SA023-A15
SA023,SA023-A08,SA023-A14
SA023,SA023-A08,SA023-A13
SA023,SA023-A08,SA023-A12
SA023,SA023-A08,SA023-A11
SA023,SA023-A08,SA023-A10
SA023,SA023-A08,SA023-A09
SA023,SA023-A09,SA023-A30
SA023,SA023-A09,SA023-A29
SA023,SA023-A09,SA023-A28
SA023,SA023-A09,SA023-A27
SA023,SA023-A09,SA023-A26
SA023,SA023-A09,SA023-A25
SA023,SA023-A09,SA023-A24
SA023,SA023-A09,SA023-A23
SA023,SA023-A09,SA023-A22
SA023,SA023-A09,SA023-A21
SA023,SA023-A09,SA023-A20
SA023,SA023-A09,SA023-A19
SA023,SA023-A09,SA023-A18
SA023,SA023-A09,SA023-A17
SA023,SA023-A09,SA023-A16
SA023,SA023-A09,SA023-A15
SA023,SA023-A09,SA023-A14
SA023,SA023-A09,SA023-A13
SA023,SA023-A09,SA023-A12
SA023,SA023-A09,SA023-A11
SA023,SA023-A09,SA023-A10
SA023,SA023-A10,SA023-A30
SA023,SA023-A10,SA023-A28
SA023,SA023-A10,SA023-A27
SA023,SA023-A10,SA023-A26
SA023,SA023-A10,SA023-A25
SA023,SA023-A10,SA023-A24
SA023,SA023-A10,SA023-A23
SA023,SA023-A10,SA023-A20
SA023,SA023-A10,SA023-A19
SA023,SA023-A10,SA023-A18
SA023,SA023-A10,SA023-A17
SA023,SA023-A10,SA023-A16
SA023,SA023-A10,SA023-A15
SA023,SA023-A10,SA023-A14
SA023,SA023-A10,SA023-A13
SA023,SA023-A10,SA023-A12
SA023,SA023-A10,SA023-A11
SA023,SA023-A11,SA023-A30
SA023,SA023-A11,SA023-A29
SA023,SA023-A11,SA023-A28
SA023,SA023-A11,SA023-A27
SA023,SA023-A11,SA023-A26
SA023,SA023-A11,SA023-A25
SA023,SA023-A11,SA023-A24
SA023,SA023-A11,SA023-A23
SA023,SA023-A11,SA023-A22
SA023,SA023-A11,SA023-A18
SA023,SA023-A11,SA023-A17
SA023,SA023-A11,SA023-A16
SA023,SA023-A11,SA023-A15
SA023,SA023-A11,SA023-A14
SA023,SA023-A11,SA023-A13
SA023,SA023-A11,SA023-A12
SA023,SA023-A12,SA023-A22
SA023,SA023-A12,SA023-A18
SA023,SA023-A12,SA023-A17
SA023,SA023-A12,SA023-A16
SA023,SA023-A12,SA023-A15
SA023,SA023-A12,SA023-A14
SA023,SA023-A12,SA023-A13
SA023,SA023-A13,SA023-A30
SA023,SA023-A13,SA023-A29
SA023,SA023-A13,SA023-A28
SA023,SA023-A13,SA023-A27
SA023,SA023-A13,SA023-A26
SA023,SA023-A13,SA023-A25
SA023,SA023-A13,SA023-A24
SA023,SA023-A13,SA023-A23
SA023,SA023-A13,SA023-A22
SA023,SA023-A13,SA023-A21
SA023,SA023-A13,SA023-A20
SA023,SA023-A13,SA023-A19
SA023,SA023-A13,SA023-A18
SA023,SA023-A13,SA023-A17
SA023,SA023-A13,SA023-A16
SA023,SA023-A13,SA023-A15
SA023,SA023-A14,SA023-A16
SA023,SA023-A14,SA023-A15
SA023,SA023-A15,SA023-A30
SA023,SA023-A15,SA023-A29
SA023,SA023-A15,SA023-A28
SA023,SA023-A15,SA023-A26
SA023,SA023-A15,SA023-A24
SA023,SA023-A15,SA023-A23
SA023,SA023-A15,SA023-A22
SA023,SA023-A15,SA023-A21
SA023,SA023-A15,SA023-A20
SA023,SA023-A15,SA023-A18
SA023,SA023-A15,SA023-A17
SA023,SA023-A15,SA023-A16
SA023,SA023-A16,SA023-A25
SA023,SA023-A16,SA023-A24
SA023,SA023-A16,SA023-A23
SA023,SA023-A16,SA023-A22
SA023,SA023-A16,SA023-A21
SA023,SA023-A16,SA023-A20
SA023,SA023-A16,SA023-A19
SA023,SA023-A16,SA023-A18
SA023,SA023-A16,SA023-A17
SA023,SA023-A17,SA023-A30
SA023,SA023-A17,SA023-A29
SA023,SA023-A17,SA023-A28
SA023,SA023-A17,SA023-A26
SA023,SA023-A17,SA023-A25
SA023,SA023-A17,SA023-A24
SA023,SA023-A17,SA023-A23
SA023,SA023-A17,SA023-A22
SA023,SA023-A17,SA023-A21
SA023,SA023-A18,SA023-A29
SA023,SA023-A18,SA023-A28
SA023,SA023-A18,SA023-A27
SA023,SA023-A18,SA023-A26
SA023,SA023-A18,SA023-A25
SA023,SA023-A18,SA023-A24
SA023,SA023-A18,SA023-A23
SA023,SA023-A18,SA023-A22
SA023,SA023-A18,SA023-A21
SA023,SA023-A18,SA023-A20
SA023,SA023-A18,SA023-A19
SA023,SA023-A19,SA023-A30
SA023,SA023-A19,SA023-A29
SA023,SA023-A19,SA023-A28
SA023,SA023-A19,SA023-A27
SA023,SA023-A19,SA023-A26
SA023,SA023-A19,SA023-A25
SA023,SA023-A19,SA023-A24
SA023,SA023-A20,SA023-A29
SA023,SA023-A20,SA023-A27
SA023,SA023-A20,SA023-A26
SA023,SA023-A20,SA023-A25
SA023,SA023-A20,SA023-A24
SA023,SA023-A20,SA023-A23
SA023,SA023-A20,SA023-A22
SA023,SA023-A20,SA023-A21
SA023,SA023-A22,SA023-A28
SA023,SA023-A22,SA023-A25
SA023,SA023-A22,SA023-A24
SA023,SA023-A22,SA023-A23
SA023,SA023-A23,SA023-A29
SA023,SA023-A23,SA023-A27
SA023,SA023-A23,SA023-A26
SA023,SA023-A23,SA023-A25
SA023,SA023-A23,SA023-A24
SA023,SA023-A24,SA023-A27
SA023,SA023-A24,SA023-A26
SA023,SA023-A25,SA023-A29
SA023,SA023-A25,SA023-A28
SA023,SA023-A25,SA023-A27
SA023,SA023-A25,SA023-A26
SA023,SA023-A26,SA023-A29
SA023,SA023-A26,SA023-A27
SA023,SA023-A27,SA023-A30
SA023,SA023-A27,SA023-A29
SA023,SA023-A27,SA023-A28
SA023,SA023-A28,SA023-A29
SA023,SA023-A29,SA023-A30
SA024,SA024-A01,SA024-A26
SA024,SA024-A01,SA024-A25
SA024,SA024-A01,SA024-A23
SA024,SA024-A01,SA024-A22
SA024,SA024-A01,SA024-A21
SA024,SA024-A01,SA024-A18
SA024,SA024-A01,SA024-A15
SA024,SA024-A01,SA024-A14
SA024,SA024-A01,SA024-A07
SA024,SA024-A01,SA024-A06
SA024,SA024-A01,SA024-A04
SA024,SA024-A01,SA024-A03
SA024,SA024-A02,SA024-A30
SA024,SA024-A02,SA024-A29
SA024,SA024-A02,SA024-A28
SA024,SA024-A02,SA024-A24
SA024,SA024-A02,SA024-A17
SA024,SA024-A02,SA024-A16
SA024,SA024-A02,SA024-A11
SA024,SA024-A02,SA024-A10
SA024,SA024-A02,SA024-A09
SA024,SA024-A02,SA024-A08
SA024,SA024-A02,SA024-A05
SA024,SA024-A03,SA024-A27
SA024,SA024-A03,SA024-A26
SA024,SA024-A03,SA024-A25
SA024,SA024-A03,SA024-A23
SA024,SA024-A03,SA024-A21
SA024,SA024-A03,SA024-A20
SA024,SA024-A03,SA024-A19
SA024,SA024-A03,SA024-A18
SA024,SA024-A03,SA024-A15
SA024,SA024-A03,SA024-A14
SA024,SA024-A03,SA024-A13
SA024,SA024-A03,SA024-A12
SA024,SA024-A03,SA024-A07
SA024,SA024-A03,SA024-A06
SA024,SA024-A03,SA024-A04
SA024,SA024-A04,SA024-A27
SA024,SA024-A04,SA024-A26
SA024,SA024-A04,SA024-A25
SA024,SA024-A04,SA024-A23
SA024,SA024-A04,SA024-A21
SA024,SA024-A04,SA024-A20
SA024,SA024-A04,SA024-A19
SA024,SA024-A04,SA024-A18
SA024,SA024-A04,SA024-A15
SA024,SA024-A04,SA024-A14
SA024,SA024-A04,SA024-A13
SA024,SA024-A04,SA024-A12
SA024,SA024-A04,SA024-A07
SA024,SA024-A04,SA024-A06
SA024,SA024-A05,SA024-A30
SA024,SA024-A05,SA024-A29
SA024,SA024-A05,SA024-A28
SA024,SA024-A05,SA024-A24
SA024,SA024-A05,SA024-A17
SA024,SA024-A05,SA024-A16
SA024,SA024-A05,SA024-A11
SA024,SA024-A05,SA024-A10
SA024,SA024-A05,SA024-A09
SA024,SA024-A05,SA024-A08
SA024,SA024-A06,SA024-A27
SA024,SA024-A06,SA024-A26
SA024,SA024-A06,SA024-A25
SA024,SA024-A06,SA024-A23
SA024,SA024-A06,SA024-A21
SA024,SA024-A06,SA024-A20
SA024,SA024-A06,SA024-A19
SA024,SA024-A06,SA024-A18
SA024,SA024-A06,SA024-A15
SA024,SA024-A06,SA024-A14
SA024,SA024-A06,SA024-A13
SA024,SA024-A06,SA024-A12
SA024,SA024-A06,SA024-A07
SA024,SA024-A07,SA024-A26
SA024,SA024-A07,SA024-A21
SA024,SA024-A08,SA024-A30
SA024,SA024-A08,SA024-A29
SA024,SA024-A08,SA024-A28
SA024,SA024-A08,SA024-A24
SA024,SA024-A08,SA024-A17
SA024,SA024-A08,SA024-A16
SA024,SA024-A08,SA024-A11
SA024,SA024-A08,SA024-A10
SA024,SA024-A08,SA024-A09
SA024,SA024-A09,SA024-A30
SA024,SA024-A09,SA024-A29
SA024,SA024-A09,SA024-A28
SA024,SA024-A09,SA024-A24
SA024,SA024-A09,SA024-A17
SA024,SA024-A09,SA024-A16
SA024,SA024-A09,SA024-A11
SA024,SA024-A09,SA024-A10
SA024,SA024-A10,SA024-A30
SA024,SA024-A10,SA024-A29
SA024,SA024-A10,SA024-A28
SA024,SA024-A10,SA024-A24
SA024,SA024-A10,SA024-A17
SA024,SA024-A10,SA024-A16
SA024,SA024-A10,SA024-A11
SA024,SA024-A11,SA024-A30
SA024,SA024-A11,SA024-A29
SA024,SA024-A11,SA024-A28
SA024,SA024-A11,SA024-A24
SA024,SA024-A11,SA024-A17
SA024,SA024-A11,SA024-A16
SA024,SA024-A12,SA024-A27
SA024,SA024-A12,SA024-A26
SA024,SA024-A12,SA024-A25
SA024,SA024-A12,SA024-A21
SA024,SA024-A12,SA024-A20
SA024,SA024-A12,SA024-A19
SA024,SA024-A12,SA024-A18
SA024,SA024-A12,SA024-A15
SA024,SA024-A12,SA024-A14
SA024,SA024-A12,SA024-A13
SA024,SA024-A13,SA024-A27
SA024,SA024-A13,SA024-A26
SA024,SA024-A13,SA024-A25
SA024,SA024-A13,SA024-A21
SA024,SA024-A13,SA024-A20
SA024,SA024-A13,SA024-A19
SA024,SA024-A13,SA024-A18
SA024,SA024-A13,SA024-A15
SA024,SA024-A13,SA024-A14
SA024,SA024-A14,SA024-A27
SA024,SA024-A14,SA024-A26
SA024,SA024-A14,SA024-A25
SA024,SA024-A14,SA024-A23
SA024,SA024-A14,SA024-A21
SA024,SA024-A14,SA024-A20
SA024,SA024-A14,SA024-A19
SA024,SA024-A14,SA024-A18
SA024,SA024-A14,SA024-A15
SA024,SA024-A15,SA024-A27
SA024,SA024-A15,SA024-A26
SA024,SA024-A15,SA024-A25
SA024,SA024-A15,SA024-A23
SA024,SA024-A15,SA024-A21
SA024,SA024-A15,SA024-A20
SA024,SA024-A15,SA024-A19
SA024,SA024-A15,SA024-A18
SA024,SA024-A16,SA024-A30
SA024,SA024-A16,SA024-A29
SA024,SA024-A16,SA024-A28
SA024,SA024-A16,SA024-A24
SA024,SA024-A16,SA024-A17
SA024,SA024-A17,SA024-A30
SA024,SA024-A17,SA024-A29
SA024,SA024-A17,SA024-A28
SA024,SA024-A17,SA024-A24
SA024,SA024-A18,SA024-A27
SA024,SA024-A18,SA024-A26
SA024,SA024-A18,SA024-A25
SA024,SA024-A18,SA024-A23
SA024,SA024-A18,SA024-A20
SA024,SA024-A18,SA024-A19
SA024,SA024-A19,SA024-A27
SA024,SA024-A19,SA024-A26
SA024,SA024-A19,SA024-A25
SA024,SA024-A19,SA024-A23
SA024,SA024-A19,SA024-A21
SA024,SA024-A19,SA024-A20
SA024,SA024-A20,SA024-A27
SA024,SA024-A20,SA024-A26
SA024,SA024-A20,SA024-A25
SA024,SA024-A20,SA024-A21
SA024,SA024-A21,SA024-A26
SA024,SA024-A21,SA024-A25
SA024,SA024-A21,SA024-A23
SA024,SA024-A22,SA024-A23
SA024,SA024-A24,SA024-A30
SA024,SA024-A24,SA024-A29
SA024,SA024-A24,SA024-A28
SA024,SA024-A25,SA024-A27
SA024,SA024-A25,SA024-A26
SA024,SA024-A26,SA024-A27
SA024,SA024-A28,SA024-A30
SA024,SA024-A28,SA024-A29
SA024,SA024-A29,SA024-A30
SA025,SA025-A01,SA025-A29
SA025,SA025-A01,SA025-A24
SA025,SA025-A01,SA025-A20
SA025,SA025-A01,SA025-A18
SA025,SA025-A01,SA025-A12
SA025,SA025-A01,SA025-A11
SA025,SA025-A01,SA025-A08
SA025,SA025-A01,SA025-A07
SA025,SA025-A01,SA025-A06
SA025,SA025-A01,SA025-A05
SA025,SA025-A01,SA025-A04
SA025,SA025-A01,SA025-A03
SA025,SA025-A01,SA025-A02
SA025,SA025-A02,SA025-A28
SA025,SA025-A02,SA025-A27
SA025,SA025-A02,SA025-A25
SA025,SA025-A02,SA025-A24
SA025,SA025-A02,SA025-A19
SA025,SA025-A02,SA025-A18
SA025,SA025-A02,SA025-A16
SA025,SA025-A02,SA025-A15
SA025,SA025-A02,SA025-A08
SA025,SA025-A02,SA025-A07
SA025,SA025-A02,SA025-A04
SA025,SA025-A02,SA025-A03
SA025,SA025-A03,SA025-A25
SA025,SA025-A03,SA025-A24
SA025,SA025-A03,SA025-A18
SA025,SA025-A03,SA025-A08
SA025,SA025-A03,SA025-A07
SA025,SA025-A03,SA025-A06
SA025,SA025-A03,SA025-A05
SA025,SA025-A03,SA025-A04
SA025,SA025-A04,SA025-A25
SA025,SA025-A04,SA025-A24
SA025,SA025-A04,SA025-A20
SA025,SA025-A04,SA025-A19
SA025,SA025-A04,SA025-A18
SA025,SA025-A04,SA025-A12
SA025,SA025-A04,SA025-A11
SA025,SA025-A04,SA025-A08
SA025,SA025-A04,SA025-A07
SA025,SA025-A04,SA025-A06
SA025,SA025-A04,SA025-A05
SA025,SA025-A05,SA025-A26
SA025,SA025-A05,SA025-A24
SA025,SA025-A05,SA025-A22
SA025,SA025-A05,SA025-A21
SA025,SA025-A05,SA025-A20
SA025,SA025-A05,SA025-A19
SA025,SA025-A05,SA025-A18
SA025,SA025-A05,SA025-A17
SA025,SA025-A05,SA025-A14
SA025,SA025-A05,SA025-A13
SA025,SA025-A05,SA025-A12
SA025,SA025-A05,SA025-A11
SA025,SA025-A05,SA025-A07
SA025,SA025-A05,SA025-A06
SA025,SA025-A06,SA025-A26
SA025,SA025-A06,SA025-A22
SA025,SA025-A06,SA025-A21
SA025,SA025-A06,SA025-A20
SA025,SA025-A06,SA025-A19
SA025,SA025-A06,SA025-A18
SA025,SA025-A06,SA025-A17
SA025,SA025-A06,SA025-A14
SA025,SA025-A06,SA025-A13
SA025,SA025-A06,SA025-A12
SA025,SA025-A06,SA025-A07
SA025,SA025-A07,SA025-A29
SA025,SA025-A07,SA025-A26
SA025,SA025-A07,SA025-A24
SA025,SA025-A07,SA025-A22
SA025,SA025-A07,SA025-A21
SA025,SA025-A07,SA025-A20
SA025,SA025-A07,SA025-A19
SA025,SA025-A07,SA025-A18
SA025,SA025-A07,SA025-A17
SA025,SA025-A07,SA025-A14
SA025,SA025-A07,SA025-A13
SA025,SA025-A07,SA025-A12
SA025,SA025-A07,SA025-A08
SA025,SA025-A08,SA025-A18
SA025,SA025-A09,SA025-A11
SA025,SA025-A09,SA025-A10
SA025,SA025-A10,SA025-A11
SA025,SA025-A11,SA025-A19
SA025,SA025-A11,SA025-A18
SA025,SA025-A12,SA025-A26
SA025,SA025-A12,SA025-A22
SA025,SA025-A12,SA025-A21
SA025,SA025-A12,SA025-A20
SA025,SA025-A12,SA025-A18
SA025,SA025-A12,SA025-A17
SA025,SA025-A12,SA025-A14
SA025,SA025-A12,SA025-A13
SA025,SA025-A13,SA025-A26
SA025,SA025-A13,SA025-A22
SA025,SA025-A13,SA025-A21
SA025,SA025-A13,SA025-A20
SA025,SA025-A13,SA025-A18
SA025,SA025-A13,SA025-A17
SA025,SA025-A13,SA025-A14
SA025,SA025-A14,SA025-A26
SA025,SA025-A14,SA025-A22
SA025,SA025-A14,SA025-A20
SA025,SA025-A14,SA025-A19
SA025,SA025-A14,SA025-A18
SA025,SA025-A14,SA025-A17
SA025,SA025-A15,SA025-A16
SA025,SA025-A17,SA025-A26
SA025,SA025-A17,SA025-A22
SA025,SA025-A17,SA025-A21
SA025,SA025-A17,SA025-A20
SA025,SA025-A17,SA025-A19
SA025,SA025-A17,SA025-A18
SA025,SA025-A18,SA025-A26
SA025,SA025-A18,SA025-A22
SA025,SA025-A18,SA025-A21
SA025,SA025-A18,SA025-A20
SA025,SA025-A18,SA025-A19
SA025,SA025-A20,SA025-A26
SA025,SA025-A20,SA025-A22
SA025,SA025-A20,SA025-A21
SA025,SA025-A21,SA025-A26
SA025,SA025-A21,SA025-A22
SA025,SA025-A22,SA025-A26
SA025,SA025-A27,SA025-A28
SA026,SA026-A01,SA026-A30
SA026,SA026-A01,SA026-A26
SA026,SA026-A01,SA026-A25
SA026,SA026-A01,SA026-A21
SA026,SA026-A01,SA026-A20
SA026,SA026-A01,SA026-A19
SA026,SA026-A01,SA026-A18
SA026,SA026-A01,SA026-A17
SA026,SA026-A01,SA026-A14
SA026,SA026-A01,SA026-A13
SA026,SA026-A01,SA026-A12
SA026,SA026-A01,SA026-A11
SA026,SA026-A01,SA026-A08
SA026,SA026-A01,SA026-A06
SA026,SA026-A01,SA026-A02
SA026,SA026-A02,SA026-A29
SA026,SA026-A02,SA026-A25
SA026,SA026-A02,SA026-A15
SA026,SA026-A02,SA026-A14
SA026,SA026-A02,SA026-A13
SA026,SA026-A02,SA026-A11
SA026,SA026-A02,SA026-A09
SA026,SA026-A02,SA026-A08
SA026,SA026-A02,SA026-A05
SA026,SA026-A03,SA026-A29
SA026,SA026-A03,SA026-A26
SA026,SA026-A03,SA026-A24
SA026,SA026-A03,SA026-A23
SA026,SA026-A03,SA026-A19
SA026,SA026-A03,SA026-A16
SA026,SA026-A03,SA026-A14
SA026,SA026-A03,SA026-A11
SA026,SA026-A03,SA026-A10
SA026,SA026-A03,SA026-A09
SA026,SA026-A03,SA026-A08
SA026,SA026-A03,SA026-A06
SA026,SA026-A04,SA026-A29
SA026,SA026-A04,SA026-A20
SA026,SA026-A04,SA026-A17
SA026,SA026-A04,SA026-A15
SA026,SA026-A04,SA026-A14
SA026,SA026-A04,SA026-A12
SA026,SA026-A04,SA026-A11
SA026,SA026-A04,SA026-A09
SA026,SA026-A04,SA026-A08
SA026,SA026-A04,SA026-A06
SA026,SA026-A05,SA026-A30
SA026,SA026-A05,SA026-A29
SA026,SA026-A05,SA026-A28
SA026,SA026-A05,SA026-A26
SA026,SA026-A05,SA026-A22
SA026,SA026-A05,SA026-A21
SA026,SA026-A05,SA026-A20
SA026,SA026-A05,SA026-A19
SA026,SA026-A05,SA026-A18
SA026,SA026-A05,SA026-A16
SA026,SA026-A05,SA026-A15
SA026,SA026-A05,SA026-A14
SA026,SA026-A05,SA026-A13
SA026,SA026-A06,SA026-A29
SA026,SA026-A06,SA026-A27
SA026,SA026-A06,SA026-A20
SA026,SA026-A06,SA026-A15
SA026,SA026-A06,SA026-A14
SA026,SA026-A06,SA026-A13
SA026,SA026-A06,SA026-A12
SA026,SA026-A06,SA026-A11
SA026,SA026-A06,SA026-A08
SA026,SA026-A07,SA026-A24
SA026,SA026-A07,SA026-A23
SA026,SA026-A07,SA026-A22
SA026,SA026-A07,SA026-A21
SA026,SA026-A07,SA026-A20
SA026,SA026-A07,SA026-A19
SA026,SA026-A07,SA026-A18
SA026,SA026-A07,SA026-A17
SA026,SA026-A07,SA026-A16
SA026,SA026-A07,SA026-A15
SA026,SA026-A07,SA026-A14
SA026,SA026-A07,SA026-A13
SA026,SA026-A08,SA026-A30
SA026,SA026-A08,SA026-A29
SA026,SA026-A08,SA026-A28
SA026,SA026-A08,SA026-A27
SA026,SA026-A08,SA026-A26
SA026,SA026-A08,SA026-A25
SA026,SA026-A08,SA026-A20
SA026,SA026-A08,SA026-A19
SA026,SA026-A08,SA026-A18
SA026,SA026-A08,SA026-A17
SA026,SA026-A08,SA026-A16
SA026,SA026-A08,SA026-A15
SA026,SA026-A08,SA026-A14
SA026,SA026-A08,SA026-A13
SA026,SA026-A08,SA026-A12
SA026,SA026-A08,SA026-A11
SA026,SA026-A08,SA026-A10
SA026,SA026-A08,SA026-A09
SA026,SA026-A10,SA026-A30
SA026,SA026-A10,SA026-A29
SA026,SA026-A10,SA026-A28
SA026,SA026-A10,SA026-A27
SA026,SA026-A10,SA026-A26
SA026,SA026-A10,SA026-A25
SA026,SA026-A10,SA026-A24
SA026,SA026-A10,SA026-A23
SA026,SA026-A10,SA026-A22
SA026,SA026-A10,SA026-A21
SA026,SA026-A10,SA026-A20
SA026,SA026-A10,SA026-A19
SA026,SA026-A10,SA026-A18
SA026,SA026-A10,SA026-A17
SA026,SA026-A11,SA026-A30
SA026,SA026-A11,SA026-A29
SA026,SA026-A11,SA026-A28
SA026,SA026-A11,SA026-A27
SA026,SA026-A11,SA026-A26
SA026,SA026-A11,SA026-A25
SA026,SA026-A11,SA026-A24
SA026,SA026-A11,SA026-A23
SA026,SA026-A11,SA026-A22
SA026,SA026-A11,SA026-A21
SA026,SA026-A11,SA026-A20
SA026,SA026-A11,SA026-A19
SA026,SA026-A11,SA026-A18
SA026,SA026-A11,SA026-A17
SA026,SA026-A11,SA026-A16
SA026,SA026-A11,SA026-A15
SA026,SA026-A11,SA026-A14
SA026,SA026-A11,SA026-A13
SA026,SA026-A11,SA026-A12
SA026,SA026-A12,SA026-A29
SA026,SA026-A12,SA026-A28
SA026,SA026-A12,SA026-A27
SA026,SA026-A12,SA026-A20
SA026,SA026-A12,SA026-A15
SA026,SA026-A12,SA026-A14
SA026,SA026-A12,SA026-A13
SA026,SA026-A13,SA026-A30
SA026,SA026-A13,SA026-A28
SA026,SA026-A13,SA026-A27
SA026,SA026-A13,SA026-A20
SA026,SA026-A13,SA026-A19
SA026,SA026-A13,SA026-A15
SA026,SA026-A13,SA026-A14
SA026,SA026-A14,SA026-A29
SA026,SA026-A14,SA026-A28
SA026,SA026-A14,SA026-A27
SA026,SA026-A14,SA026-A20
SA026,SA026-A14,SA026-A19
SA026,SA026-A14,SA026-A15
SA026,SA026-A15,SA026-A29
SA026,SA026-A15,SA026-A27
SA026,SA026-A16,SA026-A25
SA026,SA026-A16,SA026-A24
SA026,SA026-A16,SA026-A23
SA026,SA026-A16,SA026-A22
SA026,SA026-A16,SA026-A21
SA026,SA026-A17,SA026-A29
SA026,SA026-A17,SA026-A27
SA026,SA026-A17,SA026-A25
SA026,SA026-A17,SA026-A24
SA026,SA026-A17,SA026-A23
SA026,SA026-A17,SA026-A22
SA026,SA026-A17,SA026-A21
SA026,SA026-A18,SA026-A22
SA026,SA026-A18,SA026-A20
SA026,SA026-A18,SA026-A19
SA026,SA026-A19,SA026-A29
SA026,SA026-A19,SA026-A27
SA026,SA026-A20,SA026-A29
SA026,SA026-A20,SA026-A27
SA026,SA026-A21,SA026-A29
SA026,SA026-A23,SA026-A30
SA026,SA026-A23,SA026-A29
SA026,SA026-A24,SA026-A30
SA026,SA026-A24,SA026-A29
SA026,SA026-A24,SA026-A28
SA026,SA026-A24,SA026-A27
SA026,SA026-A24,SA026-A26
SA026,SA026-A24,SA026-A25
SA026,SA026-A28,SA026-A29
SA027,SA027-A01,SA027-A30
SA027,SA027-A01,SA027-A29
SA027,SA027-A01,SA027-A28
SA027,SA027-A01,SA027-A27
SA027,SA027-A01,SA027-A26
SA027,SA027-A01,SA027-A25
SA027,SA027-A01,SA027-A24
SA027,SA027-A01,SA027-A20
SA027,SA027-A01,SA027-A19
SA027,SA027-A01,SA027-A18
SA027,SA027-A01,SA027-A17
SA027,SA027-A01,SA027-A15
SA027,SA027-A01,SA027-A14
SA027,SA027-A01,SA027-A13
SA027,SA027-A01,SA027-A12
SA027,SA027-A01,SA027-A08
SA027,SA027-A01,SA027-A07
SA027,SA027-A01,SA027-A06
SA027,SA027-A01,SA027-A05
SA027,SA027-A01,SA027-A04
SA027,SA027-A01,SA027-A03
SA027,SA027-A01,SA027-A02
SA027,SA027-A02,SA027-A30
SA027,SA027-A02,SA027-A29
SA027,SA027-A02,SA027-A28
SA027,SA027-A02,SA027-A27
SA027,SA027-A02,SA027-A26
SA027,SA027-A02,SA027-A25
SA027,SA027-A02,SA027-A24
SA027,SA027-A02,SA027-A20
SA027,SA027-A02,SA027-A19
SA027,SA027-A02,SA027-A18
SA027,SA027-A02,SA027-A17
SA027,SA027-A02,SA027-A16
SA027,SA027-A02,SA027-A15
SA027,SA027-A02,SA027-A14
SA027,SA027-A02,SA027-A13
SA027,SA027-A02,SA027-A12
SA027,SA027-A02,SA027-A09
SA027,SA027-A02,SA027-A08
SA027,SA027-A02,SA027-A07
SA027,SA027-A02,SA027-A06
SA027,SA027-A02,SA027-A05
SA027,SA027-A02,SA027-A04
SA027,SA027-A02,SA027-A03
SA027,SA027-A03,SA027-A30
SA027,SA027-A03,SA027-A29
SA027,SA027-A03,SA027-A28
SA027,SA027-A03,SA027-A27
SA027,SA027-A03,SA027-A26
SA027,SA027-A03,SA027-A23
SA027,SA027-A03,SA027-A22
SA027,SA027-A03,SA027-A21
SA027,SA027-A03,SA027-A19
SA027,SA027-A03,SA027-A18
SA027,SA027-A03,SA027-A17
SA027,SA027-A03,SA027-A15
SA027,SA027-A03,SA027-A14
SA027,SA027-A03,SA027-A13
SA027,SA027-A03,SA027-A12
SA027,SA027-A03,SA027-A10
SA027,SA027-A03,SA027-A09
SA027,SA027-A03,SA027-A08
SA027,SA027-A03,SA027-A07
SA027,SA027-A03,SA027-A06
SA027,SA027-A03,SA027-A05
SA027,SA027-A03,SA027-A04
SA027,SA027-A04,SA027-A30
SA027,SA027-A04,SA027-A29
SA027,SA027-A04,SA027-A28
SA027,SA027-A04,SA027-A27
SA027,SA027-A04,SA027-A26
SA027,SA027-A04,SA027-A25
SA027,SA027-A04,SA027-A24
SA027,SA027-A04,SA027-A23
SA027,SA027-A04,SA027-A20
SA027,SA027-A04,SA027-A19
SA027,SA027-A04,SA027-A18
SA027,SA027-A04,SA027-A17
SA027,SA027-A04,SA027-A16
SA027,SA027-A04,SA027-A15
SA027,SA027-A04,SA027-A14
SA027,SA027-A04,SA027-A13
SA027,SA027-A04,SA027-A12
SA027,SA027-A04,SA027-A09
SA027,SA027-A04,SA027-A08
SA027,SA027-A04,SA027-A07
SA027,SA027-A04,SA027-A06
SA027,SA027-A04,SA027-A05
SA027,SA027-A05,SA027-A30
SA027,SA027-A05,SA027-A29
SA027,SA027-A05,SA027-A28
SA027,SA027-A05,SA027-A27
SA027,SA027-A05,SA027-A20
SA027,SA027-A05,SA027-A19
SA027,SA027-A05,SA027-A18
SA027,SA027-A05,SA027-A17
SA027,SA027-A05,SA027-A15
SA027,SA027-A05,SA027-A14
SA027,SA027-A05,SA027-A13
SA027,SA027-A05,SA027-A08
SA027,SA027-A05,SA027-A07
SA027,SA027-A05,SA027-A06
SA027,SA027-A06,SA027-A30
SA027,SA027-A06,SA027-A29
SA027,SA027-A06,SA027-A28
SA027,SA027-A06,SA027-A27
SA027,SA027-A06,SA027-A20
SA027,SA027-A06,SA027-A19
SA027,SA027-A06,SA027-A18
SA027,SA027-A06,SA027-A17
SA027,SA027-A06,SA027-A15
SA027,SA027-A06,SA027-A14
SA027,SA027-A06,SA027-A13
SA027,SA027-A06,SA027-A12
SA027,SA027-A06,SA027-A08
SA027,SA027-A06,SA027-A07
SA027,SA027-A07,SA027-A30
SA027,SA027-A07,SA027-A29
SA027,SA027-A07,SA027-A28
SA027,SA027-A07,SA027-A27
SA027,SA027-A07,SA027-A26
SA027,SA027-A07,SA027-A25
SA027,SA027-A07,SA027-A24
SA027,SA027-A07,SA027-A20
SA027,SA027-A07,SA027-A19
SA027,SA027-A07,SA027-A18
SA027,SA027-A07,SA027-A17
SA027,SA027-A07,SA027-A15
SA027,SA027-A07,SA027-A14
SA027,SA027-A07,SA027-A13
SA027,SA027-A07,SA027-A12
SA027,SA027-A07,SA027-A08
SA027,SA027-A08,SA027-A30
SA027,SA027-A08,SA027-A29
SA027,SA027-A08,SA027-A28
SA027,SA027-A08,SA027-A27
SA027,SA027-A08,SA027-A20
SA027,SA027-A08,SA027-A19
SA027,SA027-A08,SA027-A18
SA027,SA027-A08,SA027-A17
SA027,SA027-A08,SA027-A15
SA027,SA027-A08,SA027-A14
SA027,SA027-A08,SA027-A13
SA027,SA027-A08,SA027-A09
SA027,SA027-A09,SA027-A23
SA027,SA027-A09,SA027-A22
SA027,SA027-A09,SA027-A21
SA027,SA027-A09,SA027-A19
SA027,SA027-A09,SA027-A11
SA027,SA027-A09,SA027-A10
SA027,SA027-A10,SA027-A23
SA027,SA027-A10,SA027-A22
SA027,SA027-A10,SA027-A21
SA027,SA027-A10,SA027-A19
SA027,SA027-A10,SA027-A11
SA027,SA027-A11,SA027-A23
SA027,SA027-A11,SA027-A22
SA027,SA027-A11,SA027-A21
SA027,SA027-A11,SA027-A19
SA027,SA027-A12,SA027-A30
SA027,SA027-A12,SA027-A18
SA027,SA027-A12,SA027-A15
SA027,SA027-A13,SA027-A30
SA027,SA027-A13,SA027-A29
SA027,SA027-A13,SA027-A28
SA027,SA027-A13,SA027-A27
SA027,SA027-A13,SA027-A20
SA027,SA027-A13,SA027-A19
SA027,SA027-A13,SA027-A18
SA027,SA027-A13,SA027-A17
SA027,SA027-A13,SA027-A15
SA027,SA027-A13,SA027-A14
SA027,SA027-A14,SA027-A30
SA027,SA027-A14,SA027-A29
SA027,SA027-A14,SA027-A28
SA027,SA027-A14,SA027-A27
SA027,SA027-A14,SA027-A20
SA027,SA027-A14,SA027-A19
SA027,SA027-A14,SA027-A18
SA027,SA027-A14,SA027-A17
SA027,SA027-A14,SA027-A15
SA027,SA027-A15,SA027-A30
SA027,SA027-A15,SA027-A29
SA027,SA027-A15,SA027-A28
SA027,SA027-A15,SA027-A27
SA027,SA027-A15,SA027-A20
SA027,SA027-A15,SA027-A18
SA027,SA027-A15,SA027-A17
SA027,SA027-A16,SA027-A18
SA027,SA027-A17,SA027-A30
SA027,SA027-A17,SA027-A29
SA027,SA027-A17,SA027-A28
SA027,SA027-A17,SA027-A27
SA027,SA027-A17,SA027-A26
SA027,SA027-A17,SA027-A25
SA027,SA027-A17,SA027-A24
SA027,SA027-A17,SA027-A20
SA027,SA027-A17,SA027-A19
SA027,SA027-A17,SA027-A18
SA027,SA027-A18,SA027-A30
SA027,SA027-A18,SA027-A29
SA027,SA027-A18,SA027-A28
SA027,SA027-A18,SA027-A27
SA027,SA027-A18,SA027-A26
SA027,SA027-A18,SA027-A25
SA027,SA027-A18,SA027-A24
SA027,SA027-A18,SA027-A20
SA027,SA027-A19,SA027-A30
SA027,SA027-A19,SA027-A23
SA027,SA027-A19,SA027-A22
SA027,SA027-A19,SA027-A21
SA027,SA027-A20,SA027-A30
SA027,SA027-A20,SA027-A29
SA027,SA027-A20,SA027-A28
SA027,SA027-A20,SA027-A27
SA027,SA027-A20,SA027-A26
SA027,SA027-A20,SA027-A25
SA027,SA027-A20,SA027-A24
SA027,SA027-A21,SA027-A23
SA027,SA027-A21,SA027-A22
SA027,SA027-A22,SA027-A23
SA027,SA027-A24,SA027-A26
SA027,SA027-A24,SA027-A25
SA027,SA027-A25,SA027-A26
SA027,SA027-A27,SA027-A30
SA027,SA027-A27,SA027-A29
SA027,SA027-A27,SA027-A28
SA027,SA027-A28,SA027-A30
SA027,SA027-A28,SA027-A29
SA027,SA027-A29,SA027-A30
SA028,SA028-A01,SA028-A26
SA028,SA028-A01,SA028-A20
SA028,SA028-A01,SA028-A19
SA028,SA028-A01,SA028-A16
SA028,SA028-A02,SA028-A21
SA028,SA028-A02,SA028-A20
SA028,SA028-A02,SA028-A19
SA028,SA028-A02,SA028-A18
SA028,SA028-A02,SA028-A16
SA028,SA028-A02,SA028-A15
SA028,SA028-A02,SA028-A14
SA028,SA028-A02,SA028-A13
SA028,SA028-A02,SA028-A12
SA028,SA028-A02,SA028-A11
SA028,SA028-A02,SA028-A10
SA028,SA028-A02,SA028-A09
SA028,SA028-A02,SA028-A08
SA028,SA028-A02,SA028-A07
SA028,SA028-A02,SA028-A06
SA028,SA028-A02,SA028-A05
SA028,SA028-A02,SA028-A04
SA028,SA028-A02,SA028-A03
SA028,SA028-A06,SA028-A23
SA028,SA028-A06,SA028-A22
SA028,SA028-A06,SA028-A21
SA028,SA028-A06,SA028-A18
SA028,SA028-A06,SA028-A17
SA028,SA028-A06,SA028-A16
SA028,SA028-A06,SA028-A15
SA028,SA028-A06,SA028-A10
SA028,SA028-A06,SA028-A09
SA028,SA028-A07,SA028-A27
SA028,SA028-A07,SA028-A23
SA028,SA028-A07,SA028-A22
SA028,SA028-A07,SA028-A18
SA028,SA028-A07,SA028-A16
SA028,SA028-A07,SA028-A15
SA028,SA028-A07,SA028-A14
SA028,SA028-A07,SA028-A13
SA028,SA028-A07,SA028-A12
SA028,SA028-A07,SA028-A11
SA028,SA028-A08,SA028-A22
SA028,SA028-A09,SA028-A23
SA028,SA028-A09,SA028-A20
SA028,SA028-A09,SA028-A15
SA028,SA028-A10,SA028-A21
SA028,SA028-A10,SA028-A19
SA028,SA028-A10,SA028-A16
SA028,SA028-A10,SA028-A14
SA028,SA028-A11,SA028-A22
SA028,SA028-A11,SA028-A21
SA028,SA028-A11,SA028-A15
SA028,SA028-A11,SA028-A13
SA028,SA028-A11,SA028-A12
SA028,SA028-A12,SA028-A30
SA028,SA028-A12,SA028-A29
SA028,SA028-A12,SA028-A28
SA028,SA028-A12,SA028-A23
SA028,SA028-A12,SA028-A21
SA028,SA028-A12,SA028-A20
SA028,SA028-A12,SA028-A18
SA028,SA028-A14,SA028-A29
SA028,SA028-A14,SA028-A28
SA028,SA028-A14,SA028-A27
SA028,SA028-A14,SA028-A26
SA028,SA028-A14,SA028-A23
SA028,SA028-A14,SA028-A22
SA028,SA028-A14,SA028-A21
SA028,SA028-A15,SA028-A23
SA028,SA028-A17,SA028-A28
SA028,SA028-A17,SA028-A27
SA028,SA028-A17,SA028-A24
SA028,SA028-A17,SA028-A23
SA028,SA028-A17,SA028-A22
SA028,SA028-A17,SA028-A19
SA028,SA028-A19,SA028-A30
SA028,SA028-A19,SA028-A29
SA028,SA028-A19,SA028-A28
SA028,SA028-A19,SA028-A27
SA028,SA028-A19,SA028-A25
SA028,SA028-A19,SA028-A21
SA028,SA028-A19,SA028-A20
SA028,SA028-A20,SA028-A26
SA028,SA028-A20,SA028-A25
SA028,SA028-A20,SA028-A24
SA028,SA028-A20,SA028-A23
SA028,SA028-A20,SA028-A22
SA028,SA028-A21,SA028-A30
SA028,SA028-A21,SA028-A29
SA028,SA028-A21,SA028-A28
SA028,SA028-A22,SA028-A30
SA028,SA028-A22,SA028-A29
SA028,SA028-A22,SA028-A28
SA028,SA028-A22,SA028-A27
SA028,SA028-A22,SA028-A26
SA028,SA028-A25,SA028-A29
SA028,SA028-A25,SA028-A28
SA029,SA029-A01,SA029-A27
SA029,SA029-A01,SA029-A25
SA029,SA029-A01,SA029-A24
SA029,SA029-A01,SA029-A23
SA029,SA029-A01,SA029-A22
SA029,SA029-A01,SA029-A21
SA029,SA029-A01,SA029-A19
SA029,SA029-A01,SA029-A18
SA029,SA029-A01,SA029-A16
SA029,SA029-A01,SA029-A11
SA029,SA029-A01,SA029-A10
SA029,SA029-A01,SA029-A09
SA029,SA029-A01,SA029-A05
SA029,SA029-A01,SA029-A04
SA029,SA029-A02,SA029-A24
SA029,SA029-A02,SA029-A04
SA029,SA029-A02,SA029-A03
SA029,SA029-A03,SA029-A24
SA029,SA029-A03,SA029-A04
SA029,SA029-A04,SA029-A24
SA029,SA029-A04,SA029-A07
SA029,SA029-A04,SA029-A06
SA029,SA029-A04,SA029-A05
SA029,SA029-A05,SA029-A24
SA029,SA029-A05,SA029-A07
SA029,SA029-A05,SA029-A06
SA029,SA029-A06,SA029-A24
SA029,SA029-A06,SA029-A07
SA029,SA029-A07,SA029-A24
SA029,SA029-A08,SA029-A24
SA029,SA029-A09,SA029-A30
SA029,SA029-A09,SA029-A29
SA029,SA029-A09,SA029-A28
SA029,SA029-A09,SA029-A26
SA029,SA029-A09,SA029-A24
SA029,SA029-A09,SA029-A21
SA029,SA029-A09,SA029-A20
SA029,SA029-A09,SA029-A19
SA029,SA029-A09,SA029-A18
SA029,SA029-A09,SA029-A17
SA029,SA029-A09,SA029-A16
SA029,SA029-A09,SA029-A15
SA029,SA029-A09,SA029-A14
SA029,SA029-A09,SA029-A13
SA029,SA029-A09,SA029-A12
SA029,SA029-A09,SA029-A11
SA029,SA029-A09,SA029-A10
SA029,SA029-A10,SA029-A13
SA029,SA029-A10,SA029-A12
SA029,SA029-A10,SA029-A11
SA029,SA029-A11,SA029-A30
SA029,SA029-A11,SA029-A21
SA029,SA029-A11,SA029-A19
SA029,SA029-A11,SA029-A17
SA029,SA029-A12,SA029-A27
SA029,SA029-A12,SA029-A26
SA029,SA029-A12,SA029-A24
SA029,SA029-A12,SA029-A23
SA029,SA029-A12,SA029-A22
SA029,SA029-A12,SA029-A21
SA029,SA029-A12,SA029-A20
SA029,SA029-A12,SA029-A19
SA029,SA029-A12,SA029-A18
SA029,SA029-A12,SA029-A17
SA029,SA029-A12,SA029-A16
SA029,SA029-A12,SA029-A15
SA029,SA029-A13,SA029-A27
SA029,SA029-A13,SA029-A26
SA029,SA029-A13,SA029-A25
SA029,SA029-A13,SA029-A24
SA029,SA029-A13,SA029-A23
SA029,SA029-A13,SA029-A22
SA029,SA029-A13,SA029-A21
SA029,SA029-A13,SA029-A20
SA029,SA029-A13,SA029-A19
SA029,SA029-A13,SA029-A14
SA029,SA029-A14,SA029-A28
SA029,SA029-A14,SA029-A26
SA029,SA029-A14,SA029-A25
SA029,SA029-A14,SA029-A24
SA029,SA029-A14,SA029-A23
SA029,SA029-A14,SA029-A22
SA029,SA029-A14,SA029-A21
SA029,SA029-A14,SA029-A20
SA029,SA029-A14,SA029-A19
SA029,SA029-A14,SA029-A18
SA029,SA029-A14,SA029-A17
SA029,SA029-A14,SA029-A16
SA029,SA029-A14,SA029-A15
SA029,SA029-A15,SA029-A28
SA029,SA029-A15,SA029-A26
SA029,SA029-A15,SA029-A25
SA029,SA029-A15,SA029-A24
SA029,SA029-A15,SA029-A23
SA029,SA029-A15,SA029-A22
SA029,SA029-A15,SA029-A21
SA029,SA029-A15,SA029-A20
SA029,SA029-A15,SA029-A19
SA029,SA029-A15,SA029-A18
SA029,SA029-A15,SA029-A17
SA029,SA029-A16,SA029-A27
SA029,SA029-A16,SA029-A20
SA029,SA029-A16,SA029-A19
SA029,SA029-A16,SA029-A18
SA029,SA029-A16,SA029-A17
SA029,SA029-A17,SA029-A27
SA029,SA029-A17,SA029-A26
SA029,SA029-A17,SA029-A23
SA029,SA029-A17,SA029-A21
SA029,SA029-A18,SA029-A30
SA029,SA029-A18,SA029-A29
SA029,SA029-A18,SA029-A28
SA029,SA029-A18,SA029-A27
SA029,SA029-A18,SA029-A26
SA029,SA029-A18,SA029-A25
SA029,SA029-A18,SA029-A24
SA029,SA029-A18,SA029-A23
SA029,SA029-A18,SA029-A22
SA029,SA029-A18,SA029-A20
SA029,SA029-A18,SA029-A19
SA029,SA029-A19,SA029-A29
SA029,SA029-A19,SA029-A28
SA029,SA029-A19,SA029-A27
SA029,SA029-A19,SA029-A26
SA029,SA029-A19,SA029-A25
SA029,SA029-A19,SA029-A24
SA029,SA029-A19,SA029-A22
SA029,SA029-A19,SA029-A20
SA029,SA029-A20,SA029-A30
SA029,SA029-A20,SA029-A28
SA029,SA029-A20,SA029-A27
SA029,SA029-A20,SA029-A26
SA029,SA029-A20,SA029-A24
SA029,SA029-A20,SA029-A23
SA029,SA029-A20,SA029-A22
SA029,SA029-A20,SA029-A21
SA029,SA029-A21,SA029-A27
SA029,SA029-A21,SA029-A26
SA029,SA029-A21,SA029-A25
SA029,SA029-A21,SA029-A24
SA029,SA029-A21,SA029-A23
SA029,SA029-A21,SA029-A22
SA029,SA029-A24,SA029-A30
SA029,SA029-A24,SA029-A29
SA029,SA029-A24,SA029-A28
SA029,SA029-A24,SA029-A27
SA029,SA029-A24,SA029-A26
SA029,SA029-A24,SA029-A25
SA029,SA029-A25,SA029-A30
SA029,SA029-A25,SA029-A29
SA029,SA029-A25,SA029-A28
SA029,SA029-A25,SA029-A26
SA029,SA029-A26,SA029-A29
SA029,SA029-A26,SA029-A28
SA029,SA029-A26,SA029-A27
SA029,SA029-A27,SA029-A29
SA029,SA029-A27,SA029-A28
SA029,SA029-A28,SA029-A30
SA029,SA029-A28,SA029-A29
SA029,SA029-A29,SA029-A30
SA030,SA030-A01,SA030-A30
SA030,SA030-A01,SA030-A21
SA030,SA030-A01,SA030-A19
SA030,SA030-A01,SA030-A15
SA030,SA030-A01,SA030-A13
SA030,SA030-A01,SA030-A12
SA030,SA030-A01,SA030-A06
SA030,SA030-A01,SA030-A05
SA030,SA030-A01,SA030-A04
SA030,SA030-A01,SA030-A03
SA030,SA030-A01,SA030-A02
SA030,SA030-A02,SA030-A29
SA030,SA030-A02,SA030-A28
SA030,SA030-A02,SA030-A26
SA030,SA030-A02,SA030-A25
SA030,SA030-A02,SA030-A21
SA030,SA030-A02,SA030-A20
SA030,SA030-A02,SA030-A19
SA030,SA030-A02,SA030-A18
SA030,SA030-A02,SA030-A17
SA030,SA030-A02,SA030-A15
SA030,SA030-A02,SA030-A14
SA030,SA030-A02,SA030-A13
SA030,SA030-A02,SA030-A12
SA030,SA030-A02,SA030-A11
SA030,SA030-A02,SA030-A10
SA030,SA030-A02,SA030-A08
SA030,SA030-A02,SA030-A07
SA030,SA030-A02,SA030-A06
SA030,SA030-A02,SA030-A05
SA030,SA030-A02,SA030-A04
SA030,SA030-A02,SA030-A03
SA030,SA030-A03,SA030-A25
SA030,SA030-A03,SA030-A23
SA030,SA030-A03,SA030-A21
SA030,SA030-A03,SA030-A20
SA030,SA030-A03,SA030-A19
SA030,SA030-A03,SA030-A18
SA030,SA030-A03,SA030-A17
SA030,SA030-A03,SA030-A15
SA030,SA030-A03,SA030-A14
SA030,SA030-A03,SA030-A13
SA030,SA030-A03,SA030-A12
SA030,SA030-A03,SA030-A11
SA030,SA030-A03,SA030-A10
SA030,SA030-A03,SA030-A08
SA030,SA030-A03,SA030-A06
SA030,SA030-A03,SA030-A05
SA030,SA030-A03,SA030-A04
SA030,SA030-A04,SA030-A29
SA030,SA030-A04,SA030-A28
SA030,SA030-A04,SA030-A25
SA030,SA030-A04,SA030-A21
SA030,SA030-A04,SA030-A20
SA030,SA030-A04,SA030-A19
SA030,SA030-A04,SA030-A18
SA030,SA030-A04,SA030-A17
SA030,SA030-A04,SA030-A15
SA030,SA030-A04,SA030-A14
SA030,SA030-A04,SA030-A13
SA030,SA030-A04,SA030-A12
SA030,SA030-A04,SA030-A11
SA030,SA030-A04,SA030-A10
SA030,SA030-A04,SA030-A08
SA030,SA030-A04,SA030-A06
SA030,SA030-A04,SA030-A05
SA030,SA030-A05,SA030-A29
SA030,SA030-A05,SA030-A28
SA030,SA030-A05,SA030-A26
SA030,SA030-A05,SA030-A25
SA030,SA030-A05,SA030-A21
SA030,SA030-A05,SA030-A20
SA030,SA030-A05,SA030-A19
SA030,SA030-A05,SA030-A18
SA030,SA030-A05,SA030-A17
SA030,SA030-A05,SA030-A15
SA030,SA030-A05,SA030-A14
SA030,SA030-A05,SA030-A13
SA030,SA030-A05,SA030-A12
SA030,SA030-A05,SA030-A11
SA030,SA030-A05,SA030-A10
SA030,SA030-A05,SA030-A08
SA030,SA030-A05,SA030-A07
SA030,SA030-A05,SA030-A06
SA030,SA030-A06,SA030-A29
SA030,SA030-A06,SA030-A28
SA030,SA030-A06,SA030-A26
SA030,SA030-A06,SA030-A25
SA030,SA030-A06,SA030-A21
SA030,SA030-A06,SA030-A18
SA030,SA030-A06,SA030-A15
SA030,SA030-A06,SA030-A14
SA030,SA030-A06,SA030-A13
SA030,SA030-A06,SA030-A12
SA030,SA030-A06,SA030-A11
SA030,SA030-A06,SA030-A10
SA030,SA030-A06,SA030-A08
SA030,SA030-A06,SA030-A07
SA030,SA030-A07,SA030-A29
SA030,SA030-A07,SA030-A28
SA030,SA030-A07,SA030-A26
SA030,SA030-A07,SA030-A25
SA030,SA030-A07,SA030-A21
SA030,SA030-A07,SA030-A18
SA030,SA030-A07,SA030-A15
SA030,SA030-A07,SA030-A14
SA030,SA030-A07,SA030-A13
SA030,SA030-A07,SA030-A12
SA030,SA030-A07,SA030-A11
SA030,SA030-A07,SA030-A10
SA030,SA030-A07,SA030-A08
SA030,SA030-A08,SA030-A29
SA030,SA030-A08,SA030-A28
SA030,SA030-A08,SA030-A26
SA030,SA030-A08,SA030-A25
SA030,SA030-A08,SA030-A21
SA030,SA030-A08,SA030-A18
SA030,SA030-A08,SA030-A15
SA030,SA030-A08,SA030-A14
SA030,SA030-A08,SA030-A13
SA030,SA030-A08,SA030-A12
SA030,SA030-A08,SA030-A11
SA030,SA030-A08,SA030-A10
SA030,SA030-A08,SA030-A09
SA030,SA030-A09,SA030-A29
SA030,SA030-A10,SA030-A29
SA030,SA030-A10,SA030-A28
SA030,SA030-A10,SA030-A26
SA030,SA030-A10,SA030-A25
SA030,SA030-A10,SA030-A21
SA030,SA030-A10,SA030-A18
SA030,SA030-A10,SA030-A15
SA030,SA030-A10,SA030-A14
SA030,SA030-A10,SA030-A13
SA030,SA030-A10,SA030-A12
SA030,SA030-A10,SA030-A11
SA030,SA030-A11,SA030-A29
SA030,SA030-A11,SA030-A28
SA030,SA030-A11,SA030-A26
SA030,SA030-A11,SA030-A25
SA030,SA030-A11,SA030-A21
SA030,SA030-A11,SA030-A18
SA030,SA030-A11,SA030-A17
SA030,SA030-A11,SA030-A15
SA030,SA030-A11,SA030-A14
SA030,SA030-A11,SA030-A13
SA030,SA030-A11,SA030-A12
SA030,SA030-A12,SA030-A29
SA030,SA030-A12,SA030-A28
SA030,SA030-A12,SA030-A25
SA030,SA030-A12,SA030-A24
SA030,SA030-A12,SA030-A21
SA030,SA030-A12,SA030-A20
SA030,SA030-A12,SA030-A19
SA030,SA030-A12,SA030-A18
SA030,SA030-A12,SA030-A15
SA030,SA030-A12,SA030-A14
SA030,SA030-A12,SA030-A13
SA030,SA030-A13,SA030-A29
SA030,SA030-A13,SA030-A28
SA030,SA030-A13,SA030-A26
SA030,SA030-A13,SA030-A25
SA030,SA030-A13,SA030-A24
SA030,SA030-A13,SA030-A21
SA030,SA030-A13,SA030-A18
SA030,SA030-A13,SA030-A17
SA030,SA030-A13,SA030-A16
SA030,SA030-A13,SA030-A15
SA030,SA030-A13,SA030-A14
SA030,SA030-A14,SA030-A29
SA030,SA030-A14,SA030-A28
SA030,SA030-A14,SA030-A26
SA030,SA030-A14,SA030-A25
SA030,SA030-A14,SA030-A24
SA030,SA030-A14,SA030-A21
SA030,SA030-A14,SA030-A18
SA030,SA030-A14,SA030-A17
SA030,SA030-A14,SA030-A16
SA030,SA030-A14,SA030-A15
SA030,SA030-A15,SA030-A30
SA030,SA030-A15,SA030-A29
SA030,SA030-A15,SA030-A28
SA030,SA030-A15,SA030-A26
SA030,SA030-A15,SA030-A25
SA030,SA030-A15,SA030-A21
SA030,SA030-A15,SA030-A18
SA030,SA030-A16,SA030-A24
SA030,SA030-A16,SA030-A22
SA030,SA030-A17,SA030-A25
SA030,SA030-A17,SA030-A23
SA030,SA030-A17,SA030-A20
SA030,SA030-A17,SA030-A19
SA030,SA030-A18,SA030-A29
SA030,SA030-A18,SA030-A28
SA030,SA030-A18,SA030-A26
SA030,SA030-A18,SA030-A25
SA030,SA030-A18,SA030-A21
SA030,SA030-A19,SA030-A20
SA030,SA030-A21,SA030-A29
SA030,SA030-A21,SA030-A28
SA030,SA030-A21,SA030-A25
SA030,SA030-A24,SA030-A27
SA030,SA030-A25,SA030-A29
SA030,SA030-A25,SA030-A28
SA030,SA030-A25,SA030-A26
SA030,SA030-A26,SA030-A29
SA030,SA030-A26,SA030-A28
SA030,SA030-A28,SA030-A29
MO031,MO031-A01,MO031-A30
MO031,MO031-A01,MO031-A29
MO031,MO031-A01,MO031-A28
MO031,MO031-A01,MO031-A27
MO031,MO031-A01,MO031-A26
MO031,MO031-A01,MO031-A25
MO031,MO031-A01,MO031-A20
MO031,MO031-A01,MO031-A19
MO031,MO031-A01,MO031-A18
MO031,MO031-A01,MO031-A17
MO031,MO031-A01,MO031-A16
MO031,MO031-A01,MO031-A15
MO031,MO031-A01,MO031-A14
MO031,MO031-A01,MO031-A12
MO031,MO031-A01,MO031-A11
MO031,MO031-A01,MO031-A10
MO031,MO031-A01,MO031-A09
MO031,MO031-A01,MO031-A08
MO031,MO031-A01,MO031-A06
MO031,MO031-A01,MO031-A05
MO031,MO031-A01,MO031-A04
MO031,MO031-A01,MO031-A03
MO031,MO031-A01,MO031-A02
MO031,MO031-A02,MO031-A30
MO031,MO031-A02,MO031-A27
MO031,MO031-A02,MO031-A26
MO031,MO031-A02,MO031-A25
MO031,MO031-A02,MO031-A24
MO031,MO031-A02,MO031-A23
MO031,MO031-A02,MO031-A22
MO031,MO031-A02,MO031-A16
MO031,MO031-A02,MO031-A15
MO031,MO031-A02,MO031-A14
MO031,MO031-A02,MO031-A12
MO031,MO031-A02,MO031-A11
MO031,MO031-A02,MO031-A10
MO031,MO031-A02,MO031-A09
MO031,MO031-A02,MO031-A04
MO031,MO031-A02,MO031-A03
MO031,MO031-A03,MO031-A30
MO031,MO031-A03,MO031-A29
MO031,MO031-A03,MO031-A28
MO031,MO031-A03,MO031-A27
MO031,MO031-A03,MO031-A26
MO031,MO031-A03,MO031-A25
MO031,MO031-A03,MO031-A24
MO031,MO031-A03,MO031-A20
MO031,MO031-A03,MO031-A19
MO031,MO031-A03,MO031-A18
MO031,MO031-A03,MO031-A17
MO031,MO031-A03,MO031-A16
MO031,MO031-A03,MO031-A15
MO031,MO031-A03,MO031-A14
MO031,MO031-A03,MO031-A13
MO031,MO031-A03,MO031-A12
MO031,MO031-A03,MO031-A11
MO031,MO031-A03,MO031-A10
MO031,MO031-A03,MO031-A09
MO031,MO031-A04,MO031-A30
MO031,MO031-A04,MO031-A29
MO031,MO031-A04,MO031-A28
MO031,MO031-A04,MO031-A27
MO031,MO031-A04,MO031-A26
MO031,MO031-A04,MO031-A20
MO031,MO031-A04,MO031-A19
MO031,MO031-A04,MO031-A18
MO031,MO031-A04,MO031-A17
MO031,MO031-A04,MO031-A16
MO031,MO031-A04,MO031-A15
MO031,MO031-A04,MO031-A14
MO031,MO031-A04,MO031-A12
MO031,MO031-A04,MO031-A11
MO031,MO031-A04,MO031-A10
MO031,MO031-A05,MO031-A30
MO031,MO031-A05,MO031-A29
MO031,MO031-A05,MO031-A27
MO031,MO031-A05,MO031-A26
MO031,MO031-A05,MO031-A20
MO031,MO031-A05,MO031-A19
MO031,MO031-A05,MO031-A18
MO031,MO031-A05,MO031-A17
MO031,MO031-A05,MO031-A16
MO031,MO031-A05,MO031-A15
MO031,MO031-A05,MO031-A14
MO031,MO031-A05,MO031-A12
MO031,MO031-A05,MO031-A11
MO031,MO031-A05,MO031-A10
MO031,MO031-A05,MO031-A09
MO031,MO031-A06,MO031-A27
MO031,MO031-A06,MO031-A12
MO031,MO031-A06,MO031-A07
MO031,MO031-A07,MO031-A26
MO031,MO031-A07,MO031-A20
MO031,MO031-A07,MO031-A19
MO031,MO031-A07,MO031-A18
MO031,MO031-A07,MO031-A17
MO031,MO031-A07,MO031-A15
MO031,MO031-A07,MO031-A14
MO031,MO031-A07,MO031-A12
MO031,MO031-A08,MO031-A30
MO031,MO031-A08,MO031-A29
MO031,MO031-A08,MO031-A28
MO031,MO031-A08,MO031-A27
MO031,MO031-A08,MO031-A24
MO031,MO031-A08,MO031-A23
MO031,MO031-A08,MO031-A22
MO031,MO031-A08,MO031-A20
MO031,MO031-A08,MO031-A19
MO031,MO031-A08,MO031-A18
MO031,MO031-A08,MO031-A17
MO031,MO031-A08,MO031-A16
MO031,MO031-A08,MO031-A15
MO031,MO031-A08,MO031-A14
MO031,MO031-A08,MO031-A12
MO031,MO031-A08,MO031-A11
MO031,MO031-A09,MO031-A27
MO031,MO031-A09,MO031-A25
MO031,MO031-A09,MO031-A20
MO031,MO031-A09,MO031-A19
MO031,MO031-A09,MO031-A18
MO031,MO031-A09,MO031-A17
MO031,MO031-A09,MO031-A16
MO031,MO031-A09,MO031-A15
MO031,MO031-A09,MO031-A14
MO031,MO031-A09,MO031-A12
MO031,MO031-A09,MO031-A10
MO031,MO031-A10,MO031-A27
MO031,MO031-A10,MO031-A20
MO031,MO031-A10,MO031-A19
MO031,MO031-A10,MO031-A18
MO031,MO031-A10,MO031-A17
MO031,MO031-A10,MO031-A16
MO031,MO031-A10,MO031-A15
MO031,MO031-A10,MO031-A13
MO031,MO031-A10,MO031-A12
MO031,MO031-A10,MO031-A11
MO031,MO031-A11,MO031-A30
MO031,MO031-A11,MO031-A29
MO031,MO031-A11,MO031-A28
MO031,MO031-A11,MO031-A23
MO031,MO031-A11,MO031-A20
MO031,MO031-A11,MO031-A19
MO031,MO031-A11,MO031-A18
MO031,MO031-A11,MO031-A17
MO031,MO031-A11,MO031-A15
MO031,MO031-A11,MO031-A14
MO031,MO031-A11,MO031-A12
MO031,MO031-A12,MO031-A27
MO031,MO031-A12,MO031-A23
MO031,MO031-A12,MO031-A22
MO031,MO031-A12,MO031-A20
MO031,MO031-A12,MO031-A19
MO031,MO031-A12,MO031-A18
MO031,MO031-A12,MO031-A17
MO031,MO031-A12,MO031-A16
MO031,MO031-A12,MO031-A15
MO031,MO031-A12,MO031-A14
MO031,MO031-A13,MO031-A27
MO031,MO031-A13,MO031-A25
MO031,MO031-A13,MO031-A23
MO031,MO031-A13,MO031-A22
MO031,MO031-A13,MO031-A21
MO031,MO031-A13,MO031-A20
MO031,MO031-A13,MO031-A19
MO031,MO031-A13,MO031-A18
MO031,MO031-A13,MO031-A17
MO031,MO031-A13,MO031-A16
MO031,MO031-A13,MO031-A15
MO031,MO031-A13,MO031-A14
MO031,MO031-A14,MO031-A30
MO031,MO031-A14,MO031-A29
MO031,MO031-A14,MO031-A28
MO031,MO031-A14,MO031-A27
MO031,MO031-A14,MO031-A26
MO031,MO031-A14,MO031-A24
MO031,MO031-A14,MO031-A23
MO031,MO031-A14,MO031-A20
MO031,MO031-A14,MO031-A19
MO031,MO031-A14,MO031-A18
MO031,MO031-A14,MO031-A17
MO031,MO031-A14,MO031-A16
MO031,MO031-A14,MO031-A15
MO031,MO031-A15,MO031-A30
MO031,MO031-A15,MO031-A29
MO031,MO031-A15,MO031-A28
MO031,MO031-A15,MO031-A27
MO031,MO031-A15,MO031-A24
MO031,MO031-A15,MO031-A23
MO031,MO031-A15,MO031-A22
MO031,MO031-A15,MO031-A20
MO031,MO031-A15,MO031-A19
MO031,MO031-A15,MO031-A18
MO031,MO031-A15,MO031-A17
MO031,MO031-A15,MO031-A16
MO031,MO031-A16,MO031-A30
MO031,MO031-A16,MO031-A29
MO031,MO031-A16,MO031-A28
MO031,MO031-A16,MO031-A27
MO031,MO031-A16,MO031-A24
MO031,MO031-A16,MO031-A23
MO031,MO031-A16,MO031-A20
MO031,MO031-A16,MO031-A19
MO031,MO031-A16,MO031-A18
MO031,MO031-A16,MO031-A17
MO031,MO031-A17,MO031-A30
MO031,MO031-A17,MO031-A29
MO031,MO031-A17,MO031-A28
MO031,MO031-A17,MO031-A27
MO031,MO031-A17,MO031-A24
MO031,MO031-A17,MO031-A23
MO031,MO031-A17,MO031-A21
MO031,MO031-A17,MO031-A20
MO031,MO031-A17,MO031-A19
MO031,MO031-A17,MO031-A18
MO031,MO031-A18,MO031-A30
MO031,MO031-A18,MO031-A29
MO031,MO031-A18,MO031-A28
MO031,MO031-A18,MO031-A24
MO031,MO031-A18,MO031-A23
MO031,MO031-A18,MO031-A20
MO031,MO031-A18,MO031-A19
MO031,MO031-A19,MO031-A30
MO031,MO031-A19,MO031-A29
MO031,MO031-A19,MO031-A28
MO031,MO031-A19,MO031-A24
MO031,MO031-A19,MO031-A23
MO031,MO031-A19,MO031-A20
MO031,MO031-A20,MO031-A30
MO031,MO031-A20,MO031-A29
MO031,MO031-A20,MO031-A28
MO031,MO031-A20,MO031-A27
MO031,MO031-A20,MO031-A24
MO031,MO031-A20,MO031-A23
MO031,MO031-A22,MO031-A30
MO031,MO031-A22,MO031-A29
MO031,MO031-A22,MO031-A23
MO031,MO031-A23,MO031-A30
MO031,MO031-A23,MO031-A29
MO031,MO031-A23,MO031-A28
MO031,MO031-A23,MO031-A24
MO031,MO031-A24,MO031-A30
MO031,MO031-A24,MO031-A29
MO031,MO031-A24,MO031-A28
MO031,MO031-A28,MO031-A30
MO031,MO031-A28,MO031-A29
MO031,MO031-A29,MO031-A30
MO032,MO032-A01,MO032-A26
MO032,MO032-A03,MO032-A23
MO032,MO032-A03,MO032-A20
MO032,MO032-A03,MO032-A19
MO032,MO032-A03,MO032-A18
MO032,MO032-A03,MO032-A17
MO032,MO032-A03,MO032-A14
MO032,MO032-A03,MO032-A12
MO032,MO032-A03,MO032-A11
MO032,MO032-A03,MO032-A10
MO032,MO032-A03,MO032-A09
MO032,MO032-A03,MO032-A08
MO032,MO032-A03,MO032-A07
MO032,MO032-A03,MO032-A05
MO032,MO032-A03,MO032-A04
MO032,MO032-A05,MO032-A25
MO032,MO032-A05,MO032-A24
MO032,MO032-A05,MO032-A23
MO032,MO032-A05,MO032-A22
MO032,MO032-A05,MO032-A17
MO032,MO032-A05,MO032-A12
MO032,MO032-A07,MO032-A30
MO032,MO032-A07,MO032-A29
MO032,MO032-A07,MO032-A28
MO032,MO032-A07,MO032-A17
MO032,MO032-A07,MO032-A16
MO032,MO032-A08,MO032-A30
MO032,MO032-A08,MO032-A29
MO032,MO032-A08,MO032-A28
MO032,MO032-A08,MO032-A27
MO032,MO032-A09,MO032-A15
MO032,MO032-A09,MO032-A14
MO032,MO032-A11,MO032-A30
MO032,MO032-A11,MO032-A29
MO032,MO032-A11,MO032-A28
MO032,MO032-A11,MO032-A26
MO032,MO032-A11,MO032-A23
MO032,MO032-A11,MO032-A22
MO032,MO032-A12,MO032-A22
MO032,MO032-A17,MO032-A27
MO032,MO032-A17,MO032-A24
MO032,MO032-A17,MO032-A21
MO032,MO032-A18,MO032-A27
MO032,MO032-A20,MO032-A27
MO032,MO032-A21,MO032-A27
MO032,MO032-A21,MO032-A22
MO032,MO032-A23,MO032-A24
MO033,MO033-A01,MO033-A30
MO033,MO033-A01,MO033-A29
MO033,MO033-A01,MO033-A28
MO033,MO033-A01,MO033-A27
MO033,MO033-A01,MO033-A26
MO033,MO033-A01,MO033-A25
MO033,MO033-A01,MO033-A24
MO033,MO033-A01,MO033-A23
MO033,MO033-A01,MO033-A22
MO033,MO033-A01,MO033-A21
MO033,MO033-A01,MO033-A20
MO033,MO033-A01,MO033-A19
MO033,MO033-A01,MO033-A18
MO033,MO033-A01,MO033-A17
MO033,MO033-A01,MO033-A16
MO033,MO033-A01,MO033-A15
MO033,MO033-A01,MO033-A14
MO033,MO033-A01,MO033-A13
MO033,MO033-A01,MO033-A12
MO033,MO033-A01,MO033-A11
MO033,MO033-A01,MO033-A10
MO033,MO033-A01,MO033-A09
MO033,MO033-A01,MO033-A08
MO033,MO033-A01,MO033-A07
MO033,MO033-A01,MO033-A06
MO033,MO033-A01,MO033-A05
MO033,MO033-A01,MO033-A04
MO033,MO033-A01,MO033-A03
MO033,MO033-A01,MO033-A02
MO033,MO033-A02,MO033-A30
MO033,MO033-A02,MO033-A29
MO033,MO033-A02,MO033-A28
MO033,MO033-A02,MO033-A27
MO033,MO033-A02,MO033-A26
MO033,MO033-A02,MO033-A25
MO033,MO033-A02,MO033-A24
MO033,MO033-A02,MO033-A23
MO033,MO033-A02,MO033-A22
MO033,MO033-A02,MO033-A21
MO033,MO033-A02,MO033-A20
MO033,MO033-A02,MO033-A19
MO033,MO033-A02,MO033-A18
MO033,MO033-A02,MO033-A17
MO033,MO033-A02,MO033-A16
MO033,MO033-A02,MO033-A15
MO033,MO033-A02,MO033-A14
MO033,MO033-A02,MO033-A13
MO033,MO033-A02,MO033-A12
MO033,MO033-A02,MO033-A11
MO033,MO033-A02,MO033-A10
MO033,MO033-A02,MO033-A09
MO033,MO033-A02,MO033-A08
MO033,MO033-A02,MO033-A07
MO033,MO033-A02,MO033-A06
MO033,MO033-A02,MO033-A05
MO033,MO033-A02,MO033-A04
MO033,MO033-A02,MO033-A03
MO033,MO033-A03,MO033-A30
MO033,MO033-A03,MO033-A29
MO033,MO033-A03,MO033-A28
MO033,MO033-A03,MO033-A27
MO033,MO033-A03,MO033-A26
MO033,MO033-A03,MO033-A25
MO033,MO033-A03,MO033-A24
MO033,MO033-A03,MO033-A23
MO033,MO033-A03,MO033-A22
MO033,MO033-A03,MO033-A21
MO033,MO033-A03,MO033-A20
MO033,MO033-A03,MO033-A19
MO033,MO033-A03,MO033-A18
MO033,MO033-A03,MO033-A17
MO033,MO033-A03,MO033-A16
MO033,MO033-A03,MO033-A15
MO033,MO033-A03,MO033-A14
MO033,MO033-A03,MO033-A13
MO033,MO033-A03,MO033-A12
MO033,MO033-A03,MO033-A11
MO033,MO033-A03,MO033-A10
MO033,MO033-A03,MO033-A09
MO033,MO033-A03,MO033-A08
MO033,MO033-A03,MO033-A07
MO033,MO033-A03,MO033-A06
MO033,MO033-A03,MO033-A05
MO033,MO033-A03,MO033-A04
MO033,MO033-A04,MO033-A30
MO033,MO033-A04,MO033-A29
MO033,MO033-A04,MO033-A28
MO033,MO033-A04,MO033-A27
MO033,MO033-A04,MO033-A26
MO033,MO033-A04,MO033-A25
MO033,MO033-A04,MO033-A24
MO033,MO033-A04,MO033-A23
MO033,MO033-A04,MO033-A22
MO033,MO033-A04,MO033-A21
MO033,MO033-A04,MO033-A20
MO033,MO033-A04,MO033-A19
MO033,MO033-A04,MO033-A18
MO033,MO033-A04,MO033-A17
MO033,MO033-A04,MO033-A16
MO033,MO033-A04,MO033-A15
MO033,MO033-A04,MO033-A14
MO033,MO033-A04,MO033-A13
MO033,MO033-A04,MO033-A12
MO033,MO033-A04,MO033-A11
MO033,MO033-A04,MO033-A10
MO033,MO033-A04,MO033-A09
MO033,MO033-A04,MO033-A08
MO033,MO033-A04,MO033-A07
MO033,MO033-A04,MO033-A06
MO033,MO033-A04,MO033-A05
MO033,MO033-A05,MO033-A30
MO033,MO033-A05,MO033-A29
MO033,MO033-A05,MO033-A28
MO033,MO033-A05,MO033-A27
MO033,MO033-A05,MO033-A26
MO033,MO033-A05,MO033-A25
MO033,MO033-A05,MO033-A24
MO033,MO033-A05,MO033-A23
MO033,MO033-A05,MO033-A22
MO033,MO033-A05,MO033-A21
MO033,MO033-A05,MO033-A20
MO033,MO033-A05,MO033-A19
MO033,MO033-A05,MO033-A18
MO033,MO033-A05,MO033-A17
MO033,MO033-A05,MO033-A16
MO033,MO033-A05,MO033-A15
MO033,MO033-A05,MO033-A14
MO033,MO033-A05,MO033-A13
MO033,MO033-A05,MO033-A12
MO033,MO033-A05,MO033-A11
MO033,MO033-A05,MO033-A10
MO033,MO033-A05,MO033-A09
MO033,MO033-A05,MO033-A08
MO033,MO033-A05,MO033-A07
MO033,MO033-A05,MO033-A06
MO033,MO033-A06,MO033-A30
MO033,MO033-A06,MO033-A29
MO033,MO033-A06,MO033-A28
MO033,MO033-A06,MO033-A27
MO033,MO033-A06,MO033-A26
MO033,MO033-A06,MO033-A25
MO033,MO033-A06,MO033-A24
MO033,MO033-A06,MO033-A23
MO033,MO033-A06,MO033-A22
MO033,MO033-A06,MO033-A21
MO033,MO033-A06,MO033-A20
MO033,MO033-A06,MO033-A19
MO033,MO033-A06,MO033-A18
MO033,MO033-A06,MO033-A17
MO033,MO033-A06,MO033-A16
MO033,MO033-A06,MO033-A15
MO033,MO033-A06,MO033-A14
MO033,MO033-A06,MO033-A13
MO033,MO033-A06,MO033-A12
MO033,MO033-A06,MO033-A11
MO033,MO033-A06,MO033-A10
MO033,MO033-A06,MO033-A09
MO033,MO033-A06,MO033-A08
MO033,MO033-A06,MO033-A07
MO033,MO033-A07,MO033-A30
MO033,MO033-A07,MO033-A29
MO033,MO033-A07,MO033-A28
MO033,MO033-A07,MO033-A27
MO033,MO033-A07,MO033-A26
MO033,MO033-A07,MO033-A25
MO033,MO033-A07,MO033-A24
MO033,MO033-A07,MO033-A23
MO033,MO033-A07,MO033-A22
MO033,MO033-A07,MO033-A21
MO033,MO033-A07,MO033-A20
MO033,MO033-A07,MO033-A19
MO033,MO033-A07,MO033-A18
MO033,MO033-A07,MO033-A17
MO033,MO033-A07,MO033-A16
MO033,MO033-A07,MO033-A15
MO033,MO033-A07,MO033-A14
MO033,MO033-A07,MO033-A13
MO033,MO033-A07,MO033-A12
MO033,MO033-A07,MO033-A11
MO033,MO033-A07,MO033-A10
MO033,MO033-A07,MO033-A09
MO033,MO033-A07,MO033-A08
MO033,MO033-A08,MO033-A30
MO033,MO033-A08,MO033-A29
MO033,MO033-A08,MO033-A28
MO033,MO033-A08,MO033-A27
MO033,MO033-A08,MO033-A26
MO033,MO033-A08,MO033-A25
MO033,MO033-A08,MO033-A24
MO033,MO033-A08,MO033-A23
MO033,MO033-A08,MO033-A22
MO033,MO033-A08,MO033-A21
MO033,MO033-A08,MO033-A20
MO033,MO033-A08,MO033-A19
MO033,MO033-A08,MO033-A18
MO033,MO033-A08,MO033-A17
MO033,MO033-A08,MO033-A16
MO033,MO033-A08,MO033-A15
MO033,MO033-A08,MO033-A14
MO033,MO033-A08,MO033-A13
MO033,MO033-A08,MO033-A12
MO033,MO033-A08,MO033-A11
MO033,MO033-A08,MO033-A10
MO033,MO033-A08,MO033-A09
MO033,MO033-A09,MO033-A30
MO033,MO033-A09,MO033-A29
MO033,MO033-A09,MO033-A28
MO033,MO033-A09,MO033-A27
MO033,MO033-A09,MO033-A26
MO033,MO033-A09,MO033-A25
MO033,MO033-A09,MO033-A24
MO033,MO033-A09,MO033-A23
MO033,MO033-A09,MO033-A22
MO033,MO033-A09,MO033-A21
MO033,MO033-A09,MO033-A20
MO033,MO033-A09,MO033-A19
MO033,MO033-A09,MO033-A18
MO033,MO033-A09,MO033-A17
MO033,MO033-A09,MO033-A16
MO033,MO033-A09,MO033-A15
MO033,MO033-A09,MO033-A14
MO033,MO033-A09,MO033-A13
MO033,MO033-A09,MO033-A12
MO033,MO033-A09,MO033-A11
MO033,MO033-A09,MO033-A10
MO033,MO033-A10,MO033-A30
MO033,MO033-A10,MO033-A29
MO033,MO033-A10,MO033-A28
MO033,MO033-A10,MO033-A27
MO033,MO033-A10,MO033-A26
MO033,MO033-A10,MO033-A25
MO033,MO033-A10,MO033-A24
MO033,MO033-A10,MO033-A23
MO033,MO033-A10,MO033-A22
MO033,MO033-A10,MO033-A21
MO033,MO033-A10,MO033-A20
MO033,MO033-A10,MO033-A19
MO033,MO033-A10,MO033-A18
MO033,MO033-A10,MO033-A17
MO033,MO033-A10,MO033-A16
MO033,MO033-A10,MO033-A15
MO033,MO033-A10,MO033-A14
MO033,MO033-A10,MO033-A13
MO033,MO033-A10,MO033-A12
MO033,MO033-A10,MO033-A11
MO033,MO033-A11,MO033-A30
MO033,MO033-A11,MO033-A29
MO033,MO033-A11,MO033-A28
MO033,MO033-A11,MO033-A27
MO033,MO033-A11,MO033-A26
MO033,MO033-A11,MO033-A25
MO033,MO033-A11,MO033-A24
MO033,MO033-A11,MO033-A23
MO033,MO033-A11,MO033-A22
MO033,MO033-A11,MO033-A21
MO033,MO033-A11,MO033-A20
MO033,MO033-A11,MO033-A19
MO033,MO033-A11,MO033-A18
MO033,MO033-A11,MO033-A17
MO033,MO033-A11,MO033-A16
MO033,MO033-A11,MO033-A15
MO033,MO033-A11,MO033-A14
MO033,MO033-A11,MO033-A13
MO033,MO033-A11,MO033-A12
MO033,MO033-A12,MO033-A30
MO033,MO033-A12,MO033-A29
MO033,MO033-A12,MO033-A28
MO033,MO033-A12,MO033-A27
MO033,MO033-A12,MO033-A26
MO033,MO033-A12,MO033-A25
MO033,MO033-A12,MO033-A24
MO033,MO033-A12,MO033-A23
MO033,MO033-A12,MO033-A22
MO033,MO033-A12,MO033-A21
MO033,MO033-A12,MO033-A20
MO033,MO033-A12,MO033-A19
MO033,MO033-A12,MO033-A18
MO033,MO033-A12,MO033-A17
MO033,MO033-A12,MO033-A16
MO033,MO033-A12,MO033-A15
MO033,MO033-A12,MO033-A14
MO033,MO033-A12,MO033-A13
MO033,MO033-A13,MO033-A30
MO033,MO033-A13,MO033-A29
MO033,MO033-A13,MO033-A28
MO033,MO033-A13,MO033-A27
MO033,MO033-A13,MO033-A26
MO033,MO033-A13,MO033-A25
MO033,MO033-A13,MO033-A24
MO033,MO033-A13,MO033-A23
MO033,MO033-A13,MO033-A22
MO033,MO033-A13,MO033-A21
MO033,MO033-A13,MO033-A20
MO033,MO033-A13,MO033-A19
MO033,MO033-A13,MO033-A18
MO033,MO033-A13,MO033-A17
MO033,MO033-A13,MO033-A16
MO033,MO033-A13,MO033-A15
MO033,MO033-A13,MO033-A14
MO033,MO033-A14,MO033-A30
MO033,MO033-A14,MO033-A29
MO033,MO033-A14,MO033-A28
MO033,MO033-A14,MO033-A27
MO033,MO033-A14,MO033-A26
MO033,MO033-A14,MO033-A25
MO033,MO033-A14,MO033-A24
MO033,MO033-A14,MO033-A23
MO033,MO033-A14,MO033-A22
MO033,MO033-A14,MO033-A21
MO033,MO033-A14,MO033-A20
MO033,MO033-A14,MO033-A19
MO033,MO033-A14,MO033-A18
MO033,MO033-A14,MO033-A17
MO033,MO033-A14,MO033-A16
MO033,MO033-A14,MO033-A15
MO033,MO033-A15,MO033-A30
MO033,MO033-A15,MO033-A29
MO033,MO033-A15,MO033-A28
MO033,MO033-A15,MO033-A27
MO033,MO033-A15,MO033-A26
MO033,MO033-A15,MO033-A25
MO033,MO033-A15,MO033-A24
MO033,MO033-A15,MO033-A21
MO033,MO033-A15,MO033-A20
MO033,MO033-A15,MO033-A19
MO033,MO033-A15,MO033-A18
MO033,MO033-A15,MO033-A17
MO033,MO033-A15,MO033-A16
MO033,MO033-A16,MO033-A30
MO033,MO033-A16,MO033-A29
MO033,MO033-A16,MO033-A28
MO033,MO033-A16,MO033-A27
MO033,MO033-A16,MO033-A26
MO033,MO033-A16,MO033-A25
MO033,MO033-A16,MO033-A24
MO033,MO033-A16,MO033-A23
MO033,MO033-A16,MO033-A22
MO033,MO033-A16,MO033-A21
MO033,MO033-A16,MO033-A20
MO033,MO033-A16,MO033-A19
MO033,MO033-A16,MO033-A18
MO033,MO033-A16,MO033-A17
MO033,MO033-A17,MO033-A30
MO033,MO033-A17,MO033-A29
MO033,MO033-A17,MO033-A28
MO033,MO033-A17,MO033-A27
MO033,MO033-A17,MO033-A26
MO033,MO033-A17,MO033-A25
MO033,MO033-A17,MO033-A24
MO033,MO033-A17,MO033-A23
MO033,MO033-A17,MO033-A22
MO033,MO033-A17,MO033-A21
MO033,MO033-A17,MO033-A20
MO033,MO033-A17,MO033-A19
MO033,MO033-A17,MO033-A18
MO033,MO033-A18,MO033-A30
MO033,MO033-A18,MO033-A29
MO033,MO033-A18,MO033-A28
MO033,MO033-A18,MO033-A27
MO033,MO033-A18,MO033-A26
MO033,MO033-A18,MO033-A25
MO033,MO033-A18,MO033-A24
MO033,MO033-A18,MO033-A23
MO033,MO033-A18,MO033-A22
MO033,MO033-A18,MO033-A21
MO033,MO033-A18,MO033-A20
MO033,MO033-A18,MO033-A19
MO033,MO033-A19,MO033-A30
MO033,MO033-A19,MO033-A29
MO033,MO033-A19,MO033-A28
MO033,MO033-A19,MO033-A27
MO033,MO033-A19,MO033-A26
MO033,MO033-A19,MO033-A25
MO033,MO033-A19,MO033-A24
MO033,MO033-A19,MO033-A23
MO033,MO033-A19,MO033-A22
MO033,MO033-A19,MO033-A21
MO033,MO033-A19,MO033-A20
MO033,MO033-A20,MO033-A30
MO033,MO033-A20,MO033-A29
MO033,MO033-A20,MO033-A28
MO033,MO033-A20,MO033-A27
MO033,MO033-A20,MO033-A26
MO033,MO033-A20,MO033-A25
MO033,MO033-A20,MO033-A24
MO033,MO033-A20,MO033-A23
MO033,MO033-A20,MO033-A22
MO033,MO033-A20,MO033-A21
MO033,MO033-A21,MO033-A30
MO033,MO033-A21,MO033-A29
MO033,MO033-A21,MO033-A28
MO033,MO033-A21,MO033-A27
MO033,MO033-A21,MO033-A26
MO033,MO033-A21,MO033-A25
MO033,MO033-A21,MO033-A24
MO033,MO033-A21,MO033-A23
MO033,MO033-A21,MO033-A22
MO033,MO033-A22,MO033-A30
MO033,MO033-A22,MO033-A29
MO033,MO033-A22,MO033-A28
MO033,MO033-A22,MO033-A27
MO033,MO033-A22,MO033-A26
MO033,MO033-A22,MO033-A25
MO033,MO033-A22,MO033-A24
MO033,MO033-A22,MO033-A23
MO033,MO033-A23,MO033-A30
MO033,MO033-A23,MO033-A29
MO033,MO033-A23,MO033-A28
MO033,MO033-A23,MO033-A27
MO033,MO033-A23,MO033-A26
MO033,MO033-A23,MO033-A25
MO033,MO033-A23,MO033-A24
MO033,MO033-A24,MO033-A30
MO033,MO033-A24,MO033-A29
MO033,MO033-A24,MO033-A28
MO033,MO033-A24,MO033-A27
MO033,MO033-A24,MO033-A26
MO033,MO033-A24,MO033-A25
MO033,MO033-A25,MO033-A30
MO033,MO033-A25,MO033-A29
MO033,MO033-A25,MO033-A28
MO033,MO033-A25,MO033-A27
MO033,MO033-A25,MO033-A26
MO033,MO033-A26,MO033-A30
MO033,MO033-A26,MO033-A29
MO033,MO033-A26,MO033-A28
MO033,MO033-A26,MO033-A27
MO033,MO033-A27,MO033-A30
MO033,MO033-A27,MO033-A29
MO033,MO033-A27,MO033-A28
MO033,MO033-A28,MO033-A30
MO033,MO033-A28,MO033-A29
MO033,MO033-A29,MO033-A30
MO034,MO034-A01,MO034-A30
MO034,MO034-A01,MO034-A29
MO034,MO034-A01,MO034-A28
MO034,MO034-A01,MO034-A27
MO034,MO034-A01,MO034-A26
MO034,MO034-A01,MO034-A25
MO034,MO034-A01,MO034-A24
MO034,MO034-A01,MO034-A23
MO034,MO034-A01,MO034-A22
MO034,MO034-A01,MO034-A21
MO034,MO034-A01,MO034-A20
MO034,MO034-A01,MO034-A19
MO034,MO034-A01,MO034-A18
MO034,MO034-A01,MO034-A17
MO034,MO034-A01,MO034-A16
MO034,MO034-A01,MO034-A15
MO034,MO034-A01,MO034-A14
MO034,MO034-A01,MO034-A13
MO034,MO034-A01,MO034-A11
MO034,MO034-A01,MO034-A10
MO034,MO034-A01,MO034-A09
MO034,MO034-A01,MO034-A08
MO034,MO034-A01,MO034-A07
MO034,MO034-A01,MO034-A06
MO034,MO034-A01,MO034-A05
MO034,MO034-A01,MO034-A04
MO034,MO034-A01,MO034-A03
MO034,MO034-A01,MO034-A02
MO034,MO034-A02,MO034-A30
MO034,MO034-A02,MO034-A29
MO034,MO034-A02,MO034-A28
MO034,MO034-A02,MO034-A27
MO034,MO034-A02,MO034-A26
MO034,MO034-A02,MO034-A25
MO034,MO034-A02,MO034-A24
MO034,MO034-A02,MO034-A23
MO034,MO034-A02,MO034-A22
MO034,MO034-A02,MO034-A21
MO034,MO034-A02,MO034-A20
MO034,MO034-A02,MO034-A19
MO034,MO034-A02,MO034-A18
MO034,MO034-A02,MO034-A17
MO034,MO034-A02,MO034-A16
MO034,MO034-A02,MO034-A15
MO034,MO034-A02,MO034-A14
MO034,MO034-A02,MO034-A13
MO034,MO034-A02,MO034-A12
MO034,MO034-A02,MO034-A11
MO034,MO034-A02,MO034-A10
MO034,MO034-A02,MO034-A09
MO034,MO034-A02,MO034-A08
MO034,MO034-A02,MO034-A07
MO034,MO034-A02,MO034-A06
MO034,MO034-A02,MO034-A05
MO034,MO034-A02,MO034-A04
MO034,MO034-A02,MO034-A03
MO034,MO034-A03,MO034-A30
MO034,MO034-A03,MO034-A29
MO034,MO034-A03,MO034-A28
MO034,MO034-A03,MO034-A27
MO034,MO034-A03,MO034-A26
MO034,MO034-A03,MO034-A25
MO034,MO034-A03,MO034-A24
MO034,MO034-A03,MO034-A23
MO034,MO034-A03,MO034-A22
MO034,MO034-A03,MO034-A21
MO034,MO034-A03,MO034-A20
MO034,MO034-A03,MO034-A19
MO034,MO034-A03,MO034-A18
MO034,MO034-A03,MO034-A17
MO034,MO034-A03,MO034-A16
MO034,MO034-A03,MO034-A15
MO034,MO034-A03,MO034-A14
MO034,MO034-A03,MO034-A13
MO034,MO034-A03,MO034-A12
MO034,MO034-A03,MO034-A11
MO034,MO034-A03,MO034-A10
MO034,MO034-A03,MO034-A09
MO034,MO034-A03,MO034-A08
MO034,MO034-A03,MO034-A07
MO034,MO034-A03,MO034-A06
MO034,MO034-A03,MO034-A05
MO034,MO034-A03,MO034-A04
MO034,MO034-A04,MO034-A30
MO034,MO034-A04,MO034-A29
MO034,MO034-A04,MO034-A27
MO034,MO034-A04,MO034-A26
MO034,MO034-A04,MO034-A25
MO034,MO034-A04,MO034-A24
MO034,MO034-A04,MO034-A23
MO034,MO034-A04,MO034-A22
MO034,MO034-A04,MO034-A20
MO034,MO034-A04,MO034-A19
MO034,MO034-A04,MO034-A18
MO034,MO034-A04,MO034-A17
MO034,MO034-A04,MO034-A16
MO034,MO034-A04,MO034-A15
MO034,MO034-A04,MO034-A14
MO034,MO034-A04,MO034-A13
MO034,MO034-A04,MO034-A12
MO034,MO034-A04,MO034-A11
MO034,MO034-A04,MO034-A10
MO034,MO034-A04,MO034-A09
MO034,MO034-A04,MO034-A08
MO034,MO034-A04,MO034-A07
MO034,MO034-A04,MO034-A06
MO034,MO034-A04,MO034-A05
MO034,MO034-A05,MO034-A30
MO034,MO034-A05,MO034-A29
MO034,MO034-A05,MO034-A28
MO034,MO034-A05,MO034-A27
MO034,MO034-A05,MO034-A26
MO034,MO034-A05,MO034-A25
MO034,MO034-A05,MO034-A24
MO034,MO034-A05,MO034-A23
MO034,MO034-A05,MO034-A22
MO034,MO034-A05,MO034-A21
MO034,MO034-A05,MO034-A20
MO034,MO034-A05,MO034-A19
MO034,MO034-A05,MO034-A18
MO034,MO034-A05,MO034-A17
MO034,MO034-A05,MO034-A16
MO034,MO034-A05,MO034-A15
MO034,MO034-A05,MO034-A14
MO034,MO034-A05,MO034-A13
MO034,MO034-A05,MO034-A12
MO034,MO034-A05,MO034-A11
MO034,MO034-A05,MO034-A10
MO034,MO034-A05,MO034-A09
MO034,MO034-A05,MO034-A08
MO034,MO034-A05,MO034-A07
MO034,MO034-A05,MO034-A06
MO034,MO034-A06,MO034-A29
MO034,MO034-A06,MO034-A28
MO034,MO034-A06,MO034-A27
MO034,MO034-A06,MO034-A26
MO034,MO034-A06,MO034-A25
MO034,MO034-A06,MO034-A24
MO034,MO034-A06,MO034-A23
MO034,MO034-A06,MO034-A22
MO034,MO034-A06,MO034-A21
MO034,MO034-A06,MO034-A20
MO034,MO034-A06,MO034-A19
MO034,MO034-A06,MO034-A18
MO034,MO034-A06,MO034-A17
MO034,MO034-A06,MO034-A16
MO034,MO034-A06,MO034-A15
MO034,MO034-A06,MO034-A14
MO034,MO034-A06,MO034-A13
MO034,MO034-A06,MO034-A12
MO034,MO034-A06,MO034-A11
MO034,MO034-A06,MO034-A10
MO034,MO034-A06,MO034-A09
MO034,MO034-A06,MO034-A08
MO034,MO034-A06,MO034-A07
MO034,MO034-A07,MO034-A30
MO034,MO034-A07,MO034-A29
MO034,MO034-A07,MO034-A28
MO034,MO034-A07,MO034-A27
MO034,MO034-A07,MO034-A26
MO034,MO034-A07,MO034-A25
MO034,MO034-A07,MO034-A24
MO034,MO034-A07,MO034-A23
MO034,MO034-A07,MO034-A22
MO034,MO034-A07,MO034-A21
MO034,MO034-A07,MO034-A20
MO034,MO034-A07,MO034-A19
MO034,MO034-A07,MO034-A18
MO034,MO034-A07,MO034-A17
MO034,MO034-A07,MO034-A16
MO034,MO034-A07,MO034-A15
MO034,MO034-A07,MO034-A14
MO034,MO034-A07,MO034-A13
MO034,MO034-A07,MO034-A12
MO034,MO034-A07,MO034-A11
MO034,MO034-A07,MO034-A10
MO034,MO034-A07,MO034-A09
MO034,MO034-A07,MO034-A08
MO034,MO034-A08,MO034-A30
MO034,MO034-A08,MO034-A29
MO034,MO034-A08,MO034-A28
MO034,MO034-A08,MO034-A27
MO034,MO034-A08,MO034-A26
MO034,MO034-A08,MO034-A25
MO034,MO034-A08,MO034-A24
MO034,MO034-A08,MO034-A23
MO034,MO034-A08,MO034-A22
MO034,MO034-A08,MO034-A21
MO034,MO034-A08,MO034-A20
MO034,MO034-A08,MO034-A19
MO034,MO034-A08,MO034-A18
MO034,MO034-A08,MO034-A17
MO034,MO034-A08,MO034-A16
MO034,MO034-A08,MO034-A15
MO034,MO034-A08,MO034-A14
MO034,MO034-A08,MO034-A13
MO034,MO034-A08,MO034-A12
MO034,MO034-A08,MO034-A11
MO034,MO034-A08,MO034-A10
MO034,MO034-A08,MO034-A09
MO034,MO034-A09,MO034-A30
MO034,MO034-A09,MO034-A29
MO034,MO034-A09,MO034-A28
MO034,MO034-A09,MO034-A27
MO034,MO034-A09,MO034-A26
MO034,MO034-A09,MO034-A25
MO034,MO034-A09,MO034-A24
MO034,MO034-A09,MO034-A23
MO034,MO034-A09,MO034-A22
MO034,MO034-A09,MO034-A21
MO034,MO034-A09,MO034-A20
MO034,MO034-A09,MO034-A19
MO034,MO034-A09,MO034-A18
MO034,MO034-A09,MO034-A17
MO034,MO034-A09,MO034-A16
MO034,MO034-A09,MO034-A15
MO034,MO034-A09,MO034-A14
MO034,MO034-A09,MO034-A13
MO034,MO034-A09,MO034-A12
MO034,MO034-A09,MO034-A11
MO034,MO034-A09,MO034-A10
MO034,MO034-A10,MO034-A30
MO034,MO034-A10,MO034-A29
MO034,MO034-A10,MO034-A28
MO034,MO034-A10,MO034-A27
MO034,MO034-A10,MO034-A26
MO034,MO034-A10,MO034-A25
MO034,MO034-A10,MO034-A21
MO034,MO034-A10,MO034-A20
MO034,MO034-A10,MO034-A19
MO034,MO034-A10,MO034-A18
MO034,MO034-A10,MO034-A17
MO034,MO034-A10,MO034-A16
MO034,MO034-A10,MO034-A15
MO034,MO034-A10,MO034-A14
MO034,MO034-A10,MO034-A13
MO034,MO034-A10,MO034-A12
MO034,MO034-A10,MO034-A11
MO034,MO034-A11,MO034-A30
MO034,MO034-A11,MO034-A29
MO034,MO034-A11,MO034-A28
MO034,MO034-A11,MO034-A27
MO034,MO034-A11,MO034-A26
MO034,MO034-A11,MO034-A25
MO034,MO034-A11,MO034-A24
MO034,MO034-A11,MO034-A23
MO034,MO034-A11,MO034-A22
MO034,MO034-A11,MO034-A21
MO034,MO034-A11,MO034-A20
MO034,MO034-A11,MO034-A19
MO034,MO034-A11,MO034-A18
MO034,MO034-A11,MO034-A17
MO034,MO034-A11,MO034-A16
MO034,MO034-A11,MO034-A15
MO034,MO034-A11,MO034-A14
MO034,MO034-A11,MO034-A13
MO034,MO034-A11,MO034-A12
MO034,MO034-A12,MO034-A30
MO034,MO034-A12,MO034-A29
MO034,MO034-A12,MO034-A28
MO034,MO034-A12,MO034-A27
MO034,MO034-A12,MO034-A26
MO034,MO034-A12,MO034-A25
MO034,MO034-A12,MO034-A24
MO034,MO034-A12,MO034-A23
MO034,MO034-A12,MO034-A22
MO034,MO034-A12,MO034-A21
MO034,MO034-A12,MO034-A20
MO034,MO034-A12,MO034-A19
MO034,MO034-A12,MO034-A18
MO034,MO034-A12,MO034-A17
MO034,MO034-A12,MO034-A16
MO034,MO034-A12,MO034-A15
MO034,MO034-A12,MO034-A14
MO034,MO034-A12,MO034-A13
MO034,MO034-A13,MO034-A30
MO034,MO034-A13,MO034-A29
MO034,MO034-A13,MO034-A28
MO034,MO034-A13,MO034-A27
MO034,MO034-A13,MO034-A26
MO034,MO034-A13,MO034-A25
MO034,MO034-A13,MO034-A24
MO034,MO034-A13,MO034-A23
MO034,MO034-A13,MO034-A22
MO034,MO034-A13,MO034-A21
MO034,MO034-A13,MO034-A20
MO034,MO034-A13,MO034-A19
MO034,MO034-A13,MO034-A18
MO034,MO034-A13,MO034-A17
MO034,MO034-A13,MO034-A16
MO034,MO034-A13,MO034-A15
MO034,MO034-A13,MO034-A14
MO034,MO034-A14,MO034-A30
MO034,MO034-A14,MO034-A29
MO034,MO034-A14,MO034-A28
MO034,MO034-A14,MO034-A27
MO034,MO034-A14,MO034-A26
MO034,MO034-A14,MO034-A25
MO034,MO034-A14,MO034-A24
MO034,MO034-A14,MO034-A23
MO034,MO034-A14,MO034-A22
MO034,MO034-A14,MO034-A21
MO034,MO034-A14,MO034-A20
MO034,MO034-A14,MO034-A19
MO034,MO034-A14,MO034-A18
MO034,MO034-A14,MO034-A17
MO034,MO034-A14,MO034-A16
MO034,MO034-A14,MO034-A15
MO034,MO034-A15,MO034-A30
MO034,MO034-A15,MO034-A29
MO034,MO034-A15,MO034-A28
MO034,MO034-A15,MO034-A27
MO034,MO034-A15,MO034-A26
MO034,MO034-A15,MO034-A25
MO034,MO034-A15,MO034-A24
MO034,MO034-A15,MO034-A23
MO034,MO034-A15,MO034-A22
MO034,MO034-A15,MO034-A21
MO034,MO034-A15,MO034-A20
MO034,MO034-A15,MO034-A19
MO034,MO034-A15,MO034-A18
MO034,MO034-A15,MO034-A17
MO034,MO034-A15,MO034-A16
MO034,MO034-A16,MO034-A30
MO034,MO034-A16,MO034-A29
MO034,MO034-A16,MO034-A28
MO034,MO034-A16,MO034-A27
MO034,MO034-A16,MO034-A26
MO034,MO034-A16,MO034-A25
MO034,MO034-A16,MO034-A24
MO034,MO034-A16,MO034-A23
MO034,MO034-A16,MO034-A22
MO034,MO034-A16,MO034-A21
MO034,MO034-A16,MO034-A20
MO034,MO034-A16,MO034-A19
MO034,MO034-A16,MO034-A18
MO034,MO034-A16,MO034-A17
MO034,MO034-A17,MO034-A30
MO034,MO034-A17,MO034-A29
MO034,MO034-A17,MO034-A28
MO034,MO034-A17,MO034-A27
MO034,MO034-A17,MO034-A26
MO034,MO034-A17,MO034-A25
MO034,MO034-A17,MO034-A24
MO034,MO034-A17,MO034-A23
MO034,MO034-A17,MO034-A22
MO034,MO034-A17,MO034-A21
MO034,MO034-A17,MO034-A20
MO034,MO034-A17,MO034-A19
MO034,MO034-A17,MO034-A18
MO034,MO034-A18,MO034-A30
MO034,MO034-A18,MO034-A29
MO034,MO034-A18,MO034-A28
MO034,MO034-A18,MO034-A27
MO034,MO034-A18,MO034-A26
MO034,MO034-A18,MO034-A25
MO034,MO034-A18,MO034-A24
MO034,MO034-A18,MO034-A23
MO034,MO034-A18,MO034-A22
MO034,MO034-A18,MO034-A21
MO034,MO034-A18,MO034-A20
MO034,MO034-A18,MO034-A19
MO034,MO034-A19,MO034-A30
MO034,MO034-A19,MO034-A29
MO034,MO034-A19,MO034-A28
MO034,MO034-A19,MO034-A27
MO034,MO034-A19,MO034-A26
MO034,MO034-A19,MO034-A25
MO034,MO034-A19,MO034-A24
MO034,MO034-A19,MO034-A23
MO034,MO034-A19,MO034-A22
MO034,MO034-A19,MO034-A21
MO034,MO034-A19,MO034-A20
MO034,MO034-A20,MO034-A30
MO034,MO034-A20,MO034-A29
MO034,MO034-A20,MO034-A28
MO034,MO034-A20,MO034-A27
MO034,MO034-A20,MO034-A26
MO034,MO034-A20,MO034-A25
MO034,MO034-A20,MO034-A24
MO034,MO034-A20,MO034-A23
MO034,MO034-A20,MO034-A22
MO034,MO034-A20,MO034-A21
MO034,MO034-A21,MO034-A30
MO034,MO034-A21,MO034-A29
MO034,MO034-A21,MO034-A28
MO034,MO034-A21,MO034-A27
MO034,MO034-A21,MO034-A26
MO034,MO034-A21,MO034-A25
MO034,MO034-A21,MO034-A24
MO034,MO034-A21,MO034-A23
MO034,MO034-A21,MO034-A22
MO034,MO034-A22,MO034-A30
MO034,MO034-A22,MO034-A29
MO034,MO034-A22,MO034-A28
MO034,MO034-A22,MO034-A27
MO034,MO034-A22,MO034-A26
MO034,MO034-A22,MO034-A25
MO034,MO034-A22,MO034-A24
MO034,MO034-A22,MO034-A23
MO034,MO034-A23,MO034-A30
MO034,MO034-A23,MO034-A29
MO034,MO034-A23,MO034-A28
MO034,MO034-A23,MO034-A27
MO034,MO034-A23,MO034-A26
MO034,MO034-A23,MO034-A25
MO034,MO034-A23,MO034-A24
MO034,MO034-A24,MO034-A30
MO034,MO034-A24,MO034-A29
MO034,MO034-A24,MO034-A28
MO034,MO034-A24,MO034-A27
MO034,MO034-A24,MO034-A26
MO034,MO034-A24,MO034-A25
MO034,MO034-A25,MO034-A30
MO034,MO034-A25,MO034-A29
MO034,MO034-A25,MO034-A28
MO034,MO034-A25,MO034-A27
MO034,MO034-A25,MO034-A26
MO034,MO034-A26,MO034-A30
MO034,MO034-A26,MO034-A29
MO034,MO034-A26,MO034-A28
MO034,MO034-A26,MO034-A27
MO034,MO034-A27,MO034-A30
MO034,MO034-A27,MO034-A29
MO034,MO034-A27,MO034-A28
MO034,MO034-A28,MO034-A30
MO034,MO034-A28,MO034-A29
MO034,MO034-A29,MO034-A30
MO035,MO035-A01,MO035-A30
MO035,MO035-A01,MO035-A28
MO035,MO035-A01,MO035-A27
MO035,MO035-A01,MO035-A23
MO035,MO035-A01,MO035-A14
MO035,MO035-A01,MO035-A05
MO035,MO035-A01,MO035-A03
MO035,MO035-A01,MO035-A02
MO035,MO035-A02,MO035-A28
MO035,MO035-A02,MO035-A27
MO035,MO035-A02,MO035-A23
MO035,MO035-A02,MO035-A22
MO035,MO035-A02,MO035-A04
MO035,MO035-A02,MO035-A03
MO035,MO035-A03,MO035-A30
MO035,MO035-A03,MO035-A29
MO035,MO035-A03,MO035-A28
MO035,MO035-A03,MO035-A27
MO035,MO035-A03,MO035-A24
MO035,MO035-A03,MO035-A23
MO035,MO035-A03,MO035-A22
MO035,MO035-A03,MO035-A20
MO035,MO035-A03,MO035-A19
MO035,MO035-A03,MO035-A18
MO035,MO035-A03,MO035-A17
MO035,MO035-A03,MO035-A16
MO035,MO035-A03,MO035-A13
MO035,MO035-A03,MO035-A11
MO035,MO035-A03,MO035-A10
MO035,MO035-A03,MO035-A09
MO035,MO035-A03,MO035-A08
MO035,MO035-A03,MO035-A05
MO035,MO035-A03,MO035-A04
MO035,MO035-A04,MO035-A30
MO035,MO035-A04,MO035-A29
MO035,MO035-A04,MO035-A28
MO035,MO035-A04,MO035-A27
MO035,MO035-A04,MO035-A23
MO035,MO035-A04,MO035-A19
MO035,MO035-A04,MO035-A18
MO035,MO035-A04,MO035-A17
MO035,MO035-A04,MO035-A16
MO035,MO035-A04,MO035-A15
MO035,MO035-A04,MO035-A13
MO035,MO035-A04,MO035-A11
MO035,MO035-A04,MO035-A10
MO035,MO035-A04,MO035-A09
MO035,MO035-A04,MO035-A08
MO035,MO035-A04,MO035-A07
MO035,MO035-A04,MO035-A05
MO035,MO035-A05,MO035-A30
MO035,MO035-A05,MO035-A29
MO035,MO035-A05,MO035-A28
MO035,MO035-A05,MO035-A27
MO035,MO035-A05,MO035-A24
MO035,MO035-A05,MO035-A23
MO035,MO035-A05,MO035-A22
MO035,MO035-A05,MO035-A19
MO035,MO035-A05,MO035-A18
MO035,MO035-A05,MO035-A17
MO035,MO035-A05,MO035-A16
MO035,MO035-A05,MO035-A13
MO035,MO035-A05,MO035-A11
MO035,MO035-A05,MO035-A10
MO035,MO035-A05,MO035-A09
MO035,MO035-A05,MO035-A08
MO035,MO035-A07,MO035-A30
MO035,MO035-A07,MO035-A29
MO035,MO035-A07,MO035-A28
MO035,MO035-A07,MO035-A27
MO035,MO035-A07,MO035-A20
MO035,MO035-A07,MO035-A14
MO035,MO035-A07,MO035-A12
MO035,MO035-A07,MO035-A11
MO035,MO035-A08,MO035-A28
MO035,MO035-A08,MO035-A24
MO035,MO035-A08,MO035-A22
MO035,MO035-A08,MO035-A19
MO035,MO035-A08,MO035-A18
MO035,MO035-A08,MO035-A17
MO035,MO035-A08,MO035-A16
MO035,MO035-A08,MO035-A13
MO035,MO035-A08,MO035-A11
MO035,MO035-A08,MO035-A10
MO035,MO035-A08,MO035-A09
MO035,MO035-A09,MO035-A29
MO035,MO035-A09,MO035-A24
MO035,MO035-A09,MO035-A19
MO035,MO035-A09,MO035-A18
MO035,MO035-A09,MO035-A17
MO035,MO035-A09,MO035-A16
MO035,MO035-A09,MO035-A11
MO035,MO035-A10,MO035-A28
MO035,MO035-A10,MO035-A27
MO035,MO035-A10,MO035-A24
MO035,MO035-A10,MO035-A23
MO035,MO035-A10,MO035-A16
MO035,MO035-A10,MO035-A13
MO035,MO035-A10,MO035-A11
MO035,MO035-A11,MO035-A30
MO035,MO035-A11,MO035-A29
MO035,MO035-A11,MO035-A28
MO035,MO035-A11,MO035-A27
MO035,MO035-A11,MO035-A24
MO035,MO035-A11,MO035-A23
MO035,MO035-A11,MO035-A22
MO035,MO035-A11,MO035-A18
MO035,MO035-A11,MO035-A17
MO035,MO035-A11,MO035-A16
MO035,MO035-A11,MO035-A13
MO035,MO035-A11,MO035-A12
MO035,MO035-A12,MO035-A30
MO035,MO035-A12,MO035-A29
MO035,MO035-A12,MO035-A28
MO035,MO035-A12,MO035-A27
MO035,MO035-A12,MO035-A16
MO035,MO035-A12,MO035-A15
MO035,MO035-A12,MO035-A14
MO035,MO035-A13,MO035-A28
MO035,MO035-A13,MO035-A24
MO035,MO035-A13,MO035-A23
MO035,MO035-A13,MO035-A22
MO035,MO035-A13,MO035-A18
MO035,MO035-A13,MO035-A17
MO035,MO035-A13,MO035-A16
MO035,MO035-A14,MO035-A30
MO035,MO035-A14,MO035-A29
MO035,MO035-A14,MO035-A28
MO035,MO035-A14,MO035-A27
MO035,MO035-A14,MO035-A15
MO035,MO035-A15,MO035-A30
MO035,MO035-A15,MO035-A29
MO035,MO035-A15,MO035-A28
MO035,MO035-A15,MO035-A27
MO035,MO035-A15,MO035-A25
MO035,MO035-A16,MO035-A30
MO035,MO035-A16,MO035-A28
MO035,MO035-A16,MO035-A27
MO035,MO035-A16,MO035-A24
MO035,MO035-A16,MO035-A23
MO035,MO035-A16,MO035-A22
MO035,MO035-A16,MO035-A18
MO035,MO035-A16,MO035-A17
MO035,MO035-A17,MO035-A30
MO035,MO035-A17,MO035-A28
MO035,MO035-A17,MO035-A27
MO035,MO035-A17,MO035-A23
MO035,MO035-A17,MO035-A22
MO035,MO035-A18,MO035-A24
MO035,MO035-A18,MO035-A19
MO035,MO035-A19,MO035-A29
MO035,MO035-A19,MO035-A28
MO035,MO035-A19,MO035-A24
MO035,MO035-A22,MO035-A30
MO035,MO035-A22,MO035-A29
MO035,MO035-A22,MO035-A28
MO035,MO035-A22,MO035-A24
MO035,MO035-A22,MO035-A23
MO035,MO035-A23,MO035-A30
MO035,MO035-A23,MO035-A28
MO035,MO035-A23,MO035-A27
MO035,MO035-A24,MO035-A29
MO035,MO035-A24,MO035-A28
MO035,MO035-A27,MO035-A30
MO035,MO035-A27,MO035-A29
MO035,MO035-A27,MO035-A28
MO035,MO035-A28,MO035-A30
MO035,MO035-A28,MO035-A29
MO035,MO035-A29,MO035-A30
MO036,MO036-A01,MO036-A30
MO036,MO036-A01,MO036-A29
MO036,MO036-A01,MO036-A27
MO036,MO036-A01,MO036-A25
MO036,MO036-A01,MO036-A23
MO036,MO036-A01,MO036-A21
MO036,MO036-A01,MO036-A20
MO036,MO036-A01,MO036-A18
MO036,MO036-A01,MO036-A17
MO036,MO036-A01,MO036-A16
MO036,MO036-A01,MO036-A15
MO036,MO036-A01,MO036-A13
MO036,MO036-A01,MO036-A12
MO036,MO036-A01,MO036-A11
MO036,MO036-A01,MO036-A10
MO036,MO036-A01,MO036-A09
MO036,MO036-A01,MO036-A08
MO036,MO036-A01,MO036-A06
MO036,MO036-A01,MO036-A05
MO036,MO036-A01,MO036-A04
MO036,MO036-A01,MO036-A03
MO036,MO036-A02,MO036-A30
MO036,MO036-A02,MO036-A29
MO036,MO036-A02,MO036-A28
MO036,MO036-A02,MO036-A25
MO036,MO036-A02,MO036-A24
MO036,MO036-A02,MO036-A22
MO036,MO036-A02,MO036-A21
MO036,MO036-A02,MO036-A20
MO036,MO036-A02,MO036-A18
MO036,MO036-A02,MO036-A16
MO036,MO036-A02,MO036-A15
MO036,MO036-A02,MO036-A13
MO036,MO036-A02,MO036-A10
MO036,MO036-A02,MO036-A09
MO036,MO036-A02,MO036-A07
MO036,MO036-A02,MO036-A06
MO036,MO036-A03,MO036-A30
MO036,MO036-A03,MO036-A29
MO036,MO036-A03,MO036-A28
MO036,MO036-A03,MO036-A27
MO036,MO036-A03,MO036-A26
MO036,MO036-A03,MO036-A23
MO036,MO036-A03,MO036-A22
MO036,MO036-A03,MO036-A21
MO036,MO036-A03,MO036-A20
MO036,MO036-A03,MO036-A19
MO036,MO036-A03,MO036-A18
MO036,MO036-A04,MO036-A30
MO036,MO036-A04,MO036-A29
MO036,MO036-A04,MO036-A28
MO036,MO036-A04,MO036-A27
MO036,MO036-A04,MO036-A26
MO036,MO036-A04,MO036-A25
MO036,MO036-A04,MO036-A24
MO036,MO036-A04,MO036-A23
MO036,MO036-A04,MO036-A19
MO036,MO036-A04,MO036-A18
MO036,MO036-A04,MO036-A17
MO036,MO036-A04,MO036-A11
MO036,MO036-A04,MO036-A10
MO036,MO036-A04,MO036-A09
MO036,MO036-A04,MO036-A08
MO036,MO036-A04,MO036-A07
MO036,MO036-A04,MO036-A06
MO036,MO036-A04,MO036-A05
MO036,MO036-A05,MO036-A30
MO036,MO036-A05,MO036-A29
MO036,MO036-A05,MO036-A28
MO036,MO036-A05,MO036-A27
MO036,MO036-A05,MO036-A26
MO036,MO036-A05,MO036-A25
MO036,MO036-A05,MO036-A21
MO036,MO036-A05,MO036-A20
MO036,MO036-A05,MO036-A18
MO036,MO036-A05,MO036-A17
MO036,MO036-A05,MO036-A13
MO036,MO036-A05,MO036-A12
MO036,MO036-A05,MO036-A11
MO036,MO036-A05,MO036-A10
MO036,MO036-A05,MO036-A09
MO036,MO036-A05,MO036-A08
MO036,MO036-A05,MO036-A07
MO036,MO036-A05,MO036-A06
MO036,MO036-A06,MO036-A30
MO036,MO036-A06,MO036-A29
MO036,MO036-A06,MO036-A28
MO036,MO036-A06,MO036-A27
MO036,MO036-A06,MO036-A26
MO036,MO036-A06,MO036-A23
MO036,MO036-A06,MO036-A22
MO036,MO036-A06,MO036-A21
MO036,MO036-A06,MO036-A16
MO036,MO036-A06,MO036-A15
MO036,MO036-A06,MO036-A14
MO036,MO036-A06,MO036-A13
MO036,MO036-A06,MO036-A12
MO036,MO036-A06,MO036-A09
MO036,MO036-A06,MO036-A08
MO036,MO036-A06,MO036-A07
MO036,MO036-A07,MO036-A30
MO036,MO036-A07,MO036-A29
MO036,MO036-A07,MO036-A28
MO036,MO036-A07,MO036-A27
MO036,MO036-A07,MO036-A26
MO036,MO036-A07,MO036-A25
MO036,MO036-A07,MO036-A24
MO036,MO036-A07,MO036-A22
MO036,MO036-A07,MO036-A21
MO036,MO036-A07,MO036-A19
MO036,MO036-A07,MO036-A18
MO036,MO036-A07,MO036-A17
MO036,MO036-A07,MO036-A13
MO036,MO036-A07,MO036-A12
MO036,MO036-A08,MO036-A30
MO036,MO036-A08,MO036-A29
MO036,MO036-A08,MO036-A28
MO036,MO036-A08,MO036-A27
MO036,MO036-A08,MO036-A26
MO036,MO036-A08,MO036-A25
MO036,MO036-A08,MO036-A24
MO036,MO036-A08,MO036-A23
MO036,MO036-A08,MO036-A20
MO036,MO036-A08,MO036-A19
MO036,MO036-A08,MO036-A15
MO036,MO036-A08,MO036-A12
MO036,MO036-A08,MO036-A11
MO036,MO036-A08,MO036-A10
MO036,MO036-A08,MO036-A09
MO036,MO036-A09,MO036-A30
MO036,MO036-A09,MO036-A29
MO036,MO036-A09,MO036-A28
MO036,MO036-A09,MO036-A22
MO036,MO036-A09,MO036-A21
MO036,MO036-A09,MO036-A20
MO036,MO036-A09,MO036-A19
MO036,MO036-A09,MO036-A18
MO036,MO036-A09,MO036-A17
MO036,MO036-A09,MO036-A14
MO036,MO036-A09,MO036-A13
MO036,MO036-A09,MO036-A11
MO036,MO036-A10,MO036-A30
MO036,MO036-A10,MO036-A29
MO036,MO036-A10,MO036-A28
MO036,MO036-A10,MO036-A27
MO036,MO036-A10,MO036-A26
MO036,MO036-A10,MO036-A25
MO036,MO036-A10,MO036-A22
MO036,MO036-A10,MO036-A21
MO036,MO036-A10,MO036-A20
MO036,MO036-A10,MO036-A17
MO036,MO036-A10,MO036-A16
MO036,MO036-A10,MO036-A15
MO036,MO036-A10,MO036-A11
MO036,MO036-A11,MO036-A30
MO036,MO036-A11,MO036-A29
MO036,MO036-A11,MO036-A28
MO036,MO036-A11,MO036-A27
MO036,MO036-A11,MO036-A26
MO036,MO036-A11,MO036-A25
MO036,MO036-A11,MO036-A24
MO036,MO036-A11,MO036-A23
MO036,MO036-A11,MO036-A22
MO036,MO036-A11,MO036-A21
MO036,MO036-A11,MO036-A20
MO036,MO036-A11,MO036-A19
MO036,MO036-A11,MO036-A18
MO036,MO036-A12,MO036-A30
MO036,MO036-A12,MO036-A29
MO036,MO036-A12,MO036-A28
MO036,MO036-A12,MO036-A27
MO036,MO036-A12,MO036-A26
MO036,MO036-A12,MO036-A25
MO036,MO036-A12,MO036-A24
MO036,MO036-A12,MO036-A23
MO036,MO036-A12,MO036-A22
MO036,MO036-A12,MO036-A17
MO036,MO036-A12,MO036-A14
MO036,MO036-A12,MO036-A13
MO036,MO036-A13,MO036-A30
MO036,MO036-A13,MO036-A29
MO036,MO036-A13,MO036-A28
MO036,MO036-A13,MO036-A27
MO036,MO036-A13,MO036-A26
MO036,MO036-A13,MO036-A25
MO036,MO036-A13,MO036-A21
MO036,MO036-A13,MO036-A20
MO036,MO036-A13,MO036-A19
MO036,MO036-A13,MO036-A18
MO036,MO036-A13,MO036-A17
MO036,MO036-A13,MO036-A16
MO036,MO036-A13,MO036-A15
MO036,MO036-A14,MO036-A30
MO036,MO036-A14,MO036-A29
MO036,MO036-A14,MO036-A28
MO036,MO036-A14,MO036-A27
MO036,MO036-A14,MO036-A26
MO036,MO036-A14,MO036-A21
MO036,MO036-A14,MO036-A16
MO036,MO036-A14,MO036-A15
MO036,MO036-A15,MO036-A30
MO036,MO036-A15,MO036-A29
MO036,MO036-A15,MO036-A28
MO036,MO036-A15,MO036-A27
MO036,MO036-A15,MO036-A26
MO036,MO036-A15,MO036-A25
MO036,MO036-A15,MO036-A23
MO036,MO036-A15,MO036-A21
MO036,MO036-A15,MO036-A17
MO036,MO036-A15,MO036-A16
MO036,MO036-A16,MO036-A30
MO036,MO036-A16,MO036-A29
MO036,MO036-A16,MO036-A28
MO036,MO036-A16,MO036-A27
MO036,MO036-A16,MO036-A24
MO036,MO036-A16,MO036-A23
MO036,MO036-A16,MO036-A22
MO036,MO036-A16,MO036-A21
MO036,MO036-A16,MO036-A20
MO036,MO036-A16,MO036-A19
MO036,MO036-A16,MO036-A18
MO036,MO036-A16,MO036-A17
MO036,MO036-A17,MO036-A30
MO036,MO036-A17,MO036-A29
MO036,MO036-A17,MO036-A28
MO036,MO036-A17,MO036-A27
MO036,MO036-A17,MO036-A26
MO036,MO036-A17,MO036-A25
MO036,MO036-A17,MO036-A24
MO036,MO036-A17,MO036-A20
MO036,MO036-A17,MO036-A19
MO036,MO036-A18,MO036-A30
MO036,MO036-A18,MO036-A29
MO036,MO036-A18,MO036-A25
MO036,MO036-A18,MO036-A24
MO036,MO036-A18,MO036-A23
MO036,MO036-A18,MO036-A22
MO036,MO036-A18,MO036-A21
MO036,MO036-A18,MO036-A20
MO036,MO036-A18,MO036-A19
MO036,MO036-A19,MO036-A30
MO036,MO036-A19,MO036-A29
MO036,MO036-A19,MO036-A28
MO036,MO036-A19,MO036-A27
MO036,MO036-A19,MO036-A26
MO036,MO036-A19,MO036-A25
MO036,MO036-A19,MO036-A24
MO036,MO036-A19,MO036-A20
MO036,MO036-A20,MO036-A30
MO036,MO036-A20,MO036-A29
MO036,MO036-A20,MO036-A28
MO036,MO036-A20,MO036-A27
MO036,MO036-A20,MO036-A26
MO036,MO036-A20,MO036-A25
MO036,MO036-A20,MO036-A24
MO036,MO036-A20,MO036-A23
MO036,MO036-A20,MO036-A22
MO036,MO036-A20,MO036-A21
MO036,MO036-A21,MO036-A30
MO036,MO036-A21,MO036-A29
MO036,MO036-A21,MO036-A28
MO036,MO036-A21,MO036-A27
MO036,MO036-A21,MO036-A26
MO036,MO036-A21,MO036-A25
MO036,MO036-A21,MO036-A23
MO036,MO036-A22,MO036-A30
MO036,MO036-A22,MO036-A29
MO036,MO036-A22,MO036-A27
MO036,MO036-A22,MO036-A26
MO036,MO036-A22,MO036-A25
MO036,MO036-A22,MO036-A24
MO036,MO036-A22,MO036-A23
MO036,MO036-A23,MO036-A30
MO036,MO036-A23,MO036-A29
MO036,MO036-A23,MO036-A28
MO036,MO036-A23,MO036-A27
MO036,MO036-A23,MO036-A26
MO036,MO036-A23,MO036-A25
MO036,MO036-A23,MO036-A24
MO036,MO036-A24,MO036-A30
MO036,MO036-A24,MO036-A29
MO036,MO036-A24,MO036-A28
MO036,MO036-A24,MO036-A27
MO036,MO036-A24,MO036-A26
MO036,MO036-A25,MO036-A30
MO036,MO036-A25,MO036-A29
MO036,MO036-A25,MO036-A28
MO036,MO036-A25,MO036-A27
MO036,MO036-A25,MO036-A26
MO036,MO036-A26,MO036-A30
MO036,MO036-A26,MO036-A29
MO036,MO036-A26,MO036-A28
MO036,MO036-A26,MO036-A27
MO036,MO036-A27,MO036-A30
MO036,MO036-A27,MO036-A29
MO036,MO036-A27,MO036-A28
MO036,MO036-A28,MO036-A30
MO036,MO036-A28,MO036-A29
MO036,MO036-A29,MO036-A30
MO037,MO037-A01,MO037-A30
MO037,MO037-A01,MO037-A29
MO037,MO037-A01,MO037-A28
MO037,MO037-A01,MO037-A27
MO037,MO037-A01,MO037-A25
MO037,MO037-A01,MO037-A24
MO037,MO037-A01,MO037-A23
MO037,MO037-A01,MO037-A22
MO037,MO037-A01,MO037-A21
MO037,MO037-A01,MO037-A19
MO037,MO037-A01,MO037-A18
MO037,MO037-A01,MO037-A17
MO037,MO037-A01,MO037-A15
MO037,MO037-A01,MO037-A14
MO037,MO037-A01,MO037-A13
MO037,MO037-A01,MO037-A12
MO037,MO037-A01,MO037-A11
MO037,MO037-A01,MO037-A10
MO037,MO037-A01,MO037-A09
MO037,MO037-A01,MO037-A07
MO037,MO037-A01,MO037-A06
MO037,MO037-A01,MO037-A05
MO037,MO037-A01,MO037-A04
MO037,MO037-A01,MO037-A02
MO037,MO037-A02,MO037-A30
MO037,MO037-A02,MO037-A29
MO037,MO037-A02,MO037-A28
MO037,MO037-A02,MO037-A27
MO037,MO037-A02,MO037-A26
MO037,MO037-A02,MO037-A25
MO037,MO037-A02,MO037-A24
MO037,MO037-A02,MO037-A23
MO037,MO037-A02,MO037-A21
MO037,MO037-A02,MO037-A20
MO037,MO037-A02,MO037-A19
MO037,MO037-A02,MO037-A18
MO037,MO037-A02,MO037-A17
MO037,MO037-A02,MO037-A16
MO037,MO037-A02,MO037-A15
MO037,MO037-A02,MO037-A14
MO037,MO037-A02,MO037-A13
MO037,MO037-A02,MO037-A12
MO037,MO037-A02,MO037-A11
MO037,MO037-A02,MO037-A10
MO037,MO037-A02,MO037-A09
MO037,MO037-A02,MO037-A08
MO037,MO037-A02,MO037-A07
MO037,MO037-A02,MO037-A06
MO037,MO037-A02,MO037-A05
MO037,MO037-A02,MO037-A04
MO037,MO037-A02,MO037-A03
MO037,MO037-A03,MO037-A30
MO037,MO037-A03,MO037-A29
MO037,MO037-A03,MO037-A28
MO037,MO037-A03,MO037-A27
MO037,MO037-A03,MO037-A26
MO037,MO037-A03,MO037-A25
MO037,MO037-A03,MO037-A24
MO037,MO037-A03,MO037-A23
MO037,MO037-A03,MO037-A22
MO037,MO037-A03,MO037-A21
MO037,MO037-A03,MO037-A19
MO037,MO037-A03,MO037-A18
MO037,MO037-A03,MO037-A17
MO037,MO037-A03,MO037-A16
MO037,MO037-A03,MO037-A15
MO037,MO037-A03,MO037-A14
MO037,MO037-A03,MO037-A13
MO037,MO037-A03,MO037-A12
MO037,MO037-A03,MO037-A11
MO037,MO037-A03,MO037-A10
MO037,MO037-A03,MO037-A09
MO037,MO037-A03,MO037-A08
MO037,MO037-A03,MO037-A07
MO037,MO037-A03,MO037-A06
MO037,MO037-A03,MO037-A05
MO037,MO037-A03,MO037-A04
MO037,MO037-A04,MO037-A30
MO037,MO037-A04,MO037-A29
MO037,MO037-A04,MO037-A28
MO037,MO037-A04,MO037-A27
MO037,MO037-A04,MO037-A26
MO037,MO037-A04,MO037-A25
MO037,MO037-A04,MO037-A24
MO037,MO037-A04,MO037-A23
MO037,MO037-A04,MO037-A22
MO037,MO037-A04,MO037-A21
MO037,MO037-A04,MO037-A20
MO037,MO037-A04,MO037-A19
MO037,MO037-A04,MO037-A18
MO037,MO037-A04,MO037-A16
MO037,MO037-A04,MO037-A14
MO037,MO037-A04,MO037-A13
MO037,MO037-A04,MO037-A12
MO037,MO037-A04,MO037-A11
MO037,MO037-A04,MO037-A10
MO037,MO037-A04,MO037-A09
MO037,MO037-A04,MO037-A08
MO037,MO037-A04,MO037-A07
MO037,MO037-A04,MO037-A06
MO037,MO037-A04,MO037-A05
MO037,MO037-A05,MO037-A30
MO037,MO037-A05,MO037-A29
MO037,MO037-A05,MO037-A28
MO037,MO037-A05,MO037-A27
MO037,MO037-A05,MO037-A26
MO037,MO037-A05,MO037-A25
MO037,MO037-A05,MO037-A23
MO037,MO037-A05,MO037-A22
MO037,MO037-A05,MO037-A21
MO037,MO037-A05,MO037-A20
MO037,MO037-A05,MO037-A19
MO037,MO037-A05,MO037-A18
MO037,MO037-A05,MO037-A17
MO037,MO037-A05,MO037-A16
MO037,MO037-A05,MO037-A15
MO037,MO037-A05,MO037-A14
MO037,MO037-A05,MO037-A13
MO037,MO037-A05,MO037-A12
MO037,MO037-A05,MO037-A11
MO037,MO037-A05,MO037-A10
MO037,MO037-A05,MO037-A09
MO037,MO037-A05,MO037-A08
MO037,MO037-A05,MO037-A07
MO037,MO037-A05,MO037-A06
MO037,MO037-A06,MO037-A30
MO037,MO037-A06,MO037-A29
MO037,MO037-A06,MO037-A28
MO037,MO037-A06,MO037-A27
MO037,MO037-A06,MO037-A26
MO037,MO037-A06,MO037-A25
MO037,MO037-A06,MO037-A24
MO037,MO037-A06,MO037-A23
MO037,MO037-A06,MO037-A22
MO037,MO037-A06,MO037-A21
MO037,MO037-A06,MO037-A20
MO037,MO037-A06,MO037-A19
MO037,MO037-A06,MO037-A16
MO037,MO037-A06,MO037-A15
MO037,MO037-A06,MO037-A14
MO037,MO037-A06,MO037-A13
MO037,MO037-A06,MO037-A12
MO037,MO037-A06,MO037-A11
MO037,MO037-A06,MO037-A10
MO037,MO037-A06,MO037-A09
MO037,MO037-A06,MO037-A08
MO037,MO037-A06,MO037-A07
MO037,MO037-A07,MO037-A30
MO037,MO037-A07,MO037-A29
MO037,MO037-A07,MO037-A28
MO037,MO037-A07,MO037-A27
MO037,MO037-A07,MO037-A26
MO037,MO037-A07,MO037-A25
MO037,MO037-A07,MO037-A24
MO037,MO037-A07,MO037-A23
MO037,MO037-A07,MO037-A22
MO037,MO037-A07,MO037-A21
MO037,MO037-A07,MO037-A18
MO037,MO037-A07,MO037-A17
MO037,MO037-A07,MO037-A16
MO037,MO037-A07,MO037-A14
MO037,MO037-A07,MO037-A13
MO037,MO037-A07,MO037-A12
MO037,MO037-A07,MO037-A11
MO037,MO037-A07,MO037-A10
MO037,MO037-A07,MO037-A09
MO037,MO037-A07,MO037-A08
MO037,MO037-A08,MO037-A30
MO037,MO037-A08,MO037-A29
MO037,MO037-A08,MO037-A28
MO037,MO037-A08,MO037-A27
MO037,MO037-A08,MO037-A26
MO037,MO037-A08,MO037-A25
MO037,MO037-A08,MO037-A24
MO037,MO037-A08,MO037-A23
MO037,MO037-A08,MO037-A22
MO037,MO037-A08,MO037-A21
MO037,MO037-A08,MO037-A20
MO037,MO037-A08,MO037-A19
MO037,MO037-A08,MO037-A17
MO037,MO037-A08,MO037-A16
MO037,MO037-A08,MO037-A15
MO037,MO037-A08,MO037-A14
MO037,MO037-A08,MO037-A13
MO037,MO037-A08,MO037-A12
MO037,MO037-A08,MO037-A11
MO037,MO037-A08,MO037-A10
MO037,MO037-A08,MO037-A09
MO037,MO037-A09,MO037-A30
MO037,MO037-A09,MO037-A29
MO037,MO037-A09,MO037-A28
MO037,MO037-A09,MO037-A27
MO037,MO037-A09,MO037-A26
MO037,MO037-A09,MO037-A25
MO037,MO037-A09,MO037-A24
MO037,MO037-A09,MO037-A23
MO037,MO037-A09,MO037-A22
MO037,MO037-A09,MO037-A21
MO037,MO037-A09,MO037-A20
MO037,MO037-A09,MO037-A19
MO037,MO037-A09,MO037-A18
MO037,MO037-A09,MO037-A17
MO037,MO037-A09,MO037-A16
MO037,MO037-A09,MO037-A15
MO037,MO037-A09,MO037-A14
MO037,MO037-A09,MO037-A13
MO037,MO037-A09,MO037-A12
MO037,MO037-A09,MO037-A11
MO037,MO037-A09,MO037-A10
MO037,MO037-A10,MO037-A30
MO037,MO037-A10,MO037-A29
MO037,MO037-A10,MO037-A28
MO037,MO037-A10,MO037-A27
MO037,MO037-A10,MO037-A26
MO037,MO037-A10,MO037-A25
MO037,MO037-A10,MO037-A24
MO037,MO037-A10,MO037-A23
MO037,MO037-A10,MO037-A22
MO037,MO037-A10,MO037-A21
MO037,MO037-A10,MO037-A20
MO037,MO037-A10,MO037-A19
MO037,MO037-A10,MO037-A18
MO037,MO037-A10,MO037-A17
MO037,MO037-A10,MO037-A16
MO037,MO037-A10,MO037-A15
MO037,MO037-A10,MO037-A14
MO037,MO037-A10,MO037-A13
MO037,MO037-A10,MO037-A12
MO037,MO037-A10,MO037-A11
MO037,MO037-A11,MO037-A30
MO037,MO037-A11,MO037-A29
MO037,MO037-A11,MO037-A28
MO037,MO037-A11,MO037-A27
MO037,MO037-A11,MO037-A26
MO037,MO037-A11,MO037-A25
MO037,MO037-A11,MO037-A24
MO037,MO037-A11,MO037-A23
MO037,MO037-A11,MO037-A22
MO037,MO037-A11,MO037-A21
MO037,MO037-A11,MO037-A20
MO037,MO037-A11,MO037-A19
MO037,MO037-A11,MO037-A18
MO037,MO037-A11,MO037-A17
MO037,MO037-A11,MO037-A16
MO037,MO037-A11,MO037-A15
MO037,MO037-A11,MO037-A12
MO037,MO037-A12,MO037-A30
MO037,MO037-A12,MO037-A29
MO037,MO037-A12,MO037-A28
MO037,MO037-A12,MO037-A27
MO037,MO037-A12,MO037-A26
MO037,MO037-A12,MO037-A25
MO037,MO037-A12,MO037-A24
MO037,MO037-A12,MO037-A23
MO037,MO037-A12,MO037-A22
MO037,MO037-A12,MO037-A21
MO037,MO037-A12,MO037-A20
MO037,MO037-A12,MO037-A19
MO037,MO037-A12,MO037-A18
MO037,MO037-A12,MO037-A17
MO037,MO037-A12,MO037-A16
MO037,MO037-A12,MO037-A13
MO037,MO037-A13,MO037-A30
MO037,MO037-A13,MO037-A29
MO037,MO037-A13,MO037-A28
MO037,MO037-A13,MO037-A27
MO037,MO037-A13,MO037-A26
MO037,MO037-A13,MO037-A25
MO037,MO037-A13,MO037-A24
MO037,MO037-A13,MO037-A23
MO037,MO037-A13,MO037-A22
MO037,MO037-A13,MO037-A21
MO037,MO037-A13,MO037-A20
MO037,MO037-A13,MO037-A19
MO037,MO037-A13,MO037-A18
MO037,MO037-A13,MO037-A17
MO037,MO037-A13,MO037-A16
MO037,MO037-A13,MO037-A15
MO037,MO037-A13,MO037-A14
MO037,MO037-A14,MO037-A30
MO037,MO037-A14,MO037-A29
MO037,MO037-A14,MO037-A28
MO037,MO037-A14,MO037-A27
MO037,MO037-A14,MO037-A26
MO037,MO037-A14,MO037-A25
MO037,MO037-A14,MO037-A24
MO037,MO037-A14,MO037-A23
MO037,MO037-A14,MO037-A22
MO037,MO037-A14,MO037-A21
MO037,MO037-A14,MO037-A20
MO037,MO037-A14,MO037-A19
MO037,MO037-A14,MO037-A18
MO037,MO037-A14,MO037-A17
MO037,MO037-A14,MO037-A16
MO037,MO037-A14,MO037-A15
MO037,MO037-A15,MO037-A30
MO037,MO037-A15,MO037-A29
MO037,MO037-A15,MO037-A28
MO037,MO037-A15,MO037-A27
MO037,MO037-A15,MO037-A26
MO037,MO037-A15,MO037-A25
MO037,MO037-A15,MO037-A24
MO037,MO037-A15,MO037-A23
MO037,MO037-A15,MO037-A22
MO037,MO037-A15,MO037-A21
MO037,MO037-A15,MO037-A20
MO037,MO037-A15,MO037-A19
MO037,MO037-A15,MO037-A18
MO037,MO037-A15,MO037-A17
MO037,MO037-A15,MO037-A16
MO037,MO037-A16,MO037-A30
MO037,MO037-A16,MO037-A29
MO037,MO037-A16,MO037-A28
MO037,MO037-A16,MO037-A27
MO037,MO037-A16,MO037-A26
MO037,MO037-A16,MO037-A25
MO037,MO037-A16,MO037-A24
MO037,MO037-A16,MO037-A23
MO037,MO037-A16,MO037-A22
MO037,MO037-A16,MO037-A21
MO037,MO037-A16,MO037-A20
MO037,MO037-A16,MO037-A19
MO037,MO037-A16,MO037-A18
MO037,MO037-A16,MO037-A17
MO037,MO037-A17,MO037-A30
MO037,MO037-A17,MO037-A29
MO037,MO037-A17,MO037-A28
MO037,MO037-A17,MO037-A27
MO037,MO037-A17,MO037-A26
MO037,MO037-A17,MO037-A25
MO037,MO037-A17,MO037-A24
MO037,MO037-A17,MO037-A23
MO037,MO037-A17,MO037-A22
MO037,MO037-A17,MO037-A21
MO037,MO037-A17,MO037-A20
MO037,MO037-A17,MO037-A19
MO037,MO037-A17,MO037-A18
MO037,MO037-A18,MO037-A30
MO037,MO037-A18,MO037-A29
MO037,MO037-A18,MO037-A28
MO037,MO037-A18,MO037-A27
MO037,MO037-A18,MO037-A26
MO037,MO037-A18,MO037-A25
MO037,MO037-A18,MO037-A24
MO037,MO037-A18,MO037-A23
MO037,MO037-A18,MO037-A22
MO037,MO037-A18,MO037-A21
MO037,MO037-A18,MO037-A20
MO037,MO037-A18,MO037-A19
MO037,MO037-A19,MO037-A30
MO037,MO037-A19,MO037-A29
MO037,MO037-A19,MO037-A28
MO037,MO037-A19,MO037-A27
MO037,MO037-A19,MO037-A26
MO037,MO037-A19,MO037-A25
MO037,MO037-A19,MO037-A24
MO037,MO037-A19,MO037-A23
MO037,MO037-A19,MO037-A22
MO037,MO037-A19,MO037-A21
MO037,MO037-A19,MO037-A20
MO037,MO037-A20,MO037-A30
MO037,MO037-A20,MO037-A29
MO037,MO037-A20,MO037-A28
MO037,MO037-A20,MO037-A27
MO037,MO037-A20,MO037-A26
MO037,MO037-A20,MO037-A25
MO037,MO037-A20,MO037-A24
MO037,MO037-A20,MO037-A23
MO037,MO037-A20,MO037-A22
MO037,MO037-A20,MO037-A21
MO037,MO037-A21,MO037-A30
MO037,MO037-A21,MO037-A29
MO037,MO037-A21,MO037-A28
MO037,MO037-A21,MO037-A27
MO037,MO037-A21,MO037-A26
MO037,MO037-A21,MO037-A25
MO037,MO037-A21,MO037-A24
MO037,MO037-A21,MO037-A23
MO037,MO037-A21,MO037-A22
MO037,MO037-A22,MO037-A30
MO037,MO037-A22,MO037-A29
MO037,MO037-A22,MO037-A28
MO037,MO037-A22,MO037-A27
MO037,MO037-A22,MO037-A26
MO037,MO037-A22,MO037-A25
MO037,MO037-A22,MO037-A24
MO037,MO037-A22,MO037-A23
MO037,MO037-A23,MO037-A30
MO037,MO037-A23,MO037-A29
MO037,MO037-A23,MO037-A28
MO037,MO037-A23,MO037-A27
MO037,MO037-A23,MO037-A26
MO037,MO037-A23,MO037-A25
MO037,MO037-A23,MO037-A24
MO037,MO037-A24,MO037-A30
MO037,MO037-A24,MO037-A29
MO037,MO037-A24,MO037-A28
MO037,MO037-A24,MO037-A27
MO037,MO037-A24,MO037-A26
MO037,MO037-A24,MO037-A25
MO037,MO037-A25,MO037-A30
MO037,MO037-A25,MO037-A29
MO037,MO037-A25,MO037-A28
MO037,MO037-A25,MO037-A27
MO037,MO037-A25,MO037-A26
MO037,MO037-A26,MO037-A30
MO037,MO037-A26,MO037-A29
MO037,MO037-A26,MO037-A28
MO037,MO037-A26,MO037-A27
MO037,MO037-A27,MO037-A30
MO037,MO037-A27,MO037-A29
MO037,MO037-A27,MO037-A28
MO037,MO037-A28,MO037-A30
MO037,MO037-A28,MO037-A29
MO037,MO037-A29,MO037-A30
MO038,MO038-A01,MO038-A30
MO038,MO038-A01,MO038-A28
MO038,MO038-A01,MO038-A25
MO038,MO038-A01,MO038-A24
MO038,MO038-A01,MO038-A23
MO038,MO038-A01,MO038-A20
MO038,MO038-A01,MO038-A19
MO038,MO038-A01,MO038-A18
MO038,MO038-A01,MO038-A16
MO038,MO038-A01,MO038-A15
MO038,MO038-A01,MO038-A14
MO038,MO038-A01,MO038-A13
MO038,MO038-A01,MO038-A12
MO038,MO038-A01,MO038-A07
MO038,MO038-A01,MO038-A06
MO038,MO038-A01,MO038-A05
MO038,MO038-A01,MO038-A04
MO038,MO038-A01,MO038-A03
MO038,MO038-A01,MO038-A02
MO038,MO038-A02,MO038-A30
MO038,MO038-A02,MO038-A29
MO038,MO038-A02,MO038-A28
MO038,MO038-A02,MO038-A25
MO038,MO038-A02,MO038-A24
MO038,MO038-A02,MO038-A23
MO038,MO038-A02,MO038-A21
MO038,MO038-A02,MO038-A20
MO038,MO038-A02,MO038-A19
MO038,MO038-A02,MO038-A16
MO038,MO038-A02,MO038-A15
MO038,MO038-A02,MO038-A14
MO038,MO038-A02,MO038-A13
MO038,MO038-A02,MO038-A12
MO038,MO038-A02,MO038-A11
MO038,MO038-A02,MO038-A07
MO038,MO038-A02,MO038-A06
MO038,MO038-A02,MO038-A05
MO038,MO038-A02,MO038-A04
MO038,MO038-A02,MO038-A03
MO038,MO038-A03,MO038-A30
MO038,MO038-A03,MO038-A28
MO038,MO038-A03,MO038-A27
MO038,MO038-A03,MO038-A25
MO038,MO038-A03,MO038-A24
MO038,MO038-A03,MO038-A23
MO038,MO038-A03,MO038-A21
MO038,MO038-A03,MO038-A20
MO038,MO038-A03,MO038-A19
MO038,MO038-A03,MO038-A18
MO038,MO038-A03,MO038-A15
MO038,MO038-A03,MO038-A13
MO038,MO038-A03,MO038-A12
MO038,MO038-A03,MO038-A07
MO038,MO038-A03,MO038-A06
MO038,MO038-A03,MO038-A05
MO038,MO038-A03,MO038-A04
MO038,MO038-A04,MO038-A30
MO038,MO038-A04,MO038-A29
MO038,MO038-A04,MO038-A28
MO038,MO038-A04,MO038-A24
MO038,MO038-A04,MO038-A23
MO038,MO038-A04,MO038-A20
MO038,MO038-A04,MO038-A19
MO038,MO038-A04,MO038-A15
MO038,MO038-A04,MO038-A13
MO038,MO038-A04,MO038-A12
MO038,MO038-A04,MO038-A11
MO038,MO038-A04,MO038-A07
MO038,MO038-A04,MO038-A06
MO038,MO038-A04,MO038-A05
MO038,MO038-A05,MO038-A30
MO038,MO038-A05,MO038-A28
MO038,MO038-A05,MO038-A27
MO038,MO038-A05,MO038-A25
MO038,MO038-A05,MO038-A24
MO038,MO038-A05,MO038-A23
MO038,MO038-A05,MO038-A22
MO038,MO038-A05,MO038-A21
MO038,MO038-A05,MO038-A20
MO038,MO038-A05,MO038-A19
MO038,MO038-A05,MO038-A18
MO038,MO038-A05,MO038-A17
MO038,MO038-A05,MO038-A16
MO038,MO038-A05,MO038-A15
MO038,MO038-A05,MO038-A13
MO038,MO038-A05,MO038-A12
MO038,MO038-A05,MO038-A11
MO038,MO038-A05,MO038-A10
MO038,MO038-A05,MO038-A09
MO038,MO038-A05,MO038-A08
MO038,MO038-A05,MO038-A07
MO038,MO038-A05,MO038-A06
MO038,MO038-A06,MO038-A30
MO038,MO038-A06,MO038-A28
MO038,MO038-A06,MO038-A27
MO038,MO038-A06,MO038-A25
MO038,MO038-A06,MO038-A24
MO038,MO038-A06,MO038-A23
MO038,MO038-A06,MO038-A22
MO038,MO038-A06,MO038-A21
MO038,MO038-A06,MO038-A20
MO038,MO038-A06,MO038-A19
MO038,MO038-A06,MO038-A18
MO038,MO038-A06,MO038-A17
MO038,MO038-A06,MO038-A16
MO038,MO038-A06,MO038-A15
MO038,MO038-A06,MO038-A13
MO038,MO038-A06,MO038-A12
MO038,MO038-A06,MO038-A11
MO038,MO038-A06,MO038-A10
MO038,MO038-A06,MO038-A09
MO038,MO038-A06,MO038-A08
MO038,MO038-A06,MO038-A07
MO038,MO038-A07,MO038-A30
MO038,MO038-A07,MO038-A28
MO038,MO038-A07,MO038-A27
MO038,MO038-A07,MO038-A25
MO038,MO038-A07,MO038-A24
MO038,MO038-A07,MO038-A23
MO038,MO038-A07,MO038-A22
MO038,MO038-A07,MO038-A21
MO038,MO038-A07,MO038-A20
MO038,MO038-A07,MO038-A19
MO038,MO038-A07,MO038-A18
MO038,MO038-A07,MO038-A17
MO038,MO038-A07,MO038-A16
MO038,MO038-A07,MO038-A15
MO038,MO038-A07,MO038-A14
MO038,MO038-A07,MO038-A13
MO038,MO038-A07,MO038-A12
MO038,MO038-A07,MO038-A11
MO038,MO038-A07,MO038-A10
MO038,MO038-A07,MO038-A09
MO038,MO038-A07,MO038-A08
MO038,MO038-A08,MO038-A30
MO038,MO038-A08,MO038-A27
MO038,MO038-A08,MO038-A22
MO038,MO038-A08,MO038-A21
MO038,MO038-A08,MO038-A20
MO038,MO038-A08,MO038-A19
MO038,MO038-A08,MO038-A18
MO038,MO038-A08,MO038-A17
MO038,MO038-A08,MO038-A16
MO038,MO038-A08,MO038-A12
MO038,MO038-A08,MO038-A11
MO038,MO038-A08,MO038-A10
MO038,MO038-A08,MO038-A09
MO038,MO038-A09,MO038-A30
MO038,MO038-A09,MO038-A22
MO038,MO038-A09,MO038-A21
MO038,MO038-A09,MO038-A20
MO038,MO038-A09,MO038-A19
MO038,MO038-A09,MO038-A18
MO038,MO038-A09,MO038-A17
MO038,MO038-A09,MO038-A16
MO038,MO038-A09,MO038-A11
MO038,MO038-A09,MO038-A10
MO038,MO038-A10,MO038-A30
MO038,MO038-A10,MO038-A27
MO038,MO038-A10,MO038-A22
MO038,MO038-A10,MO038-A21
MO038,MO038-A10,MO038-A20
MO038,MO038-A10,MO038-A19
MO038,MO038-A10,MO038-A18
MO038,MO038-A10,MO038-A17
MO038,MO038-A10,MO038-A16
MO038,MO038-A10,MO038-A13
MO038,MO038-A10,MO038-A12
MO038,MO038-A10,MO038-A11
MO038,MO038-A11,MO038-A30
MO038,MO038-A11,MO038-A28
MO038,MO038-A11,MO038-A27
MO038,MO038-A11,MO038-A25
MO038,MO038-A11,MO038-A24
MO038,MO038-A11,MO038-A23
MO038,MO038-A11,MO038-A22
MO038,MO038-A11,MO038-A21
MO038,MO038-A11,MO038-A20
MO038,MO038-A11,MO038-A19
MO038,MO038-A11,MO038-A18
MO038,MO038-A11,MO038-A17
MO038,MO038-A11,MO038-A16
MO038,MO038-A11,MO038-A15
MO038,MO038-A11,MO038-A14
MO038,MO038-A11,MO038-A13
MO038,MO038-A11,MO038-A12
MO038,MO038-A12,MO038-A30
MO038,MO038-A12,MO038-A28
MO038,MO038-A12,MO038-A27
MO038,MO038-A12,MO038-A24
MO038,MO038-A12,MO038-A23
MO038,MO038-A12,MO038-A22
MO038,MO038-A12,MO038-A21
MO038,MO038-A12,MO038-A20
MO038,MO038-A12,MO038-A19
MO038,MO038-A12,MO038-A18
MO038,MO038-A12,MO038-A17
MO038,MO038-A12,MO038-A16
MO038,MO038-A12,MO038-A15
MO038,MO038-A12,MO038-A14
MO038,MO038-A12,MO038-A13
MO038,MO038-A13,MO038-A30
MO038,MO038-A13,MO038-A28
MO038,MO038-A13,MO038-A27
MO038,MO038-A13,MO038-A24
MO038,MO038-A13,MO038-A23
MO038,MO038-A13,MO038-A22
MO038,MO038-A13,MO038-A21
MO038,MO038-A13,MO038-A20
MO038,MO038-A13,MO038-A19
MO038,MO038-A13,MO038-A18
MO038,MO038-A13,MO038-A17
MO038,MO038-A13,MO038-A16
MO038,MO038-A13,MO038-A15
MO038,MO038-A13,MO038-A14
MO038,MO038-A14,MO038-A30
MO038,MO038-A14,MO038-A28
MO038,MO038-A14,MO038-A25
MO038,MO038-A14,MO038-A24
MO038,MO038-A14,MO038-A23
MO038,MO038-A14,MO038-A22
MO038,MO038-A14,MO038-A21
MO038,MO038-A14,MO038-A20
MO038,MO038-A14,MO038-A19
MO038,MO038-A14,MO038-A18
MO038,MO038-A14,MO038-A17
MO038,MO038-A14,MO038-A16
MO038,MO038-A14,MO038-A15
MO038,MO038-A15,MO038-A30
MO038,MO038-A15,MO038-A28
MO038,MO038-A15,MO038-A25
MO038,MO038-A15,MO038-A24
MO038,MO038-A15,MO038-A23
MO038,MO038-A15,MO038-A21
MO038,MO038-A15,MO038-A20
MO038,MO038-A15,MO038-A19
MO038,MO038-A15,MO038-A18
MO038,MO038-A15,MO038-A17
MO038,MO038-A15,MO038-A16
MO038,MO038-A16,MO038-A30
MO038,MO038-A16,MO038-A29
MO038,MO038-A16,MO038-A28
MO038,MO038-A16,MO038-A27
MO038,MO038-A16,MO038-A24
MO038,MO038-A16,MO038-A23
MO038,MO038-A16,MO038-A22
MO038,MO038-A16,MO038-A21
MO038,MO038-A16,MO038-A20
MO038,MO038-A16,MO038-A19
MO038,MO038-A16,MO038-A18
MO038,MO038-A16,MO038-A17
MO038,MO038-A17,MO038-A30
MO038,MO038-A17,MO038-A28
MO038,MO038-A17,MO038-A27
MO038,MO038-A17,MO038-A25
MO038,MO038-A17,MO038-A24
MO038,MO038-A17,MO038-A23
MO038,MO038-A17,MO038-A22
MO038,MO038-A17,MO038-A21
MO038,MO038-A17,MO038-A20
MO038,MO038-A17,MO038-A19
MO038,MO038-A17,MO038-A18
MO038,MO038-A18,MO038-A30
MO038,MO038-A18,MO038-A28
MO038,MO038-A18,MO038-A27
MO038,MO038-A18,MO038-A25
MO038,MO038-A18,MO038-A24
MO038,MO038-A18,MO038-A23
MO038,MO038-A18,MO038-A22
MO038,MO038-A18,MO038-A21
MO038,MO038-A18,MO038-A20
MO038,MO038-A18,MO038-A19
MO038,MO038-A19,MO038-A30
MO038,MO038-A19,MO038-A28
MO038,MO038-A19,MO038-A27
MO038,MO038-A19,MO038-A25
MO038,MO038-A19,MO038-A24
MO038,MO038-A19,MO038-A23
MO038,MO038-A19,MO038-A22
MO038,MO038-A19,MO038-A21
MO038,MO038-A19,MO038-A20
MO038,MO038-A20,MO038-A30
MO038,MO038-A20,MO038-A29
MO038,MO038-A20,MO038-A28
MO038,MO038-A20,MO038-A27
MO038,MO038-A20,MO038-A25
MO038,MO038-A20,MO038-A24
MO038,MO038-A20,MO038-A23
MO038,MO038-A20,MO038-A22
MO038,MO038-A20,MO038-A21
MO038,MO038-A21,MO038-A30
MO038,MO038-A21,MO038-A28
MO038,MO038-A21,MO038-A27
MO038,MO038-A21,MO038-A25
MO038,MO038-A21,MO038-A24
MO038,MO038-A21,MO038-A23
MO038,MO038-A21,MO038-A22
MO038,MO038-A22,MO038-A30
MO038,MO038-A22,MO038-A28
MO038,MO038-A22,MO038-A27
MO038,MO038-A22,MO038-A25
MO038,MO038-A22,MO038-A24
MO038,MO038-A22,MO038-A23
MO038,MO038-A23,MO038-A30
MO038,MO038-A23,MO038-A28
MO038,MO038-A23,MO038-A27
MO038,MO038-A23,MO038-A25
MO038,MO038-A23,MO038-A24
MO038,MO038-A24,MO038-A30
MO038,MO038-A24,MO038-A28
MO038,MO038-A24,MO038-A27
MO038,MO038-A24,MO038-A25
MO038,MO038-A25,MO038-A30
MO038,MO038-A25,MO038-A28
MO038,MO038-A25,MO038-A27
MO038,MO038-A27,MO038-A30
MO038,MO038-A27,MO038-A28
MO038,MO038-A28,MO038-A30
MO039,MO039-A01,MO039-A27
MO039,MO039-A01,MO039-A26
MO039,MO039-A01,MO039-A23
MO039,MO039-A01,MO039-A22
MO039,MO039-A01,MO039-A21
MO039,MO039-A01,MO039-A20
MO039,MO039-A01,MO039-A19
MO039,MO039-A01,MO039-A18
MO039,MO039-A01,MO039-A17
MO039,MO039-A01,MO039-A16
MO039,MO039-A01,MO039-A15
MO039,MO039-A01,MO039-A14
MO039,MO039-A01,MO039-A13
MO039,MO039-A01,MO039-A04
MO039,MO039-A01,MO039-A03
MO039,MO039-A02,MO039-A13
MO039,MO039-A02,MO039-A11
MO039,MO039-A02,MO039-A10
MO039,MO039-A02,MO039-A04
MO039,MO039-A02,MO039-A03
MO039,MO039-A03,MO039-A27
MO039,MO039-A03,MO039-A26
MO039,MO039-A03,MO039-A24
MO039,MO039-A03,MO039-A23
MO039,MO039-A03,MO039-A22
MO039,MO039-A03,MO039-A21
MO039,MO039-A03,MO039-A20
MO039,MO039-A03,MO039-A19
MO039,MO039-A03,MO039-A18
MO039,MO039-A03,MO039-A17
MO039,MO039-A03,MO039-A16
MO039,MO039-A03,MO039-A15
MO039,MO039-A03,MO039-A14
MO039,MO039-A03,MO039-A13
MO039,MO039-A03,MO039-A12
MO039,MO039-A03,MO039-A10
MO039,MO039-A03,MO039-A04
MO039,MO039-A04,MO039-A27
MO039,MO039-A04,MO039-A26
MO039,MO039-A04,MO039-A24
MO039,MO039-A04,MO039-A23
MO039,MO039-A04,MO039-A22
MO039,MO039-A04,MO039-A21
MO039,MO039-A04,MO039-A20
MO039,MO039-A04,MO039-A19
MO039,MO039-A04,MO039-A18
MO039,MO039-A04,MO039-A17
MO039,MO039-A04,MO039-A16
MO039,MO039-A04,MO039-A15
MO039,MO039-A04,MO039-A14
MO039,MO039-A04,MO039-A13
MO039,MO039-A04,MO039-A12
MO039,MO039-A05,MO039-A30
MO039,MO039-A05,MO039-A29
MO039,MO039-A05,MO039-A28
MO039,MO039-A05,MO039-A27
MO039,MO039-A05,MO039-A26
MO039,MO039-A05,MO039-A25
MO039,MO039-A05,MO039-A24
MO039,MO039-A05,MO039-A23
MO039,MO039-A05,MO039-A22
MO039,MO039-A05,MO039-A21
MO039,MO039-A05,MO039-A20
MO039,MO039-A05,MO039-A19
MO039,MO039-A05,MO039-A18
MO039,MO039-A05,MO039-A17
MO039,MO039-A05,MO039-A16
MO039,MO039-A05,MO039-A15
MO039,MO039-A05,MO039-A14
MO039,MO039-A05,MO039-A13
MO039,MO039-A05,MO039-A12
MO039,MO039-A05,MO039-A11
MO039,MO039-A05,MO039-A10
MO039,MO039-A05,MO039-A09
MO039,MO039-A05,MO039-A08
MO039,MO039-A05,MO039-A07
MO039,MO039-A05,MO039-A06
MO039,MO039-A06,MO039-A08
MO039,MO039-A07,MO039-A30
MO039,MO039-A07,MO039-A29
MO039,MO039-A07,MO039-A28
MO039,MO039-A07,MO039-A26
MO039,MO039-A07,MO039-A25
MO039,MO039-A07,MO039-A24
MO039,MO039-A07,MO039-A23
MO039,MO039-A07,MO039-A22
MO039,MO039-A07,MO039-A21
MO039,MO039-A07,MO039-A12
MO039,MO039-A07,MO039-A11
MO039,MO039-A07,MO039-A10
MO039,MO039-A07,MO039-A09
MO039,MO039-A09,MO039-A30
MO039,MO039-A09,MO039-A29
MO039,MO039-A09,MO039-A28
MO039,MO039-A09,MO039-A26
MO039,MO039-A09,MO039-A25
MO039,MO039-A09,MO039-A23
MO039,MO039-A09,MO039-A22
MO039,MO039-A09,MO039-A21
MO039,MO039-A09,MO039-A12
MO039,MO039-A09,MO039-A11
MO039,MO039-A09,MO039-A10
MO039,MO039-A10,MO039-A30
MO039,MO039-A10,MO039-A29
MO039,MO039-A10,MO039-A28
MO039,MO039-A10,MO039-A11
MO039,MO039-A11,MO039-A30
MO039,MO039-A11,MO039-A29
MO039,MO039-A11,MO039-A28
MO039,MO039-A12,MO039-A27
MO039,MO039-A12,MO039-A26
MO039,MO039-A12,MO039-A25
MO039,MO039-A12,MO039-A24
MO039,MO039-A12,MO039-A23
MO039,MO039-A12,MO039-A22
MO039,MO039-A12,MO039-A21
MO039,MO039-A12,MO039-A20
MO039,MO039-A12,MO039-A19
MO039,MO039-A12,MO039-A18
MO039,MO039-A12,MO039-A17
MO039,MO039-A12,MO039-A16
MO039,MO039-A12,MO039-A15
MO039,MO039-A12,MO039-A14
MO039,MO039-A12,MO039-A13
MO039,MO039-A13,MO039-A27
MO039,MO039-A13,MO039-A26
MO039,MO039-A13,MO039-A25
MO039,MO039-A13,MO039-A24
MO039,MO039-A13,MO039-A23
MO039,MO039-A13,MO039-A22
MO039,MO039-A13,MO039-A21
MO039,MO039-A13,MO039-A20
MO039,MO039-A13,MO039-A19
MO039,MO039-A13,MO039-A18
MO039,MO039-A13,MO039-A17
MO039,MO039-A13,MO039-A16
MO039,MO039-A13,MO039-A15
MO039,MO039-A13,MO039-A14
MO039,MO039-A14,MO039-A27
MO039,MO039-A14,MO039-A26
MO039,MO039-A14,MO039-A24
MO039,MO039-A14,MO039-A23
MO039,MO039-A14,MO039-A22
MO039,MO039-A14,MO039-A21
MO039,MO039-A14,MO039-A20
MO039,MO039-A14,MO039-A19
MO039,MO039-A14,MO039-A18
MO039,MO039-A14,MO039-A17
MO039,MO039-A14,MO039-A16
MO039,MO039-A14,MO039-A15
MO039,MO039-A15,MO039-A27
MO039,MO039-A15,MO039-A26
MO039,MO039-A15,MO039-A24
MO039,MO039-A15,MO039-A23
MO039,MO039-A15,MO039-A22
MO039,MO039-A15,MO039-A21
MO039,MO039-A15,MO039-A20
MO039,MO039-A15,MO039-A19
MO039,MO039-A15,MO039-A18
MO039,MO039-A15,MO039-A17
MO039,MO039-A15,MO039-A16
MO039,MO039-A16,MO039-A27
MO039,MO039-A16,MO039-A26
MO039,MO039-A16,MO039-A24
MO039,MO039-A16,MO039-A23
MO039,MO039-A16,MO039-A22
MO039,MO039-A16,MO039-A21
MO039,MO039-A16,MO039-A20
MO039,MO039-A16,MO039-A19
MO039,MO039-A16,MO039-A18
MO039,MO039-A16,MO039-A17
MO039,MO039-A17,MO039-A27
MO039,MO039-A17,MO039-A26
MO039,MO039-A17,MO039-A24
MO039,MO039-A17,MO039-A23
MO039,MO039-A17,MO039-A22
MO039,MO039-A17,MO039-A21
MO039,MO039-A17,MO039-A20
MO039,MO039-A17,MO039-A19
MO039,MO039-A17,MO039-A18
MO039,MO039-A18,MO039-A27
MO039,MO039-A18,MO039-A26
MO039,MO039-A18,MO039-A24
MO039,MO039-A18,MO039-A23
MO039,MO039-A18,MO039-A22
MO039,MO039-A18,MO039-A21
MO039,MO039-A18,MO039-A20
MO039,MO039-A18,MO039-A19
MO039,MO039-A19,MO039-A27
MO039,MO039-A19,MO039-A26
MO039,MO039-A19,MO039-A24
MO039,MO039-A19,MO039-A23
MO039,MO039-A19,MO039-A22
MO039,MO039-A19,MO039-A21
MO039,MO039-A19,MO039-A20
MO039,MO039-A20,MO039-A27
MO039,MO039-A20,MO039-A26
MO039,MO039-A20,MO039-A24
MO039,MO039-A20,MO039-A23
MO039,MO039-A20,MO039-A22
MO039,MO039-A20,MO039-A21
MO039,MO039-A21,MO039-A27
MO039,MO039-A21,MO039-A26
MO039,MO039-A21,MO039-A24
MO039,MO039-A21,MO039-A23
MO039,MO039-A21,MO039-A22
MO039,MO039-A22,MO039-A27
MO039,MO039-A22,MO039-A26
MO039,MO039-A22,MO039-A24
MO039,MO039-A22,MO039-A23
MO039,MO039-A23,MO039-A27
MO039,MO039-A23,MO039-A26
MO039,MO039-A23,MO039-A24
MO039,MO039-A24,MO039-A27
MO039,MO039-A24,MO039-A26
MO039,MO039-A25,MO039-A28
MO039,MO039-A26,MO039-A27
MO039,MO039-A28,MO039-A30
MO039,MO039-A28,MO039-A29
MO039,MO039-A29,MO039-A30
MO040,MO040-A01,MO040-A30
MO040,MO040-A01,MO040-A29
MO040,MO040-A01,MO040-A28
MO040,MO040-A01,MO040-A27
MO040,MO040-A01,MO040-A26
MO040,MO040-A01,MO040-A25
MO040,MO040-A01,MO040-A23
MO040,MO040-A01,MO040-A22
MO040,MO040-A01,MO040-A21
MO040,MO040-A01,MO040-A20
MO040,MO040-A01,MO040-A18
MO040,MO040-A01,MO040-A17
MO040,MO040-A01,MO040-A14
MO040,MO040-A01,MO040-A13
MO040,MO040-A01,MO040-A12
MO040,MO040-A01,MO040-A09
MO040,MO040-A01,MO040-A08
MO040,MO040-A01,MO040-A07
MO040,MO040-A01,MO040-A06
MO040,MO040-A01,MO040-A05
MO040,MO040-A01,MO040-A04
MO040,MO040-A01,MO040-A03
MO040,MO040-A01,MO040-A02
MO040,MO040-A02,MO040-A30
MO040,MO040-A02,MO040-A29
MO040,MO040-A02,MO040-A28
MO040,MO040-A02,MO040-A27
MO040,MO040-A02,MO040-A26
MO040,MO040-A02,MO040-A25
MO040,MO040-A02,MO040-A21
MO040,MO040-A02,MO040-A20
MO040,MO040-A02,MO040-A19
MO040,MO040-A02,MO040-A17
MO040,MO040-A02,MO040-A16
MO040,MO040-A02,MO040-A15
MO040,MO040-A02,MO040-A14
MO040,MO040-A02,MO040-A13
MO040,MO040-A02,MO040-A12
MO040,MO040-A02,MO040-A11
MO040,MO040-A02,MO040-A10
MO040,MO040-A02,MO040-A08
MO040,MO040-A02,MO040-A06
MO040,MO040-A02,MO040-A05
MO040,MO040-A02,MO040-A04
MO040,MO040-A03,MO040-A30
MO040,MO040-A03,MO040-A29
MO040,MO040-A03,MO040-A28
MO040,MO040-A03,MO040-A27
MO040,MO040-A03,MO040-A26
MO040,MO040-A03,MO040-A25
MO040,MO040-A03,MO040-A24
MO040,MO040-A03,MO040-A23
MO040,MO040-A03,MO040-A22
MO040,MO040-A03,MO040-A21
MO040,MO040-A03,MO040-A20
MO040,MO040-A03,MO040-A19
MO040,MO040-A03,MO040-A18
MO040,MO040-A03,MO040-A17
MO040,MO040-A03,MO040-A16
MO040,MO040-A03,MO040-A15
MO040,MO040-A03,MO040-A14
MO040,MO040-A03,MO040-A13
MO040,MO040-A03,MO040-A12
MO040,MO040-A03,MO040-A11
MO040,MO040-A03,MO040-A10
MO040,MO040-A03,MO040-A09
MO040,MO040-A03,MO040-A08
MO040,MO040-A03,MO040-A07
MO040,MO040-A03,MO040-A06
MO040,MO040-A03,MO040-A05
MO040,MO040-A03,MO040-A04
MO040,MO040-A04,MO040-A30
MO040,MO040-A04,MO040-A29
MO040,MO040-A04,MO040-A28
MO040,MO040-A04,MO040-A27
MO040,MO040-A04,MO040-A26
MO040,MO040-A04,MO040-A25
MO040,MO040-A04,MO040-A24
MO040,MO040-A04,MO040-A23
MO040,MO040-A04,MO040-A21
MO040,MO040-A04,MO040-A20
MO040,MO040-A04,MO040-A19
MO040,MO040-A04,MO040-A18
MO040,MO040-A04,MO040-A16
MO040,MO040-A04,MO040-A15
MO040,MO040-A04,MO040-A14
MO040,MO040-A04,MO040-A13
MO040,MO040-A04,MO040-A12
MO040,MO040-A04,MO040-A11
MO040,MO040-A04,MO040-A10
MO040,MO040-A04,MO040-A09
MO040,MO040-A04,MO040-A08
MO040,MO040-A04,MO040-A07
MO040,MO040-A04,MO040-A06
MO040,MO040-A04,MO040-A05
MO040,MO040-A05,MO040-A30
MO040,MO040-A05,MO040-A29
MO040,MO040-A05,MO040-A28
MO040,MO040-A05,MO040-A27
MO040,MO040-A05,MO040-A26
MO040,MO040-A05,MO040-A25
MO040,MO040-A05,MO040-A24
MO040,MO040-A05,MO040-A23
MO040,MO040-A05,MO040-A22
MO040,MO040-A05,MO040-A21
MO040,MO040-A05,MO040-A20
MO040,MO040-A05,MO040-A19
MO040,MO040-A05,MO040-A18
MO040,MO040-A05,MO040-A17
MO040,MO040-A05,MO040-A16
MO040,MO040-A05,MO040-A15
MO040,MO040-A05,MO040-A14
MO040,MO040-A05,MO040-A13
MO040,MO040-A05,MO040-A11
MO040,MO040-A05,MO040-A10
MO040,MO040-A05,MO040-A09
MO040,MO040-A05,MO040-A08
MO040,MO040-A05,MO040-A07
MO040,MO040-A05,MO040-A06
MO040,MO040-A06,MO040-A30
MO040,MO040-A06,MO040-A29
MO040,MO040-A06,MO040-A28
MO040,MO040-A06,MO040-A27
MO040,MO040-A06,MO040-A26
MO040,MO040-A06,MO040-A25
MO040,MO040-A06,MO040-A24
MO040,MO040-A06,MO040-A23
MO040,MO040-A06,MO040-A22
MO040,MO040-A06,MO040-A21
MO040,MO040-A06,MO040-A20
MO040,MO040-A06,MO040-A19
MO040,MO040-A06,MO040-A18
MO040,MO040-A06,MO040-A17
MO040,MO040-A06,MO040-A16
MO040,MO040-A06,MO040-A15
MO040,MO040-A06,MO040-A14
MO040,MO040-A06,MO040-A13
MO040,MO040-A06,MO040-A12
MO040,MO040-A06,MO040-A11
MO040,MO040-A06,MO040-A07
MO040,MO040-A07,MO040-A30
MO040,MO040-A07,MO040-A29
MO040,MO040-A07,MO040-A28
MO040,MO040-A07,MO040-A27
MO040,MO040-A07,MO040-A26
MO040,MO040-A07,MO040-A25
MO040,MO040-A07,MO040-A24
MO040,MO040-A07,MO040-A23
MO040,MO040-A07,MO040-A22
MO040,MO040-A07,MO040-A21
MO040,MO040-A07,MO040-A20
MO040,MO040-A07,MO040-A19
MO040,MO040-A07,MO040-A18
MO040,MO040-A07,MO040-A17
MO040,MO040-A07,MO040-A16
MO040,MO040-A07,MO040-A15
MO040,MO040-A07,MO040-A14
MO040,MO040-A07,MO040-A13
MO040,MO040-A07,MO040-A12
MO040,MO040-A07,MO040-A11
MO040,MO040-A07,MO040-A10
MO040,MO040-A07,MO040-A09
MO040,MO040-A07,MO040-A08
MO040,MO040-A08,MO040-A30
MO040,MO040-A08,MO040-A29
MO040,MO040-A08,MO040-A28
MO040,MO040-A08,MO040-A27
MO040,MO040-A08,MO040-A26
MO040,MO040-A08,MO040-A25
MO040,MO040-A08,MO040-A24
MO040,MO040-A08,MO040-A23
MO040,MO040-A08,MO040-A22
MO040,MO040-A08,MO040-A21
MO040,MO040-A08,MO040-A20
MO040,MO040-A08,MO040-A19
MO040,MO040-A08,MO040-A18
MO040,MO040-A08,MO040-A17
MO040,MO040-A08,MO040-A16
MO040,MO040-A08,MO040-A15
MO040,MO040-A08,MO040-A14
MO040,MO040-A08,MO040-A13
MO040,MO040-A08,MO040-A12
MO040,MO040-A08,MO040-A11
MO040,MO040-A08,MO040-A10
MO040,MO040-A08,MO040-A09
MO040,MO040-A09,MO040-A30
MO040,MO040-A09,MO040-A29
MO040,MO040-A09,MO040-A28
MO040,MO040-A09,MO040-A26
MO040,MO040-A09,MO040-A25
MO040,MO040-A09,MO040-A24
MO040,MO040-A09,MO040-A23
MO040,MO040-A09,MO040-A22
MO040,MO040-A09,MO040-A21
MO040,MO040-A09,MO040-A20
MO040,MO040-A09,MO040-A19
MO040,MO040-A09,MO040-A18
MO040,MO040-A09,MO040-A17
MO040,MO040-A09,MO040-A16
MO040,MO040-A09,MO040-A15
MO040,MO040-A09,MO040-A14
MO040,MO040-A09,MO040-A13
MO040,MO040-A09,MO040-A12
MO040,MO040-A09,MO040-A11
MO040,MO040-A09,MO040-A10
MO040,MO040-A10,MO040-A30
MO040,MO040-A10,MO040-A29
MO040,MO040-A10,MO040-A28
MO040,MO040-A10,MO040-A27
MO040,MO040-A10,MO040-A26
MO040,MO040-A10,MO040-A25
MO040,MO040-A10,MO040-A24
MO040,MO040-A10,MO040-A23
MO040,MO040-A10,MO040-A22
MO040,MO040-A10,MO040-A21
MO040,MO040-A10,MO040-A20
MO040,MO040-A10,MO040-A18
MO040,MO040-A10,MO040-A17
MO040,MO040-A10,MO040-A16
MO040,MO040-A10,MO040-A15
MO040,MO040-A10,MO040-A14
MO040,MO040-A10,MO040-A13
MO040,MO040-A10,MO040-A12
MO040,MO040-A10,MO040-A11
MO040,MO040-A11,MO040-A30
MO040,MO040-A11,MO040-A29
MO040,MO040-A11,MO040-A28
MO040,MO040-A11,MO040-A27
MO040,MO040-A11,MO040-A26
MO040,MO040-A11,MO040-A25
MO040,MO040-A11,MO040-A24
MO040,MO040-A11,MO040-A23
MO040,MO040-A11,MO040-A22
MO040,MO040-A11,MO040-A21
MO040,MO040-A11,MO040-A20
MO040,MO040-A11,MO040-A19
MO040,MO040-A11,MO040-A18
MO040,MO040-A11,MO040-A17
MO040,MO040-A11,MO040-A16
MO040,MO040-A11,MO040-A15
MO040,MO040-A11,MO040-A14
MO040,MO040-A11,MO040-A13
MO040,MO040-A11,MO040-A12
MO040,MO040-A12,MO040-A30
MO040,MO040-A12,MO040-A29
MO040,MO040-A12,MO040-A28
MO040,MO040-A12,MO040-A27
MO040,MO040-A12,MO040-A26
MO040,MO040-A12,MO040-A25
MO040,MO040-A12,MO040-A24
MO040,MO040-A12,MO040-A23
MO040,MO040-A12,MO040-A22
MO040,MO040-A12,MO040-A21
MO040,MO040-A12,MO040-A20
MO040,MO040-A12,MO040-A19
MO040,MO040-A12,MO040-A18
MO040,MO040-A12,MO040-A17
MO040,MO040-A12,MO040-A16
MO040,MO040-A12,MO040-A15
MO040,MO040-A12,MO040-A14
MO040,MO040-A12,MO040-A13
MO040,MO040-A13,MO040-A30
MO040,MO040-A13,MO040-A29
MO040,MO040-A13,MO040-A28
MO040,MO040-A13,MO040-A27
MO040,MO040-A13,MO040-A26
MO040,MO040-A13,MO040-A25
MO040,MO040-A13,MO040-A24
MO040,MO040-A13,MO040-A23
MO040,MO040-A13,MO040-A22
MO040,MO040-A13,MO040-A21
MO040,MO040-A13,MO040-A20
MO040,MO040-A13,MO040-A19
MO040,MO040-A13,MO040-A18
MO040,MO040-A13,MO040-A17
MO040,MO040-A13,MO040-A16
MO040,MO040-A13,MO040-A15
MO040,MO040-A13,MO040-A14
MO040,MO040-A14,MO040-A30
MO040,MO040-A14,MO040-A29
MO040,MO040-A14,MO040-A28
MO040,MO040-A14,MO040-A27
MO040,MO040-A14,MO040-A26
MO040,MO040-A14,MO040-A25
MO040,MO040-A14,MO040-A24
MO040,MO040-A14,MO040-A23
MO040,MO040-A14,MO040-A22
MO040,MO040-A14,MO040-A21
MO040,MO040-A14,MO040-A20
MO040,MO040-A14,MO040-A19
MO040,MO040-A14,MO040-A18
MO040,MO040-A14,MO040-A17
MO040,MO040-A14,MO040-A16
MO040,MO040-A14,MO040-A15
MO040,MO040-A15,MO040-A30
MO040,MO040-A15,MO040-A29
MO040,MO040-A15,MO040-A28
MO040,MO040-A15,MO040-A27
MO040,MO040-A15,MO040-A26
MO040,MO040-A15,MO040-A25
MO040,MO040-A15,MO040-A24
MO040,MO040-A15,MO040-A23
MO040,MO040-A15,MO040-A22
MO040,MO040-A15,MO040-A21
MO040,MO040-A15,MO040-A20
MO040,MO040-A15,MO040-A19
MO040,MO040-A15,MO040-A18
MO040,MO040-A15,MO040-A17
MO040,MO040-A15,MO040-A16
MO040,MO040-A16,MO040-A30
MO040,MO040-A16,MO040-A29
MO040,MO040-A16,MO040-A28
MO040,MO040-A16,MO040-A27
MO040,MO040-A16,MO040-A26
MO040,MO040-A16,MO040-A25
MO040,MO040-A16,MO040-A24
MO040,MO040-A16,MO040-A23
MO040,MO040-A16,MO040-A22
MO040,MO040-A16,MO040-A21
MO040,MO040-A16,MO040-A20
MO040,MO040-A16,MO040-A19
MO040,MO040-A16,MO040-A18
MO040,MO040-A16,MO040-A17
MO040,MO040-A17,MO040-A30
MO040,MO040-A17,MO040-A29
MO040,MO040-A17,MO040-A28
MO040,MO040-A17,MO040-A27
MO040,MO040-A17,MO040-A26
MO040,MO040-A17,MO040-A25
MO040,MO040-A17,MO040-A24
MO040,MO040-A17,MO040-A23
MO040,MO040-A17,MO040-A22
MO040,MO040-A17,MO040-A21
MO040,MO040-A17,MO040-A20
MO040,MO040-A17,MO040-A19
MO040,MO040-A17,MO040-A18
MO040,MO040-A18,MO040-A30
MO040,MO040-A18,MO040-A29
MO040,MO040-A18,MO040-A28
MO040,MO040-A18,MO040-A27
MO040,MO040-A18,MO040-A26
MO040,MO040-A18,MO040-A25
MO040,MO040-A18,MO040-A24
MO040,MO040-A18,MO040-A23
MO040,MO040-A18,MO040-A22
MO040,MO040-A18,MO040-A20
MO040,MO040-A18,MO040-A19
MO040,MO040-A19,MO040-A30
MO040,MO040-A19,MO040-A29
MO040,MO040-A19,MO040-A28
MO040,MO040-A19,MO040-A27
MO040,MO040-A19,MO040-A26
MO040,MO040-A19,MO040-A25
MO040,MO040-A19,MO040-A24
MO040,MO040-A19,MO040-A23
MO040,MO040-A19,MO040-A22
MO040,MO040-A19,MO040-A21
MO040,MO040-A19,MO040-A20
MO040,MO040-A20,MO040-A30
MO040,MO040-A20,MO040-A29
MO040,MO040-A20,MO040-A28
MO040,MO040-A20,MO040-A27
MO040,MO040-A20,MO040-A26
MO040,MO040-A20,MO040-A25
MO040,MO040-A20,MO040-A24
MO040,MO040-A20,MO040-A23
MO040,MO040-A20,MO040-A22
MO040,MO040-A20,MO040-A21
MO040,MO040-A21,MO040-A30
MO040,MO040-A21,MO040-A29
MO040,MO040-A21,MO040-A28
MO040,MO040-A21,MO040-A27
MO040,MO040-A21,MO040-A26
MO040,MO040-A21,MO040-A25
MO040,MO040-A21,MO040-A24
MO040,MO040-A21,MO040-A23
MO040,MO040-A21,MO040-A22
MO040,MO040-A22,MO040-A30
MO040,MO040-A22,MO040-A29
MO040,MO040-A22,MO040-A28
MO040,MO040-A22,MO040-A27
MO040,MO040-A22,MO040-A26
MO040,MO040-A22,MO040-A25
MO040,MO040-A22,MO040-A24
MO040,MO040-A22,MO040-A23
MO040,MO040-A23,MO040-A30
MO040,MO040-A23,MO040-A29
MO040,MO040-A23,MO040-A28
MO040,MO040-A23,MO040-A27
MO040,MO040-A23,MO040-A26
MO040,MO040-A23,MO040-A25
MO040,MO040-A23,MO040-A24
MO040,MO040-A24,MO040-A30
MO040,MO040-A24,MO040-A29
MO040,MO040-A24,MO040-A28
MO040,MO040-A24,MO040-A27
MO040,MO040-A24,MO040-A26
MO040,MO040-A24,MO040-A25
MO040,MO040-A25,MO040-A30
MO040,MO040-A25,MO040-A29
MO040,MO040-A25,MO040-A28
MO040,MO040-A25,MO040-A27
MO040,MO040-A25,MO040-A26
MO040,MO040-A26,MO040-A30
MO040,MO040-A26,MO040-A29
MO040,MO040-A26,MO040-A28
MO040,MO040-A26,MO040-A27
MO040,MO040-A27,MO040-A30
MO040,MO040-A27,MO040-A29
MO040,MO040-A27,MO040-A28
MO040,MO040-A28,MO040-A30
MO040,MO040-A28,MO040-A29
MO040,MO040-A29,MO040-A30
MO041,MO041-A01,MO041-A30
MO041,MO041-A01,MO041-A29
MO041,MO041-A01,MO041-A28
MO041,MO041-A01,MO041-A27
MO041,MO041-A01,MO041-A26
MO041,MO041-A01,MO041-A25
MO041,MO041-A01,MO041-A24
MO041,MO041-A01,MO041-A23
MO041,MO041-A01,MO041-A22
MO041,MO041-A01,MO041-A21
MO041,MO041-A01,MO041-A20
MO041,MO041-A01,MO041-A19
MO041,MO041-A01,MO041-A18
MO041,MO041-A01,MO041-A17
MO041,MO041-A01,MO041-A16
MO041,MO041-A01,MO041-A15
MO041,MO041-A01,MO041-A14
MO041,MO041-A01,MO041-A13
MO041,MO041-A01,MO041-A12
MO041,MO041-A01,MO041-A11
MO041,MO041-A01,MO041-A10
MO041,MO041-A01,MO041-A09
MO041,MO041-A01,MO041-A06
MO041,MO041-A01,MO041-A05
MO041,MO041-A01,MO041-A04
MO041,MO041-A01,MO041-A03
MO041,MO041-A01,MO041-A02
MO041,MO041-A02,MO041-A30
MO041,MO041-A02,MO041-A29
MO041,MO041-A02,MO041-A28
MO041,MO041-A02,MO041-A27
MO041,MO041-A02,MO041-A26
MO041,MO041-A02,MO041-A24
MO041,MO041-A02,MO041-A23
MO041,MO041-A02,MO041-A22
MO041,MO041-A02,MO041-A21
MO041,MO041-A02,MO041-A20
MO041,MO041-A02,MO041-A19
MO041,MO041-A02,MO041-A18
MO041,MO041-A02,MO041-A17
MO041,MO041-A02,MO041-A16
MO041,MO041-A02,MO041-A15
MO041,MO041-A02,MO041-A14
MO041,MO041-A02,MO041-A13
MO041,MO041-A02,MO041-A12
MO041,MO041-A02,MO041-A11
MO041,MO041-A02,MO041-A10
MO041,MO041-A02,MO041-A09
MO041,MO041-A02,MO041-A08
MO041,MO041-A02,MO041-A07
MO041,MO041-A02,MO041-A06
MO041,MO041-A02,MO041-A05
MO041,MO041-A02,MO041-A04
MO041,MO041-A02,MO041-A03
MO041,MO041-A03,MO041-A30
MO041,MO041-A03,MO041-A29
MO041,MO041-A03,MO041-A28
MO041,MO041-A03,MO041-A27
MO041,MO041-A03,MO041-A26
MO041,MO041-A03,MO041-A25
MO041,MO041-A03,MO041-A24
MO041,MO041-A03,MO041-A23
MO041,MO041-A03,MO041-A22
MO041,MO041-A03,MO041-A21
MO041,MO041-A03,MO041-A20
MO041,MO041-A03,MO041-A19
MO041,MO041-A03,MO041-A18
MO041,MO041-A03,MO041-A17
MO041,MO041-A03,MO041-A16
MO041,MO041-A03,MO041-A15
MO041,MO041-A03,MO041-A13
MO041,MO041-A03,MO041-A12
MO041,MO041-A03,MO041-A11
MO041,MO041-A03,MO041-A10
MO041,MO041-A03,MO041-A09
MO041,MO041-A03,MO041-A08
MO041,MO041-A03,MO041-A07
MO041,MO041-A03,MO041-A06
MO041,MO041-A03,MO041-A05
MO041,MO041-A03,MO041-A04
MO041,MO041-A04,MO041-A30
MO041,MO041-A04,MO041-A29
MO041,MO041-A04,MO041-A28
MO041,MO041-A04,MO041-A27
MO041,MO041-A04,MO041-A26
MO041,MO041-A04,MO041-A25
MO041,MO041-A04,MO041-A24
MO041,MO041-A04,MO041-A23
MO041,MO041-A04,MO041-A22
MO041,MO041-A04,MO041-A21
MO041,MO041-A04,MO041-A20
MO041,MO041-A04,MO041-A19
MO041,MO041-A04,MO041-A18
MO041,MO041-A04,MO041-A17
MO041,MO041-A04,MO041-A16
MO041,MO041-A04,MO041-A15
MO041,MO041-A04,MO041-A14
MO041,MO041-A04,MO041-A13
MO041,MO041-A04,MO041-A12
MO041,MO041-A04,MO041-A11
MO041,MO041-A04,MO041-A10
MO041,MO041-A04,MO041-A09
MO041,MO041-A04,MO041-A08
MO041,MO041-A04,MO041-A07
MO041,MO041-A04,MO041-A06
MO041,MO041-A04,MO041-A05
MO041,MO041-A05,MO041-A30
MO041,MO041-A05,MO041-A29
MO041,MO041-A05,MO041-A28
MO041,MO041-A05,MO041-A27
MO041,MO041-A05,MO041-A26
MO041,MO041-A05,MO041-A25
MO041,MO041-A05,MO041-A24
MO041,MO041-A05,MO041-A23
MO041,MO041-A05,MO041-A22
MO041,MO041-A05,MO041-A21
MO041,MO041-A05,MO041-A20
MO041,MO041-A05,MO041-A19
MO041,MO041-A05,MO041-A18
MO041,MO041-A05,MO041-A17
MO041,MO041-A05,MO041-A16
MO041,MO041-A05,MO041-A15
MO041,MO041-A05,MO041-A14
MO041,MO041-A05,MO041-A13
MO041,MO041-A05,MO041-A12
MO041,MO041-A05,MO041-A11
MO041,MO041-A05,MO041-A10
MO041,MO041-A05,MO041-A09
MO041,MO041-A05,MO041-A08
MO041,MO041-A05,MO041-A07
MO041,MO041-A05,MO041-A06
MO041,MO041-A06,MO041-A30
MO041,MO041-A06,MO041-A29
MO041,MO041-A06,MO041-A28
MO041,MO041-A06,MO041-A27
MO041,MO041-A06,MO041-A26
MO041,MO041-A06,MO041-A25
MO041,MO041-A06,MO041-A24
MO041,MO041-A06,MO041-A23
MO041,MO041-A06,MO041-A22
MO041,MO041-A06,MO041-A21
MO041,MO041-A06,MO041-A20
MO041,MO041-A06,MO041-A19
MO041,MO041-A06,MO041-A18
MO041,MO041-A06,MO041-A17
MO041,MO041-A06,MO041-A16
MO041,MO041-A06,MO041-A15
MO041,MO041-A06,MO041-A14
MO041,MO041-A06,MO041-A13
MO041,MO041-A06,MO041-A12
MO041,MO041-A06,MO041-A11
MO041,MO041-A06,MO041-A10
MO041,MO041-A06,MO041-A09
MO041,MO041-A06,MO041-A08
MO041,MO041-A06,MO041-A07
MO041,MO041-A07,MO041-A30
MO041,MO041-A07,MO041-A29
MO041,MO041-A07,MO041-A28
MO041,MO041-A07,MO041-A27
MO041,MO041-A07,MO041-A26
MO041,MO041-A07,MO041-A25
MO041,MO041-A07,MO041-A24
MO041,MO041-A07,MO041-A23
MO041,MO041-A07,MO041-A22
MO041,MO041-A07,MO041-A21
MO041,MO041-A07,MO041-A20
MO041,MO041-A07,MO041-A19
MO041,MO041-A07,MO041-A18
MO041,MO041-A07,MO041-A17
MO041,MO041-A07,MO041-A16
MO041,MO041-A07,MO041-A15
MO041,MO041-A07,MO041-A14
MO041,MO041-A07,MO041-A13
MO041,MO041-A07,MO041-A12
MO041,MO041-A07,MO041-A11
MO041,MO041-A07,MO041-A10
MO041,MO041-A07,MO041-A09
MO041,MO041-A07,MO041-A08
MO041,MO041-A08,MO041-A30
MO041,MO041-A08,MO041-A29
MO041,MO041-A08,MO041-A28
MO041,MO041-A08,MO041-A27
MO041,MO041-A08,MO041-A26
MO041,MO041-A08,MO041-A25
MO041,MO041-A08,MO041-A24
MO041,MO041-A08,MO041-A23
MO041,MO041-A08,MO041-A22
MO041,MO041-A08,MO041-A21
MO041,MO041-A08,MO041-A20
MO041,MO041-A08,MO041-A19
MO041,MO041-A08,MO041-A18
MO041,MO041-A08,MO041-A17
MO041,MO041-A08,MO041-A16
MO041,MO041-A08,MO041-A15
MO041,MO041-A08,MO041-A14
MO041,MO041-A08,MO041-A13
MO041,MO041-A08,MO041-A12
MO041,MO041-A08,MO041-A11
MO041,MO041-A08,MO041-A10
MO041,MO041-A08,MO041-A09
MO041,MO041-A09,MO041-A30
MO041,MO041-A09,MO041-A29
MO041,MO041-A09,MO041-A28
MO041,MO041-A09,MO041-A27
MO041,MO041-A09,MO041-A26
MO041,MO041-A09,MO041-A25
MO041,MO041-A09,MO041-A24
MO041,MO041-A09,MO041-A23
MO041,MO041-A09,MO041-A22
MO041,MO041-A09,MO041-A21
MO041,MO041-A09,MO041-A20
MO041,MO041-A09,MO041-A19
MO041,MO041-A09,MO041-A18
MO041,MO041-A09,MO041-A17
MO041,MO041-A09,MO041-A16
MO041,MO041-A09,MO041-A15
MO041,MO041-A09,MO041-A14
MO041,MO041-A09,MO041-A13
MO041,MO041-A09,MO041-A12
MO041,MO041-A09,MO041-A11
MO041,MO041-A09,MO041-A10
MO041,MO041-A10,MO041-A30
MO041,MO041-A10,MO041-A29
MO041,MO041-A10,MO041-A28
MO041,MO041-A10,MO041-A27
MO041,MO041-A10,MO041-A26
MO041,MO041-A10,MO041-A25
MO041,MO041-A10,MO041-A24
MO041,MO041-A10,MO041-A23
MO041,MO041-A10,MO041-A22
MO041,MO041-A10,MO041-A21
MO041,MO041-A10,MO041-A20
MO041,MO041-A10,MO041-A19
MO041,MO041-A10,MO041-A18
MO041,MO041-A10,MO041-A17
MO041,MO041-A10,MO041-A16
MO041,MO041-A10,MO041-A15
MO041,MO041-A10,MO041-A14
MO041,MO041-A10,MO041-A13
MO041,MO041-A10,MO041-A12
MO041,MO041-A10,MO041-A11
MO041,MO041-A11,MO041-A30
MO041,MO041-A11,MO041-A29
MO041,MO041-A11,MO041-A28
MO041,MO041-A11,MO041-A27
MO041,MO041-A11,MO041-A26
MO041,MO041-A11,MO041-A25
MO041,MO041-A11,MO041-A24
MO041,MO041-A11,MO041-A23
MO041,MO041-A11,MO041-A22
MO041,MO041-A11,MO041-A21
MO041,MO041-A11,MO041-A20
MO041,MO041-A11,MO041-A19
MO041,MO041-A11,MO041-A18
MO041,MO041-A11,MO041-A17
MO041,MO041-A11,MO041-A16
MO041,MO041-A11,MO041-A15
MO041,MO041-A11,MO041-A14
MO041,MO041-A11,MO041-A13
MO041,MO041-A11,MO041-A12
MO041,MO041-A12,MO041-A30
MO041,MO041-A12,MO041-A29
MO041,MO041-A12,MO041-A28
MO041,MO041-A12,MO041-A27
MO041,MO041-A12,MO041-A26
MO041,MO041-A12,MO041-A25
MO041,MO041-A12,MO041-A24
MO041,MO041-A12,MO041-A23
MO041,MO041-A12,MO041-A22
MO041,MO041-A12,MO041-A21
MO041,MO041-A12,MO041-A20
MO041,MO041-A12,MO041-A19
MO041,MO041-A12,MO041-A18
MO041,MO041-A12,MO041-A17
MO041,MO041-A12,MO041-A16
MO041,MO041-A12,MO041-A15
MO041,MO041-A12,MO041-A14
MO041,MO041-A12,MO041-A13
MO041,MO041-A13,MO041-A30
MO041,MO041-A13,MO041-A29
MO041,MO041-A13,MO041-A28
MO041,MO041-A13,MO041-A27
MO041,MO041-A13,MO041-A26
MO041,MO041-A13,MO041-A25
MO041,MO041-A13,MO041-A24
MO041,MO041-A13,MO041-A23
MO041,MO041-A13,MO041-A22
MO041,MO041-A13,MO041-A21
MO041,MO041-A13,MO041-A20
MO041,MO041-A13,MO041-A19
MO041,MO041-A13,MO041-A18
MO041,MO041-A13,MO041-A17
MO041,MO041-A13,MO041-A16
MO041,MO041-A13,MO041-A15
MO041,MO041-A13,MO041-A14
MO041,MO041-A14,MO041-A30
MO041,MO041-A14,MO041-A29
MO041,MO041-A14,MO041-A28
MO041,MO041-A14,MO041-A27
MO041,MO041-A14,MO041-A26
MO041,MO041-A14,MO041-A25
MO041,MO041-A14,MO041-A24
MO041,MO041-A14,MO041-A23
MO041,MO041-A14,MO041-A22
MO041,MO041-A14,MO041-A21
MO041,MO041-A14,MO041-A20
MO041,MO041-A14,MO041-A19
MO041,MO041-A14,MO041-A18
MO041,MO041-A14,MO041-A17
MO041,MO041-A14,MO041-A16
MO041,MO041-A14,MO041-A15
MO041,MO041-A15,MO041-A30
MO041,MO041-A15,MO041-A29
MO041,MO041-A15,MO041-A28
MO041,MO041-A15,MO041-A27
MO041,MO041-A15,MO041-A26
MO041,MO041-A15,MO041-A25
MO041,MO041-A15,MO041-A24
MO041,MO041-A15,MO041-A23
MO041,MO041-A15,MO041-A22
MO041,MO041-A15,MO041-A21
MO041,MO041-A15,MO041-A20
MO041,MO041-A15,MO041-A19
MO041,MO041-A15,MO041-A18
MO041,MO041-A15,MO041-A17
MO041,MO041-A15,MO041-A16
MO041,MO041-A16,MO041-A30
MO041,MO041-A16,MO041-A29
MO041,MO041-A16,MO041-A28
MO041,MO041-A16,MO041-A27
MO041,MO041-A16,MO041-A26
MO041,MO041-A16,MO041-A25
MO041,MO041-A16,MO041-A24
MO041,MO041-A16,MO041-A23
MO041,MO041-A16,MO041-A20
MO041,MO041-A16,MO041-A19
MO041,MO041-A16,MO041-A18
MO041,MO041-A16,MO041-A17
MO041,MO041-A17,MO041-A30
MO041,MO041-A17,MO041-A29
MO041,MO041-A17,MO041-A28
MO041,MO041-A17,MO041-A27
MO041,MO041-A17,MO041-A26
MO041,MO041-A17,MO041-A25
MO041,MO041-A17,MO041-A24
MO041,MO041-A17,MO041-A23
MO041,MO041-A17,MO041-A22
MO041,MO041-A17,MO041-A21
MO041,MO041-A17,MO041-A20
MO041,MO041-A17,MO041-A19
MO041,MO041-A17,MO041-A18
MO041,MO041-A18,MO041-A30
MO041,MO041-A18,MO041-A29
MO041,MO041-A18,MO041-A28
MO041,MO041-A18,MO041-A27
MO041,MO041-A18,MO041-A26
MO041,MO041-A18,MO041-A25
MO041,MO041-A18,MO041-A24
MO041,MO041-A18,MO041-A23
MO041,MO041-A18,MO041-A22
MO041,MO041-A18,MO041-A21
MO041,MO041-A18,MO041-A20
MO041,MO041-A18,MO041-A19
MO041,MO041-A19,MO041-A30
MO041,MO041-A19,MO041-A29
MO041,MO041-A19,MO041-A28
MO041,MO041-A19,MO041-A27
MO041,MO041-A19,MO041-A26
MO041,MO041-A19,MO041-A25
MO041,MO041-A19,MO041-A24
MO041,MO041-A19,MO041-A23
MO041,MO041-A19,MO041-A22
MO041,MO041-A19,MO041-A21
MO041,MO041-A19,MO041-A20
MO041,MO041-A20,MO041-A30
MO041,MO041-A20,MO041-A29
MO041,MO041-A20,MO041-A28
MO041,MO041-A20,MO041-A27
MO041,MO041-A20,MO041-A26
MO041,MO041-A20,MO041-A25
MO041,MO041-A20,MO041-A24
MO041,MO041-A20,MO041-A23
MO041,MO041-A20,MO041-A22
MO041,MO041-A20,MO041-A21
MO041,MO041-A21,MO041-A30
MO041,MO041-A21,MO041-A29
MO041,MO041-A21,MO041-A28
MO041,MO041-A21,MO041-A27
MO041,MO041-A21,MO041-A26
MO041,MO041-A21,MO041-A25
MO041,MO041-A21,MO041-A24
MO041,MO041-A21,MO041-A23
MO041,MO041-A21,MO041-A22
MO041,MO041-A22,MO041-A30
MO041,MO041-A22,MO041-A29
MO041,MO041-A22,MO041-A28
MO041,MO041-A22,MO041-A27
MO041,MO041-A22,MO041-A26
MO041,MO041-A22,MO041-A25
MO041,MO041-A22,MO041-A24
MO041,MO041-A22,MO041-A23
MO041,MO041-A23,MO041-A30
MO041,MO041-A23,MO041-A29
MO041,MO041-A23,MO041-A28
MO041,MO041-A23,MO041-A27
MO041,MO041-A23,MO041-A26
MO041,MO041-A23,MO041-A25
MO041,MO041-A23,MO041-A24
MO041,MO041-A24,MO041-A30
MO041,MO041-A24,MO041-A29
MO041,MO041-A24,MO041-A28
MO041,MO041-A24,MO041-A27
MO041,MO041-A24,MO041-A26
MO041,MO041-A24,MO041-A25
MO041,MO041-A25,MO041-A30
MO041,MO041-A25,MO041-A29
MO041,MO041-A25,MO041-A28
MO041,MO041-A25,MO041-A27
MO041,MO041-A25,MO041-A26
MO041,MO041-A26,MO041-A30
MO041,MO041-A26,MO041-A29
MO041,MO041-A26,MO041-A28
MO041,MO041-A26,MO041-A27
MO041,MO041-A27,MO041-A30
MO041,MO041-A27,MO041-A29
MO041,MO041-A27,MO041-A28
MO041,MO041-A28,MO041-A30
MO041,MO041-A28,MO041-A29
MO041,MO041-A29,MO041-A30
MO042,MO042-A01,MO042-A30
MO042,MO042-A01,MO042-A29
MO042,MO042-A01,MO042-A28
MO042,MO042-A01,MO042-A27
MO042,MO042-A01,MO042-A26
MO042,MO042-A01,MO042-A25
MO042,MO042-A01,MO042-A24
MO042,MO042-A01,MO042-A23
MO042,MO042-A01,MO042-A20
MO042,MO042-A01,MO042-A19
MO042,MO042-A01,MO042-A17
MO042,MO042-A01,MO042-A16
MO042,MO042-A01,MO042-A14
MO042,MO042-A01,MO042-A12
MO042,MO042-A01,MO042-A11
MO042,MO042-A01,MO042-A09
MO042,MO042-A01,MO042-A08
MO042,MO042-A01,MO042-A07
MO042,MO042-A01,MO042-A06
MO042,MO042-A01,MO042-A04
MO042,MO042-A01,MO042-A02
MO042,MO042-A02,MO042-A30
MO042,MO042-A02,MO042-A29
MO042,MO042-A02,MO042-A27
MO042,MO042-A02,MO042-A26
MO042,MO042-A02,MO042-A25
MO042,MO042-A02,MO042-A24
MO042,MO042-A02,MO042-A23
MO042,MO042-A02,MO042-A21
MO042,MO042-A02,MO042-A20
MO042,MO042-A02,MO042-A19
MO042,MO042-A02,MO042-A18
MO042,MO042-A02,MO042-A17
MO042,MO042-A02,MO042-A16
MO042,MO042-A02,MO042-A15
MO042,MO042-A02,MO042-A14
MO042,MO042-A02,MO042-A13
MO042,MO042-A02,MO042-A12
MO042,MO042-A02,MO042-A10
MO042,MO042-A02,MO042-A09
MO042,MO042-A02,MO042-A08
MO042,MO042-A02,MO042-A07
MO042,MO042-A02,MO042-A05
MO042,MO042-A02,MO042-A04
MO042,MO042-A02,MO042-A03
MO042,MO042-A03,MO042-A30
MO042,MO042-A03,MO042-A29
MO042,MO042-A03,MO042-A28
MO042,MO042-A03,MO042-A27
MO042,MO042-A03,MO042-A26
MO042,MO042-A03,MO042-A23
MO042,MO042-A03,MO042-A22
MO042,MO042-A03,MO042-A21
MO042,MO042-A03,MO042-A20
MO042,MO042-A03,MO042-A17
MO042,MO042-A03,MO042-A15
MO042,MO042-A03,MO042-A14
MO042,MO042-A03,MO042-A11
MO042,MO042-A03,MO042-A10
MO042,MO042-A03,MO042-A09
MO042,MO042-A03,MO042-A08
MO042,MO042-A03,MO042-A06
MO042,MO042-A03,MO042-A05
MO042,MO042-A03,MO042-A04
MO042,MO042-A04,MO042-A30
MO042,MO042-A04,MO042-A29
MO042,MO042-A04,MO042-A28
MO042,MO042-A04,MO042-A27
MO042,MO042-A04,MO042-A26
MO042,MO042-A04,MO042-A25
MO042,MO042-A04,MO042-A24
MO042,MO042-A04,MO042-A20
MO042,MO042-A04,MO042-A17
MO042,MO042-A04,MO042-A15
MO042,MO042-A04,MO042-A14
MO042,MO042-A04,MO042-A08
MO042,MO042-A04,MO042-A07
MO042,MO042-A04,MO042-A06
MO042,MO042-A05,MO042-A30
MO042,MO042-A05,MO042-A29
MO042,MO042-A05,MO042-A28
MO042,MO042-A05,MO042-A27
MO042,MO042-A05,MO042-A26
MO042,MO042-A05,MO042-A25
MO042,MO042-A05,MO042-A24
MO042,MO042-A05,MO042-A22
MO042,MO042-A05,MO042-A21
MO042,MO042-A05,MO042-A20
MO042,MO042-A05,MO042-A19
MO042,MO042-A05,MO042-A17
MO042,MO042-A05,MO042-A16
MO042,MO042-A05,MO042-A15
MO042,MO042-A05,MO042-A13
MO042,MO042-A05,MO042-A11
MO042,MO042-A05,MO042-A10
MO042,MO042-A05,MO042-A09
MO042,MO042-A05,MO042-A08
MO042,MO042-A05,MO042-A07
MO042,MO042-A05,MO042-A06
MO042,MO042-A06,MO042-A28
MO042,MO042-A06,MO042-A27
MO042,MO042-A06,MO042-A26
MO042,MO042-A06,MO042-A24
MO042,MO042-A06,MO042-A23
MO042,MO042-A06,MO042-A21
MO042,MO042-A06,MO042-A20
MO042,MO042-A06,MO042-A19
MO042,MO042-A06,MO042-A16
MO042,MO042-A06,MO042-A15
MO042,MO042-A06,MO042-A14
MO042,MO042-A06,MO042-A13
MO042,MO042-A06,MO042-A12
MO042,MO042-A06,MO042-A11
MO042,MO042-A06,MO042-A10
MO042,MO042-A06,MO042-A09
MO042,MO042-A06,MO042-A08
MO042,MO042-A07,MO042-A30
MO042,MO042-A07,MO042-A29
MO042,MO042-A07,MO042-A27
MO042,MO042-A07,MO042-A26
MO042,MO042-A07,MO042-A25
MO042,MO042-A07,MO042-A24
MO042,MO042-A07,MO042-A21
MO042,MO042-A07,MO042-A20
MO042,MO042-A07,MO042-A18
MO042,MO042-A07,MO042-A17
MO042,MO042-A07,MO042-A16
MO042,MO042-A07,MO042-A15
MO042,MO042-A07,MO042-A13
MO042,MO042-A07,MO042-A12
MO042,MO042-A07,MO042-A11
MO042,MO042-A07,MO042-A10
MO042,MO042-A08,MO042-A30
MO042,MO042-A08,MO042-A29
MO042,MO042-A08,MO042-A27
MO042,MO042-A08,MO042-A26
MO042,MO042-A08,MO042-A25
MO042,MO042-A08,MO042-A24
MO042,MO042-A08,MO042-A23
MO042,MO042-A08,MO042-A21
MO042,MO042-A08,MO042-A20
MO042,MO042-A08,MO042-A19
MO042,MO042-A08,MO042-A18
MO042,MO042-A08,MO042-A17
MO042,MO042-A08,MO042-A16
MO042,MO042-A08,MO042-A15
MO042,MO042-A08,MO042-A14
MO042,MO042-A08,MO042-A13
MO042,MO042-A08,MO042-A12
MO042,MO042-A08,MO042-A11
MO042,MO042-A08,MO042-A10
MO042,MO042-A08,MO042-A09
MO042,MO042-A09,MO042-A30
MO042,MO042-A09,MO042-A26
MO042,MO042-A09,MO042-A24
MO042,MO042-A09,MO042-A23
MO042,MO042-A09,MO042-A22
MO042,MO042-A09,MO042-A21
MO042,MO042-A09,MO042-A18
MO042,MO042-A09,MO042-A17
MO042,MO042-A09,MO042-A16
MO042,MO042-A09,MO042-A15
MO042,MO042-A09,MO042-A13
MO042,MO042-A09,MO042-A12
MO042,MO042-A09,MO042-A10
MO042,MO042-A10,MO042-A30
MO042,MO042-A10,MO042-A28
MO042,MO042-A10,MO042-A27
MO042,MO042-A10,MO042-A24
MO042,MO042-A10,MO042-A23
MO042,MO042-A10,MO042-A22
MO042,MO042-A10,MO042-A21
MO042,MO042-A10,MO042-A19
MO042,MO042-A10,MO042-A18
MO042,MO042-A10,MO042-A16
MO042,MO042-A10,MO042-A15
MO042,MO042-A10,MO042-A14
MO042,MO042-A10,MO042-A12
MO042,MO042-A10,MO042-A11
MO042,MO042-A11,MO042-A30
MO042,MO042-A11,MO042-A29
MO042,MO042-A11,MO042-A28
MO042,MO042-A11,MO042-A26
MO042,MO042-A11,MO042-A25
MO042,MO042-A11,MO042-A24
MO042,MO042-A11,MO042-A23
MO042,MO042-A11,MO042-A22
MO042,MO042-A11,MO042-A20
MO042,MO042-A11,MO042-A18
MO042,MO042-A11,MO042-A17
MO042,MO042-A11,MO042-A16
MO042,MO042-A11,MO042-A15
MO042,MO042-A11,MO042-A14
MO042,MO042-A11,MO042-A13
MO042,MO042-A12,MO042-A30
MO042,MO042-A12,MO042-A29
MO042,MO042-A12,MO042-A28
MO042,MO042-A12,MO042-A26
MO042,MO042-A12,MO042-A25
MO042,MO042-A12,MO042-A24
MO042,MO042-A12,MO042-A22
MO042,MO042-A12,MO042-A21
MO042,MO042-A12,MO042-A20
MO042,MO042-A12,MO042-A16
MO042,MO042-A12,MO042-A15
MO042,MO042-A12,MO042-A14
MO042,MO042-A12,MO042-A13
MO042,MO042-A13,MO042-A30
MO042,MO042-A13,MO042-A29
MO042,MO042-A13,MO042-A27
MO042,MO042-A13,MO042-A25
MO042,MO042-A13,MO042-A24
MO042,MO042-A13,MO042-A23
MO042,MO042-A13,MO042-A22
MO042,MO042-A13,MO042-A21
MO042,MO042-A13,MO042-A20
MO042,MO042-A13,MO042-A19
MO042,MO042-A13,MO042-A16
MO042,MO042-A13,MO042-A14
MO042,MO042-A14,MO042-A30
MO042,MO042-A14,MO042-A29
MO042,MO042-A14,MO042-A28
MO042,MO042-A14,MO042-A27
MO042,MO042-A14,MO042-A26
MO042,MO042-A14,MO042-A24
MO042,MO042-A14,MO042-A23
MO042,MO042-A14,MO042-A22
MO042,MO042-A14,MO042-A21
MO042,MO042-A14,MO042-A20
MO042,MO042-A14,MO042-A16
MO042,MO042-A14,MO042-A15
MO042,MO042-A15,MO042-A29
MO042,MO042-A15,MO042-A28
MO042,MO042-A15,MO042-A27
MO042,MO042-A15,MO042-A26
MO042,MO042-A15,MO042-A25
MO042,MO042-A15,MO042-A23
MO042,MO042-A15,MO042-A22
MO042,MO042-A15,MO042-A21
MO042,MO042-A15,MO042-A20
MO042,MO042-A15,MO042-A19
MO042,MO042-A15,MO042-A18
MO042,MO042-A15,MO042-A17
MO042,MO042-A15,MO042-A16
MO042,MO042-A16,MO042-A30
MO042,MO042-A16,MO042-A29
MO042,MO042-A16,MO042-A27
MO042,MO042-A16,MO042-A26
MO042,MO042-A16,MO042-A25
MO042,MO042-A16,MO042-A23
MO042,MO042-A16,MO042-A22
MO042,MO042-A16,MO042-A21
MO042,MO042-A16,MO042-A20
MO042,MO042-A16,MO042-A18
MO042,MO042-A17,MO042-A30
MO042,MO042-A17,MO042-A29
MO042,MO042-A17,MO042-A27
MO042,MO042-A17,MO042-A26
MO042,MO042-A17,MO042-A25
MO042,MO042-A17,MO042-A24
MO042,MO042-A17,MO042-A21
MO042,MO042-A17,MO042-A20
MO042,MO042-A17,MO042-A18
MO042,MO042-A18,MO042-A30
MO042,MO042-A18,MO042-A29
MO042,MO042-A18,MO042-A28
MO042,MO042-A18,MO042-A27
MO042,MO042-A18,MO042-A25
MO042,MO042-A18,MO042-A23
MO042,MO042-A19,MO042-A29
MO042,MO042-A19,MO042-A28
MO042,MO042-A19,MO042-A27
MO042,MO042-A19,MO042-A26
MO042,MO042-A19,MO042-A25
MO042,MO042-A19,MO042-A24
MO042,MO042-A19,MO042-A23
MO042,MO042-A19,MO042-A21
MO042,MO042-A20,MO042-A30
MO042,MO042-A20,MO042-A29
MO042,MO042-A20,MO042-A28
MO042,MO042-A20,MO042-A27
MO042,MO042-A20,MO042-A26
MO042,MO042-A20,MO042-A25
MO042,MO042-A20,MO042-A24
MO042,MO042-A20,MO042-A23
MO042,MO042-A20,MO042-A21
MO042,MO042-A21,MO042-A30
MO042,MO042-A21,MO042-A27
MO042,MO042-A21,MO042-A26
MO042,MO042-A21,MO042-A25
MO042,MO042-A21,MO042-A23
MO042,MO042-A21,MO042-A22
MO042,MO042-A22,MO042-A30
MO042,MO042-A22,MO042-A29
MO042,MO042-A22,MO042-A27
MO042,MO042-A22,MO042-A26
MO042,MO042-A22,MO042-A25
MO042,MO042-A22,MO042-A24
MO042,MO042-A23,MO042-A30
MO042,MO042-A23,MO042-A29
MO042,MO042-A23,MO042-A28
MO042,MO042-A23,MO042-A26
MO042,MO042-A23,MO042-A24
MO042,MO042-A24,MO042-A30
MO042,MO042-A24,MO042-A26
MO042,MO042-A24,MO042-A25
MO042,MO042-A25,MO042-A30
MO042,MO042-A25,MO042-A29
MO042,MO042-A25,MO042-A27
MO042,MO042-A25,MO042-A26
MO042,MO042-A26,MO042-A30
MO042,MO042-A26,MO042-A28
MO042,MO042-A26,MO042-A27
MO042,MO042-A27,MO042-A30
MO042,MO042-A27,MO042-A29
MO042,MO042-A28,MO042-A30
MO042,MO042-A28,MO042-A29
MO042,MO042-A29,MO042-A30
MO043,MO043-A01,MO043-A29
MO043,MO043-A01,MO043-A28
MO043,MO043-A01,MO043-A27
MO043,MO043-A01,MO043-A26
MO043,MO043-A01,MO043-A12
MO043,MO043-A01,MO043-A11
MO043,MO043-A01,MO043-A10
MO043,MO043-A01,MO043-A09
MO043,MO043-A01,MO043-A08
MO043,MO043-A01,MO043-A07
MO043,MO043-A01,MO043-A06
MO043,MO043-A01,MO043-A05
MO043,MO043-A01,MO043-A04
MO043,MO043-A01,MO043-A03
MO043,MO043-A01,MO043-A02
MO043,MO043-A02,MO043-A09
MO043,MO043-A02,MO043-A04
MO043,MO043-A02,MO043-A03
MO043,MO043-A04,MO043-A09
MO043,MO043-A05,MO043-A12
MO043,MO043-A05,MO043-A11
MO043,MO043-A05,MO043-A10
MO043,MO043-A05,MO043-A08
MO043,MO043-A05,MO043-A07
MO043,MO043-A05,MO043-A06
MO043,MO043-A06,MO043-A12
MO043,MO043-A06,MO043-A11
MO043,MO043-A06,MO043-A10
MO043,MO043-A06,MO043-A08
MO043,MO043-A06,MO043-A07
MO043,MO043-A07,MO043-A12
MO043,MO043-A07,MO043-A11
MO043,MO043-A07,MO043-A10
MO043,MO043-A07,MO043-A09
MO043,MO043-A07,MO043-A08
MO043,MO043-A08,MO043-A12
MO043,MO043-A08,MO043-A11
MO043,MO043-A08,MO043-A10
MO043,MO043-A10,MO043-A12
MO043,MO043-A10,MO043-A11
MO043,MO043-A11,MO043-A12
MO043,MO043-A13,MO043-A25
MO043,MO043-A13,MO043-A24
MO043,MO043-A13,MO043-A23
MO043,MO043-A13,MO043-A22
MO043,MO043-A13,MO043-A21
MO043,MO043-A13,MO043-A20
MO043,MO043-A13,MO043-A19
MO043,MO043-A13,MO043-A18
MO043,MO043-A13,MO043-A17
MO043,MO043-A13,MO043-A16
MO043,MO043-A13,MO043-A15
MO043,MO043-A13,MO043-A14
MO043,MO043-A14,MO043-A25
MO043,MO043-A14,MO043-A24
MO043,MO043-A14,MO043-A23
MO043,MO043-A14,MO043-A22
MO043,MO043-A14,MO043-A21
MO043,MO043-A14,MO043-A20
MO043,MO043-A14,MO043-A19
MO043,MO043-A14,MO043-A18
MO043,MO043-A14,MO043-A17
MO043,MO043-A14,MO043-A16
MO043,MO043-A14,MO043-A15
MO043,MO043-A15,MO043-A25
MO043,MO043-A15,MO043-A24
MO043,MO043-A15,MO043-A23
MO043,MO043-A15,MO043-A22
MO043,MO043-A15,MO043-A21
MO043,MO043-A15,MO043-A20
MO043,MO043-A15,MO043-A19
MO043,MO043-A15,MO043-A18
MO043,MO043-A15,MO043-A17
MO043,MO043-A15,MO043-A16
MO043,MO043-A16,MO043-A25
MO043,MO043-A16,MO043-A24
MO043,MO043-A16,MO043-A23
MO043,MO043-A16,MO043-A22
MO043,MO043-A16,MO043-A21
MO043,MO043-A16,MO043-A20
MO043,MO043-A16,MO043-A19
MO043,MO043-A16,MO043-A18
MO043,MO043-A16,MO043-A17
MO043,MO043-A17,MO043-A25
MO043,MO043-A17,MO043-A24
MO043,MO043-A17,MO043-A23
MO043,MO043-A17,MO043-A22
MO043,MO043-A17,MO043-A21
MO043,MO043-A17,MO043-A20
MO043,MO043-A17,MO043-A19
MO043,MO043-A17,MO043-A18
MO043,MO043-A18,MO043-A25
MO043,MO043-A18,MO043-A24
MO043,MO043-A18,MO043-A23
MO043,MO043-A18,MO043-A22
MO043,MO043-A18,MO043-A21
MO043,MO043-A18,MO043-A20
MO043,MO043-A18,MO043-A19
MO043,MO043-A19,MO043-A25
MO043,MO043-A19,MO043-A24
MO043,MO043-A19,MO043-A23
MO043,MO043-A19,MO043-A22
MO043,MO043-A19,MO043-A21
MO043,MO043-A19,MO043-A20
MO043,MO043-A20,MO043-A25
MO043,MO043-A20,MO043-A24
MO043,MO043-A20,MO043-A23
MO043,MO043-A20,MO043-A22
MO043,MO043-A20,MO043-A21
MO043,MO043-A21,MO043-A25
MO043,MO043-A21,MO043-A24
MO043,MO043-A21,MO043-A23
MO043,MO043-A21,MO043-A22
MO043,MO043-A22,MO043-A25
MO043,MO043-A22,MO043-A24
MO043,MO043-A22,MO043-A23
MO043,MO043-A23,MO043-A25
MO043,MO043-A23,MO043-A24
MO043,MO043-A24,MO043-A25
MO043,MO043-A26,MO043-A30
MO043,MO043-A26,MO043-A29
MO043,MO043-A26,MO043-A28
MO043,MO043-A26,MO043-A27
MO043,MO043-A27,MO043-A30
MO043,MO043-A27,MO043-A29
MO043,MO043-A27,MO043-A28
MO043,MO043-A28,MO043-A30
MO043,MO043-A28,MO043-A29
MO043,MO043-A29,MO043-A30
MO044,MO044-A01,MO044-A30
MO044,MO044-A01,MO044-A29
MO044,MO044-A01,MO044-A28
MO044,MO044-A01,MO044-A27
MO044,MO044-A01,MO044-A25
MO044,MO044-A01,MO044-A24
MO044,MO044-A01,MO044-A23
MO044,MO044-A01,MO044-A22
MO044,MO044-A01,MO044-A16
MO044,MO044-A01,MO044-A13
MO044,MO044-A01,MO044-A12
MO044,MO044-A01,MO044-A11
MO044,MO044-A01,MO044-A10
MO044,MO044-A01,MO044-A09
MO044,MO044-A01,MO044-A08
MO044,MO044-A01,MO044-A07
MO044,MO044-A01,MO044-A06
MO044,MO044-A01,MO044-A05
MO044,MO044-A01,MO044-A04
MO044,MO044-A01,MO044-A03
MO044,MO044-A01,MO044-A02
MO044,MO044-A02,MO044-A30
MO044,MO044-A02,MO044-A29
MO044,MO044-A02,MO044-A28
MO044,MO044-A02,MO044-A27
MO044,MO044-A02,MO044-A26
MO044,MO044-A02,MO044-A25
MO044,MO044-A02,MO044-A24
MO044,MO044-A02,MO044-A22
MO044,MO044-A02,MO044-A17
MO044,MO044-A02,MO044-A15
MO044,MO044-A02,MO044-A14
MO044,MO044-A02,MO044-A13
MO044,MO044-A02,MO044-A12
MO044,MO044-A02,MO044-A11
MO044,MO044-A02,MO044-A10
MO044,MO044-A02,MO044-A09
MO044,MO044-A02,MO044-A08
MO044,MO044-A02,MO044-A07
MO044,MO044-A02,MO044-A06
MO044,MO044-A02,MO044-A05
MO044,MO044-A02,MO044-A04
MO044,MO044-A02,MO044-A03
MO044,MO044-A03,MO044-A30
MO044,MO044-A03,MO044-A29
MO044,MO044-A03,MO044-A28
MO044,MO044-A03,MO044-A27
MO044,MO044-A03,MO044-A26
MO044,MO044-A03,MO044-A25
MO044,MO044-A03,MO044-A24
MO044,MO044-A03,MO044-A23
MO044,MO044-A03,MO044-A22
MO044,MO044-A03,MO044-A21
MO044,MO044-A03,MO044-A20
MO044,MO044-A03,MO044-A19
MO044,MO044-A03,MO044-A16
MO044,MO044-A03,MO044-A15
MO044,MO044-A03,MO044-A14
MO044,MO044-A03,MO044-A13
MO044,MO044-A03,MO044-A12
MO044,MO044-A03,MO044-A11
MO044,MO044-A03,MO044-A10
MO044,MO044-A03,MO044-A09
MO044,MO044-A03,MO044-A08
MO044,MO044-A03,MO044-A07
MO044,MO044-A03,MO044-A05
MO044,MO044-A03,MO044-A04
MO044,MO044-A04,MO044-A30
MO044,MO044-A04,MO044-A28
MO044,MO044-A04,MO044-A27
MO044,MO044-A04,MO044-A26
MO044,MO044-A04,MO044-A25
MO044,MO044-A04,MO044-A24
MO044,MO044-A04,MO044-A23
MO044,MO044-A04,MO044-A22
MO044,MO044-A04,MO044-A21
MO044,MO044-A04,MO044-A20
MO044,MO044-A04,MO044-A19
MO044,MO044-A04,MO044-A18
MO044,MO044-A04,MO044-A17
MO044,MO044-A04,MO044-A16
MO044,MO044-A04,MO044-A15
MO044,MO044-A04,MO044-A14
MO044,MO044-A04,MO044-A13
MO044,MO044-A04,MO044-A12
MO044,MO044-A04,MO044-A11
MO044,MO044-A04,MO044-A10
MO044,MO044-A04,MO044-A09
MO044,MO044-A04,MO044-A07
MO044,MO044-A04,MO044-A06
MO044,MO044-A04,MO044-A05
MO044,MO044-A05,MO044-A30
MO044,MO044-A05,MO044-A29
MO044,MO044-A05,MO044-A28
MO044,MO044-A05,MO044-A27
MO044,MO044-A05,MO044-A26
MO044,MO044-A05,MO044-A25
MO044,MO044-A05,MO044-A24
MO044,MO044-A05,MO044-A23
MO044,MO044-A05,MO044-A22
MO044,MO044-A05,MO044-A21
MO044,MO044-A05,MO044-A20
MO044,MO044-A05,MO044-A19
MO044,MO044-A05,MO044-A18
MO044,MO044-A05,MO044-A17
MO044,MO044-A05,MO044-A16
MO044,MO044-A05,MO044-A15
MO044,MO044-A05,MO044-A14
MO044,MO044-A05,MO044-A13
MO044,MO044-A05,MO044-A12
MO044,MO044-A05,MO044-A11
MO044,MO044-A05,MO044-A10
MO044,MO044-A05,MO044-A09
MO044,MO044-A05,MO044-A08
MO044,MO044-A05,MO044-A07
MO044,MO044-A05,MO044-A06
MO044,MO044-A06,MO044-A30
MO044,MO044-A06,MO044-A29
MO044,MO044-A06,MO044-A28
MO044,MO044-A06,MO044-A27
MO044,MO044-A06,MO044-A26
MO044,MO044-A06,MO044-A25
MO044,MO044-A06,MO044-A24
MO044,MO044-A06,MO044-A23
MO044,MO044-A06,MO044-A22
MO044,MO044-A06,MO044-A21
MO044,MO044-A06,MO044-A20
MO044,MO044-A06,MO044-A19
MO044,MO044-A06,MO044-A18
MO044,MO044-A06,MO044-A17
MO044,MO044-A06,MO044-A16
MO044,MO044-A06,MO044-A15
MO044,MO044-A06,MO044-A14
MO044,MO044-A06,MO044-A13
MO044,MO044-A06,MO044-A12
MO044,MO044-A06,MO044-A11
MO044,MO044-A06,MO044-A10
MO044,MO044-A06,MO044-A09
MO044,MO044-A06,MO044-A08
MO044,MO044-A06,MO044-A07
MO044,MO044-A07,MO044-A30
MO044,MO044-A07,MO044-A29
MO044,MO044-A07,MO044-A28
MO044,MO044-A07,MO044-A27
MO044,MO044-A07,MO044-A26
MO044,MO044-A07,MO044-A25
MO044,MO044-A07,MO044-A24
MO044,MO044-A07,MO044-A23
MO044,MO044-A07,MO044-A22
MO044,MO044-A07,MO044-A21
MO044,MO044-A07,MO044-A20
MO044,MO044-A07,MO044-A19
MO044,MO044-A07,MO044-A18
MO044,MO044-A07,MO044-A17
MO044,MO044-A07,MO044-A16
MO044,MO044-A07,MO044-A15
MO044,MO044-A07,MO044-A14
MO044,MO044-A07,MO044-A13
MO044,MO044-A07,MO044-A12
MO044,MO044-A07,MO044-A11
MO044,MO044-A07,MO044-A10
MO044,MO044-A07,MO044-A09
MO044,MO044-A07,MO044-A08
MO044,MO044-A08,MO044-A30
MO044,MO044-A08,MO044-A29
MO044,MO044-A08,MO044-A28
MO044,MO044-A08,MO044-A27
MO044,MO044-A08,MO044-A26
MO044,MO044-A08,MO044-A25
MO044,MO044-A08,MO044-A24
MO044,MO044-A08,MO044-A23
MO044,MO044-A08,MO044-A22
MO044,MO044-A08,MO044-A21
MO044,MO044-A08,MO044-A20
MO044,MO044-A08,MO044-A19
MO044,MO044-A08,MO044-A18
MO044,MO044-A08,MO044-A17
MO044,MO044-A08,MO044-A16
MO044,MO044-A08,MO044-A15
MO044,MO044-A08,MO044-A14
MO044,MO044-A08,MO044-A13
MO044,MO044-A08,MO044-A12
MO044,MO044-A08,MO044-A11
MO044,MO044-A08,MO044-A10
MO044,MO044-A08,MO044-A09
MO044,MO044-A09,MO044-A30
MO044,MO044-A09,MO044-A29
MO044,MO044-A09,MO044-A28
MO044,MO044-A09,MO044-A27
MO044,MO044-A09,MO044-A26
MO044,MO044-A09,MO044-A25
MO044,MO044-A09,MO044-A24
MO044,MO044-A09,MO044-A23
MO044,MO044-A09,MO044-A22
MO044,MO044-A09,MO044-A21
MO044,MO044-A09,MO044-A20
MO044,MO044-A09,MO044-A19
MO044,MO044-A09,MO044-A18
MO044,MO044-A09,MO044-A17
MO044,MO044-A09,MO044-A16
MO044,MO044-A09,MO044-A15
MO044,MO044-A09,MO044-A14
MO044,MO044-A09,MO044-A13
MO044,MO044-A09,MO044-A12
MO044,MO044-A09,MO044-A11
MO044,MO044-A09,MO044-A10
MO044,MO044-A10,MO044-A30
MO044,MO044-A10,MO044-A29
MO044,MO044-A10,MO044-A28
MO044,MO044-A10,MO044-A27
MO044,MO044-A10,MO044-A26
MO044,MO044-A10,MO044-A25
MO044,MO044-A10,MO044-A24
MO044,MO044-A10,MO044-A23
MO044,MO044-A10,MO044-A22
MO044,MO044-A10,MO044-A21
MO044,MO044-A10,MO044-A20
MO044,MO044-A10,MO044-A19
MO044,MO044-A10,MO044-A18
MO044,MO044-A10,MO044-A17
MO044,MO044-A10,MO044-A16
MO044,MO044-A10,MO044-A15
MO044,MO044-A10,MO044-A14
MO044,MO044-A10,MO044-A13
MO044,MO044-A10,MO044-A12
MO044,MO044-A10,MO044-A11
MO044,MO044-A11,MO044-A30
MO044,MO044-A11,MO044-A29
MO044,MO044-A11,MO044-A28
MO044,MO044-A11,MO044-A27
MO044,MO044-A11,MO044-A26
MO044,MO044-A11,MO044-A25
MO044,MO044-A11,MO044-A24
MO044,MO044-A11,MO044-A23
MO044,MO044-A11,MO044-A22
MO044,MO044-A11,MO044-A20
MO044,MO044-A11,MO044-A19
MO044,MO044-A11,MO044-A18
MO044,MO044-A11,MO044-A16
MO044,MO044-A11,MO044-A15
MO044,MO044-A11,MO044-A14
MO044,MO044-A11,MO044-A13
MO044,MO044-A11,MO044-A12
MO044,MO044-A12,MO044-A30
MO044,MO044-A12,MO044-A29
MO044,MO044-A12,MO044-A28
MO044,MO044-A12,MO044-A27
MO044,MO044-A12,MO044-A26
MO044,MO044-A12,MO044-A25
MO044,MO044-A12,MO044-A24
MO044,MO044-A12,MO044-A23
MO044,MO044-A12,MO044-A22
MO044,MO044-A12,MO044-A21
MO044,MO044-A12,MO044-A20
MO044,MO044-A12,MO044-A19
MO044,MO044-A12,MO044-A18
MO044,MO044-A12,MO044-A17
MO044,MO044-A12,MO044-A16
MO044,MO044-A12,MO044-A15
MO044,MO044-A12,MO044-A14
MO044,MO044-A13,MO044-A30
MO044,MO044-A13,MO044-A29
MO044,MO044-A13,MO044-A28
MO044,MO044-A13,MO044-A27
MO044,MO044-A13,MO044-A26
MO044,MO044-A13,MO044-A25
MO044,MO044-A13,MO044-A24
MO044,MO044-A13,MO044-A23
MO044,MO044-A13,MO044-A22
MO044,MO044-A13,MO044-A20
MO044,MO044-A13,MO044-A19
MO044,MO044-A13,MO044-A18
MO044,MO044-A13,MO044-A17
MO044,MO044-A13,MO044-A16
MO044,MO044-A13,MO044-A15
MO044,MO044-A13,MO044-A14
MO044,MO044-A14,MO044-A30
MO044,MO044-A14,MO044-A29
MO044,MO044-A14,MO044-A28
MO044,MO044-A14,MO044-A27
MO044,MO044-A14,MO044-A26
MO044,MO044-A14,MO044-A25
MO044,MO044-A14,MO044-A24
MO044,MO044-A14,MO044-A23
MO044,MO044-A14,MO044-A22
MO044,MO044-A14,MO044-A21
MO044,MO044-A14,MO044-A20
MO044,MO044-A14,MO044-A19
MO044,MO044-A14,MO044-A18
MO044,MO044-A14,MO044-A17
MO044,MO044-A14,MO044-A16
MO044,MO044-A14,MO044-A15
MO044,MO044-A15,MO044-A30
MO044,MO044-A15,MO044-A29
MO044,MO044-A15,MO044-A28
MO044,MO044-A15,MO044-A27
MO044,MO044-A15,MO044-A26
MO044,MO044-A15,MO044-A25
MO044,MO044-A15,MO044-A24
MO044,MO044-A15,MO044-A23
MO044,MO044-A15,MO044-A21
MO044,MO044-A15,MO044-A20
MO044,MO044-A15,MO044-A19
MO044,MO044-A15,MO044-A18
MO044,MO044-A15,MO044-A17
MO044,MO044-A16,MO044-A30
MO044,MO044-A16,MO044-A29
MO044,MO044-A16,MO044-A28
MO044,MO044-A16,MO044-A27
MO044,MO044-A16,MO044-A26
MO044,MO044-A16,MO044-A25
MO044,MO044-A16,MO044-A24
MO044,MO044-A16,MO044-A23
MO044,MO044-A16,MO044-A22
MO044,MO044-A16,MO044-A21
MO044,MO044-A16,MO044-A20
MO044,MO044-A16,MO044-A19
MO044,MO044-A16,MO044-A18
MO044,MO044-A16,MO044-A17
MO044,MO044-A17,MO044-A30
MO044,MO044-A17,MO044-A29
MO044,MO044-A17,MO044-A28
MO044,MO044-A17,MO044-A27
MO044,MO044-A17,MO044-A26
MO044,MO044-A17,MO044-A25
MO044,MO044-A17,MO044-A24
MO044,MO044-A17,MO044-A23
MO044,MO044-A17,MO044-A22
MO044,MO044-A17,MO044-A20
MO044,MO044-A17,MO044-A19
MO044,MO044-A17,MO044-A18
MO044,MO044-A18,MO044-A30
MO044,MO044-A18,MO044-A29
MO044,MO044-A18,MO044-A28
MO044,MO044-A18,MO044-A27
MO044,MO044-A18,MO044-A26
MO044,MO044-A18,MO044-A25
MO044,MO044-A18,MO044-A24
MO044,MO044-A18,MO044-A23
MO044,MO044-A18,MO044-A22
MO044,MO044-A18,MO044-A21
MO044,MO044-A18,MO044-A20
MO044,MO044-A18,MO044-A19
MO044,MO044-A19,MO044-A30
MO044,MO044-A19,MO044-A29
MO044,MO044-A19,MO044-A28
MO044,MO044-A19,MO044-A27
MO044,MO044-A19,MO044-A26
MO044,MO044-A19,MO044-A25
MO044,MO044-A19,MO044-A24
MO044,MO044-A19,MO044-A23
MO044,MO044-A19,MO044-A22
MO044,MO044-A19,MO044-A21
MO044,MO044-A19,MO044-A20
MO044,MO044-A20,MO044-A30
MO044,MO044-A20,MO044-A29
MO044,MO044-A20,MO044-A28
MO044,MO044-A20,MO044-A27
MO044,MO044-A20,MO044-A26
MO044,MO044-A20,MO044-A25
MO044,MO044-A20,MO044-A24
MO044,MO044-A20,MO044-A23
MO044,MO044-A20,MO044-A22
MO044,MO044-A20,MO044-A21
MO044,MO044-A21,MO044-A30
MO044,MO044-A21,MO044-A28
MO044,MO044-A21,MO044-A27
MO044,MO044-A21,MO044-A26
MO044,MO044-A21,MO044-A25
MO044,MO044-A21,MO044-A24
MO044,MO044-A21,MO044-A23
MO044,MO044-A21,MO044-A22
MO044,MO044-A22,MO044-A30
MO044,MO044-A22,MO044-A29
MO044,MO044-A22,MO044-A28
MO044,MO044-A22,MO044-A27
MO044,MO044-A22,MO044-A26
MO044,MO044-A22,MO044-A25
MO044,MO044-A22,MO044-A24
MO044,MO044-A22,MO044-A23
MO044,MO044-A23,MO044-A30
MO044,MO044-A23,MO044-A29
MO044,MO044-A23,MO044-A28
MO044,MO044-A23,MO044-A27
MO044,MO044-A23,MO044-A26
MO044,MO044-A23,MO044-A25
MO044,MO044-A23,MO044-A24
MO044,MO044-A24,MO044-A30
MO044,MO044-A24,MO044-A29
MO044,MO044-A24,MO044-A28
MO044,MO044-A24,MO044-A27
MO044,MO044-A24,MO044-A26
MO044,MO044-A24,MO044-A25
MO044,MO044-A25,MO044-A30
MO044,MO044-A25,MO044-A29
MO044,MO044-A25,MO044-A28
MO044,MO044-A25,MO044-A27
MO044,MO044-A25,MO044-A26
MO044,MO044-A26,MO044-A30
MO044,MO044-A26,MO044-A29
MO044,MO044-A26,MO044-A28
MO044,MO044-A26,MO044-A27
MO044,MO044-A27,MO044-A30
MO044,MO044-A27,MO044-A29
MO044,MO044-A27,MO044-A28
MO044,MO044-A28,MO044-A30
MO044,MO044-A28,MO044-A29
MO044,MO044-A29,MO044-A30
MO045,MO045-A01,MO045-A30
MO045,MO045-A01,MO045-A29
MO045,MO045-A01,MO045-A28
MO045,MO045-A01,MO045-A27
MO045,MO045-A01,MO045-A26
MO045,MO045-A01,MO045-A25
MO045,MO045-A01,MO045-A24
MO045,MO045-A01,MO045-A22
MO045,MO045-A01,MO045-A20
MO045,MO045-A01,MO045-A18
MO045,MO045-A01,MO045-A17
MO045,MO045-A01,MO045-A16
MO045,MO045-A01,MO045-A15
MO045,MO045-A01,MO045-A14
MO045,MO045-A01,MO045-A13
MO045,MO045-A01,MO045-A12
MO045,MO045-A01,MO045-A11
MO045,MO045-A01,MO045-A10
MO045,MO045-A01,MO045-A09
MO045,MO045-A01,MO045-A08
MO045,MO045-A01,MO045-A07
MO045,MO045-A01,MO045-A06
MO045,MO045-A01,MO045-A05
MO045,MO045-A01,MO045-A04
MO045,MO045-A01,MO045-A03
MO045,MO045-A01,MO045-A02
MO045,MO045-A02,MO045-A30
MO045,MO045-A02,MO045-A29
MO045,MO045-A02,MO045-A28
MO045,MO045-A02,MO045-A24
MO045,MO045-A02,MO045-A22
MO045,MO045-A02,MO045-A18
MO045,MO045-A02,MO045-A14
MO045,MO045-A02,MO045-A13
MO045,MO045-A02,MO045-A12
MO045,MO045-A02,MO045-A11
MO045,MO045-A02,MO045-A10
MO045,MO045-A02,MO045-A09
MO045,MO045-A02,MO045-A08
MO045,MO045-A02,MO045-A07
MO045,MO045-A02,MO045-A06
MO045,MO045-A02,MO045-A05
MO045,MO045-A02,MO045-A04
MO045,MO045-A02,MO045-A03
MO045,MO045-A03,MO045-A29
MO045,MO045-A03,MO045-A28
MO045,MO045-A03,MO045-A25
MO045,MO045-A03,MO045-A24
MO045,MO045-A03,MO045-A23
MO045,MO045-A03,MO045-A22
MO045,MO045-A03,MO045-A21
MO045,MO045-A03,MO045-A20
MO045,MO045-A03,MO045-A19
MO045,MO045-A03,MO045-A18
MO045,MO045-A03,MO045-A17
MO045,MO045-A03,MO045-A16
MO045,MO045-A03,MO045-A15
MO045,MO045-A03,MO045-A14
MO045,MO045-A03,MO045-A13
MO045,MO045-A03,MO045-A12
MO045,MO045-A03,MO045-A11
MO045,MO045-A03,MO045-A10
MO045,MO045-A03,MO045-A09
MO045,MO045-A03,MO045-A08
MO045,MO045-A03,MO045-A07
MO045,MO045-A03,MO045-A06
MO045,MO045-A03,MO045-A05
MO045,MO045-A03,MO045-A04
MO045,MO045-A04,MO045-A30
MO045,MO045-A04,MO045-A29
MO045,MO045-A04,MO045-A28
MO045,MO045-A04,MO045-A27
MO045,MO045-A04,MO045-A26
MO045,MO045-A04,MO045-A25
MO045,MO045-A04,MO045-A24
MO045,MO045-A04,MO045-A23
MO045,MO045-A04,MO045-A22
MO045,MO045-A04,MO045-A21
MO045,MO045-A04,MO045-A20
MO045,MO045-A04,MO045-A19
MO045,MO045-A04,MO045-A18
MO045,MO045-A04,MO045-A17
MO045,MO045-A04,MO045-A16
MO045,MO045-A04,MO045-A15
MO045,MO045-A04,MO045-A14
MO045,MO045-A04,MO045-A13
MO045,MO045-A04,MO045-A12
MO045,MO045-A04,MO045-A11
MO045,MO045-A04,MO045-A10
MO045,MO045-A04,MO045-A09
MO045,MO045-A04,MO045-A08
MO045,MO045-A04,MO045-A07
MO045,MO045-A04,MO045-A06
MO045,MO045-A04,MO045-A05
MO045,MO045-A05,MO045-A30
MO045,MO045-A05,MO045-A29
MO045,MO045-A05,MO045-A28
MO045,MO045-A05,MO045-A27
MO045,MO045-A05,MO045-A26
MO045,MO045-A05,MO045-A25
MO045,MO045-A05,MO045-A24
MO045,MO045-A05,MO045-A23
MO045,MO045-A05,MO045-A22
MO045,MO045-A05,MO045-A21
MO045,MO045-A05,MO045-A20
MO045,MO045-A05,MO045-A19
MO045,MO045-A05,MO045-A18
MO045,MO045-A05,MO045-A17
MO045,MO045-A05,MO045-A16
MO045,MO045-A05,MO045-A15
MO045,MO045-A05,MO045-A14
MO045,MO045-A05,MO045-A13
MO045,MO045-A05,MO045-A12
MO045,MO045-A05,MO045-A11
MO045,MO045-A05,MO045-A10
MO045,MO045-A05,MO045-A09
MO045,MO045-A05,MO045-A08
MO045,MO045-A05,MO045-A07
MO045,MO045-A05,MO045-A06
MO045,MO045-A06,MO045-A30
MO045,MO045-A06,MO045-A29
MO045,MO045-A06,MO045-A28
MO045,MO045-A06,MO045-A27
MO045,MO045-A06,MO045-A26
MO045,MO045-A06,MO045-A25
MO045,MO045-A06,MO045-A24
MO045,MO045-A06,MO045-A23
MO045,MO045-A06,MO045-A22
MO045,MO045-A06,MO045-A21
MO045,MO045-A06,MO045-A20
MO045,MO045-A06,MO045-A19
MO045,MO045-A06,MO045-A18
MO045,MO045-A06,MO045-A17
MO045,MO045-A06,MO045-A16
MO045,MO045-A06,MO045-A15
MO045,MO045-A06,MO045-A14
MO045,MO045-A06,MO045-A13
MO045,MO045-A06,MO045-A12
MO045,MO045-A06,MO045-A11
MO045,MO045-A06,MO045-A10
MO045,MO045-A06,MO045-A09
MO045,MO045-A06,MO045-A08
MO045,MO045-A06,MO045-A07
MO045,MO045-A07,MO045-A30
MO045,MO045-A07,MO045-A29
MO045,MO045-A07,MO045-A28
MO045,MO045-A07,MO045-A27
MO045,MO045-A07,MO045-A26
MO045,MO045-A07,MO045-A25
MO045,MO045-A07,MO045-A24
MO045,MO045-A07,MO045-A23
MO045,MO045-A07,MO045-A22
MO045,MO045-A07,MO045-A21
MO045,MO045-A07,MO045-A20
MO045,MO045-A07,MO045-A19
MO045,MO045-A07,MO045-A18
MO045,MO045-A07,MO045-A17
MO045,MO045-A07,MO045-A16
MO045,MO045-A07,MO045-A15
MO045,MO045-A07,MO045-A14
MO045,MO045-A07,MO045-A13
MO045,MO045-A07,MO045-A12
MO045,MO045-A07,MO045-A11
MO045,MO045-A07,MO045-A10
MO045,MO045-A07,MO045-A09
MO045,MO045-A07,MO045-A08
MO045,MO045-A08,MO045-A30
MO045,MO045-A08,MO045-A29
MO045,MO045-A08,MO045-A28
MO045,MO045-A08,MO045-A27
MO045,MO045-A08,MO045-A26
MO045,MO045-A08,MO045-A25
MO045,MO045-A08,MO045-A24
MO045,MO045-A08,MO045-A23
MO045,MO045-A08,MO045-A22
MO045,MO045-A08,MO045-A21
MO045,MO045-A08,MO045-A20
MO045,MO045-A08,MO045-A19
MO045,MO045-A08,MO045-A18
MO045,MO045-A08,MO045-A17
MO045,MO045-A08,MO045-A16
MO045,MO045-A08,MO045-A15
MO045,MO045-A08,MO045-A14
MO045,MO045-A08,MO045-A13
MO045,MO045-A08,MO045-A12
MO045,MO045-A08,MO045-A11
MO045,MO045-A08,MO045-A10
MO045,MO045-A08,MO045-A09
MO045,MO045-A09,MO045-A30
MO045,MO045-A09,MO045-A29
MO045,MO045-A09,MO045-A28
MO045,MO045-A09,MO045-A27
MO045,MO045-A09,MO045-A26
MO045,MO045-A09,MO045-A25
MO045,MO045-A09,MO045-A24
MO045,MO045-A09,MO045-A23
MO045,MO045-A09,MO045-A22
MO045,MO045-A09,MO045-A21
MO045,MO045-A09,MO045-A20
MO045,MO045-A09,MO045-A19
MO045,MO045-A09,MO045-A18
MO045,MO045-A09,MO045-A17
MO045,MO045-A09,MO045-A16
MO045,MO045-A09,MO045-A15
MO045,MO045-A09,MO045-A14
MO045,MO045-A09,MO045-A13
MO045,MO045-A09,MO045-A12
MO045,MO045-A09,MO045-A11
MO045,MO045-A09,MO045-A10
MO045,MO045-A10,MO045-A30
MO045,MO045-A10,MO045-A29
MO045,MO045-A10,MO045-A28
MO045,MO045-A10,MO045-A27
MO045,MO045-A10,MO045-A26
MO045,MO045-A10,MO045-A25
MO045,MO045-A10,MO045-A24
MO045,MO045-A10,MO045-A23
MO045,MO045-A10,MO045-A22
MO045,MO045-A10,MO045-A21
MO045,MO045-A10,MO045-A20
MO045,MO045-A10,MO045-A19
MO045,MO045-A10,MO045-A18
MO045,MO045-A10,MO045-A17
MO045,MO045-A10,MO045-A16
MO045,MO045-A10,MO045-A15
MO045,MO045-A10,MO045-A14
MO045,MO045-A10,MO045-A13
MO045,MO045-A10,MO045-A12
MO045,MO045-A11,MO045-A30
MO045,MO045-A11,MO045-A29
MO045,MO045-A11,MO045-A28
MO045,MO045-A11,MO045-A27
MO045,MO045-A11,MO045-A26
MO045,MO045-A11,MO045-A25
MO045,MO045-A11,MO045-A24
MO045,MO045-A11,MO045-A23
MO045,MO045-A11,MO045-A22
MO045,MO045-A11,MO045-A20
MO045,MO045-A11,MO045-A19
MO045,MO045-A11,MO045-A17
MO045,MO045-A11,MO045-A16
MO045,MO045-A11,MO045-A15
MO045,MO045-A11,MO045-A14
MO045,MO045-A11,MO045-A13
MO045,MO045-A11,MO045-A12
MO045,MO045-A12,MO045-A30
MO045,MO045-A12,MO045-A29
MO045,MO045-A12,MO045-A28
MO045,MO045-A12,MO045-A27
MO045,MO045-A12,MO045-A25
MO045,MO045-A12,MO045-A23
MO045,MO045-A12,MO045-A19
MO045,MO045-A12,MO045-A17
MO045,MO045-A12,MO045-A16
MO045,MO045-A12,MO045-A15
MO045,MO045-A12,MO045-A14
MO045,MO045-A12,MO045-A13
MO045,MO045-A13,MO045-A30
MO045,MO045-A13,MO045-A27
MO045,MO045-A13,MO045-A26
MO045,MO045-A13,MO045-A25
MO045,MO045-A13,MO045-A24
MO045,MO045-A13,MO045-A23
MO045,MO045-A13,MO045-A22
MO045,MO045-A13,MO045-A21
MO045,MO045-A13,MO045-A20
MO045,MO045-A13,MO045-A19
MO045,MO045-A13,MO045-A18
MO045,MO045-A13,MO045-A17
MO045,MO045-A13,MO045-A16
MO045,MO045-A13,MO045-A15
MO045,MO045-A13,MO045-A14
MO045,MO045-A14,MO045-A30
MO045,MO045-A14,MO045-A29
MO045,MO045-A14,MO045-A28
MO045,MO045-A14,MO045-A27
MO045,MO045-A14,MO045-A26
MO045,MO045-A14,MO045-A25
MO045,MO045-A14,MO045-A24
MO045,MO045-A14,MO045-A23
MO045,MO045-A14,MO045-A22
MO045,MO045-A14,MO045-A21
MO045,MO045-A14,MO045-A20
MO045,MO045-A14,MO045-A19
MO045,MO045-A14,MO045-A18
MO045,MO045-A14,MO045-A17
MO045,MO045-A14,MO045-A16
MO045,MO045-A14,MO045-A15
MO045,MO045-A15,MO045-A30
MO045,MO045-A15,MO045-A29
MO045,MO045-A15,MO045-A28
MO045,MO045-A15,MO045-A27
MO045,MO045-A15,MO045-A26
MO045,MO045-A15,MO045-A25
MO045,MO045-A15,MO045-A24
MO045,MO045-A15,MO045-A23
MO045,MO045-A15,MO045-A22
MO045,MO045-A15,MO045-A21
MO045,MO045-A15,MO045-A20
MO045,MO045-A15,MO045-A19
MO045,MO045-A15,MO045-A18
MO045,MO045-A15,MO045-A17
MO045,MO045-A15,MO045-A16
MO045,MO045-A16,MO045-A30
MO045,MO045-A16,MO045-A29
MO045,MO045-A16,MO045-A28
MO045,MO045-A16,MO045-A27
MO045,MO045-A16,MO045-A26
MO045,MO045-A16,MO045-A25
MO045,MO045-A16,MO045-A24
MO045,MO045-A16,MO045-A23
MO045,MO045-A16,MO045-A22
MO045,MO045-A16,MO045-A21
MO045,MO045-A16,MO045-A20
MO045,MO045-A16,MO045-A19
MO045,MO045-A16,MO045-A18
MO045,MO045-A16,MO045-A17
MO045,MO045-A17,MO045-A30
MO045,MO045-A17,MO045-A29
MO045,MO045-A17,MO045-A28
MO045,MO045-A17,MO045-A27
MO045,MO045-A17,MO045-A26
MO045,MO045-A17,MO045-A25
MO045,MO045-A17,MO045-A24
MO045,MO045-A17,MO045-A23
MO045,MO045-A17,MO045-A22
MO045,MO045-A17,MO045-A21
MO045,MO045-A17,MO045-A20
MO045,MO045-A17,MO045-A19
MO045,MO045-A17,MO045-A18
MO045,MO045-A18,MO045-A30
MO045,MO045-A18,MO045-A29
MO045,MO045-A18,MO045-A28
MO045,MO045-A18,MO045-A27
MO045,MO045-A18,MO045-A26
MO045,MO045-A18,MO045-A25
MO045,MO045-A18,MO045-A24
MO045,MO045-A18,MO045-A23
MO045,MO045-A18,MO045-A22
MO045,MO045-A18,MO045-A21
MO045,MO045-A18,MO045-A20
MO045,MO045-A18,MO045-A19
MO045,MO045-A19,MO045-A28
MO045,MO045-A19,MO045-A26
MO045,MO045-A19,MO045-A25
MO045,MO045-A19,MO045-A24
MO045,MO045-A19,MO045-A23
MO045,MO045-A19,MO045-A22
MO045,MO045-A19,MO045-A21
MO045,MO045-A19,MO045-A20
MO045,MO045-A20,MO045-A30
MO045,MO045-A20,MO045-A29
MO045,MO045-A20,MO045-A28
MO045,MO045-A20,MO045-A27
MO045,MO045-A20,MO045-A26
MO045,MO045-A20,MO045-A25
MO045,MO045-A20,MO045-A24
MO045,MO045-A20,MO045-A23
MO045,MO045-A20,MO045-A22
MO045,MO045-A20,MO045-A21
MO045,MO045-A21,MO045-A30
MO045,MO045-A21,MO045-A29
MO045,MO045-A21,MO045-A28
MO045,MO045-A21,MO045-A27
MO045,MO045-A21,MO045-A26
MO045,MO045-A21,MO045-A25
MO045,MO045-A21,MO045-A24
MO045,MO045-A21,MO045-A23
MO045,MO045-A21,MO045-A22
MO045,MO045-A22,MO045-A30
MO045,MO045-A22,MO045-A29
MO045,MO045-A22,MO045-A28
MO045,MO045-A22,MO045-A27
MO045,MO045-A22,MO045-A26
MO045,MO045-A22,MO045-A25
MO045,MO045-A22,MO045-A24
MO045,MO045-A22,MO045-A23
MO045,MO045-A23,MO045-A28
MO045,MO045-A23,MO045-A27
MO045,MO045-A23,MO045-A26
MO045,MO045-A23,MO045-A25
MO045,MO045-A23,MO045-A24
MO045,MO045-A24,MO045-A30
MO045,MO045-A24,MO045-A29
MO045,MO045-A24,MO045-A28
MO045,MO045-A24,MO045-A27
MO045,MO045-A24,MO045-A26
MO045,MO045-A24,MO045-A25
MO045,MO045-A25,MO045-A27
MO045,MO045-A25,MO045-A26
MO045,MO045-A26,MO045-A28
MO045,MO045-A26,MO045-A27
MO045,MO045-A27,MO045-A30
MO045,MO045-A27,MO045-A29
MO045,MO045-A27,MO045-A28
MO045,MO045-A28,MO045-A30
MO045,MO045-A28,MO045-A29
MO045,MO045-A29,MO045-A30
FR046,FR046-A01,FR046-A29
FR046,FR046-A01,FR046-A10
FR046,FR046-A01,FR046-A09
FR046,FR046-A01,FR046-A02
FR046,FR046-A02,FR046-A29
FR046,FR046-A02,FR046-A04
FR046,FR046-A02,FR046-A03
FR046,FR046-A03,FR046-A29
FR046,FR046-A03,FR046-A04
FR046,FR046-A04,FR046-A29
FR046,FR046-A05,FR046-A29
FR046,FR046-A05,FR046-A09
FR046,FR046-A06,FR046-A29
FR046,FR046-A06,FR046-A10
FR046,FR046-A06,FR046-A09
FR046,FR046-A06,FR046-A08
FR046,FR046-A06,FR046-A07
FR046,FR046-A07,FR046-A29
FR046,FR046-A07,FR046-A24
FR046,FR046-A07,FR046-A18
FR046,FR046-A07,FR046-A10
FR046,FR046-A07,FR046-A09
FR046,FR046-A07,FR046-A08
FR046,FR046-A08,FR046-A29
FR046,FR046-A08,FR046-A24
FR046,FR046-A08,FR046-A10
FR046,FR046-A08,FR046-A09
FR046,FR046-A09,FR046-A29
FR046,FR046-A09,FR046-A28
FR046,FR046-A09,FR046-A26
FR046,FR046-A09,FR046-A19
FR046,FR046-A09,FR046-A12
FR046,FR046-A09,FR046-A11
FR046,FR046-A09,FR046-A10
FR046,FR046-A10,FR046-A29
FR046,FR046-A10,FR046-A26
FR046,FR046-A10,FR046-A19
FR046,FR046-A11,FR046-A29
FR046,FR046-A11,FR046-A28
FR046,FR046-A11,FR046-A26
FR046,FR046-A11,FR046-A12
FR046,FR046-A12,FR046-A26
FR046,FR046-A13,FR046-A30
FR046,FR046-A13,FR046-A29
FR046,FR046-A13,FR046-A14
FR046,FR046-A14,FR046-A29
FR046,FR046-A15,FR046-A29
FR046,FR046-A16,FR046-A29
FR046,FR046-A17,FR046-A29
FR046,FR046-A17,FR046-A22
FR046,FR046-A20,FR046-A29
FR046,FR046-A20,FR046-A26
FR046,FR046-A21,FR046-A29
FR046,FR046-A22,FR046-A29
FR046,FR046-A22,FR046-A25
FR046,FR046-A22,FR046-A24
FR046,FR046-A22,FR046-A23
FR046,FR046-A23,FR046-A29
FR046,FR046-A23,FR046-A25
FR046,FR046-A23,FR046-A24
FR046,FR046-A24,FR046-A29
FR046,FR046-A24,FR046-A25
FR046,FR046-A25,FR046-A29
FR046,FR046-A26,FR046-A29
FR046,FR046-A27,FR046-A29
FR046,FR046-A28,FR046-A29
FR047,FR047-A01,FR047-A24
FR047,FR047-A01,FR047-A21
FR047,FR047-A01,FR047-A20
FR047,FR047-A01,FR047-A19
FR047,FR047-A01,FR047-A11
FR047,FR047-A01,FR047-A10
FR047,FR047-A01,FR047-A09
FR047,FR047-A01,FR047-A08
FR047,FR047-A01,FR047-A07
FR047,FR047-A01,FR047-A06
FR047,FR047-A01,FR047-A05
FR047,FR047-A01,FR047-A04
FR047,FR047-A01,FR047-A03
FR047,FR047-A01,FR047-A02
FR047,FR047-A02,FR047-A07
FR047,FR047-A02,FR047-A06
FR047,FR047-A02,FR047-A05
FR047,FR047-A03,FR047-A24
FR047,FR047-A03,FR047-A21
FR047,FR047-A03,FR047-A20
FR047,FR047-A03,FR047-A19
FR047,FR047-A03,FR047-A17
FR047,FR047-A03,FR047-A16
FR047,FR047-A03,FR047-A15
FR047,FR047-A03,FR047-A14
FR047,FR047-A03,FR047-A13
FR047,FR047-A03,FR047-A12
FR047,FR047-A03,FR047-A11
FR047,FR047-A03,FR047-A10
FR047,FR047-A03,FR047-A09
FR047,FR047-A03,FR047-A08
FR047,FR047-A03,FR047-A07
FR047,FR047-A03,FR047-A06
FR047,FR047-A03,FR047-A05
FR047,FR047-A03,FR047-A04
FR047,FR047-A04,FR047-A21
FR047,FR047-A05,FR047-A30
FR047,FR047-A05,FR047-A29
FR047,FR047-A05,FR047-A28
FR047,FR047-A05,FR047-A27
FR047,FR047-A05,FR047-A26
FR047,FR047-A05,FR047-A21
FR047,FR047-A05,FR047-A20
FR047,FR047-A05,FR047-A19
FR047,FR047-A05,FR047-A18
FR047,FR047-A05,FR047-A17
FR047,FR047-A05,FR047-A16
FR047,FR047-A05,FR047-A15
FR047,FR047-A05,FR047-A14
FR047,FR047-A05,FR047-A13
FR047,FR047-A05,FR047-A12
FR047,FR047-A05,FR047-A11
FR047,FR047-A05,FR047-A10
FR047,FR047-A05,FR047-A09
FR047,FR047-A05,FR047-A08
FR047,FR047-A05,FR047-A07
FR047,FR047-A05,FR047-A06
FR047,FR047-A06,FR047-A08
FR047,FR047-A06,FR047-A07
FR047,FR047-A07,FR047-A08
FR047,FR047-A09,FR047-A28
FR047,FR047-A09,FR047-A27
FR047,FR047-A09,FR047-A26
FR047,FR047-A09,FR047-A25
FR047,FR047-A09,FR047-A20
FR047,FR047-A09,FR047-A19
FR047,FR047-A09,FR047-A18
FR047,FR047-A09,FR047-A17
FR047,FR047-A09,FR047-A16
FR047,FR047-A09,FR047-A15
FR047,FR047-A09,FR047-A14
FR047,FR047-A09,FR047-A13
FR047,FR047-A09,FR047-A10
FR047,FR047-A11,FR047-A27
FR047,FR047-A13,FR047-A28
FR047,FR047-A13,FR047-A27
FR047,FR047-A13,FR047-A26
FR047,FR047-A13,FR047-A25
FR047,FR047-A13,FR047-A20
FR047,FR047-A13,FR047-A19
FR047,FR047-A13,FR047-A18
FR047,FR047-A13,FR047-A17
FR047,FR047-A13,FR047-A16
FR047,FR047-A13,FR047-A15
FR047,FR047-A13,FR047-A14
FR047,FR047-A14,FR047-A28
FR047,FR047-A14,FR047-A27
FR047,FR047-A14,FR047-A26
FR047,FR047-A14,FR047-A20
FR047,FR047-A14,FR047-A19
FR047,FR047-A14,FR047-A18
FR047,FR047-A14,FR047-A17
FR047,FR047-A14,FR047-A16
FR047,FR047-A14,FR047-A15
FR047,FR047-A15,FR047-A28
FR047,FR047-A15,FR047-A27
FR047,FR047-A15,FR047-A26
FR047,FR047-A15,FR047-A20
FR047,FR047-A15,FR047-A19
FR047,FR047-A15,FR047-A18
FR047,FR047-A15,FR047-A17
FR047,FR047-A15,FR047-A16
FR047,FR047-A16,FR047-A28
FR047,FR047-A16,FR047-A27
FR047,FR047-A16,FR047-A26
FR047,FR047-A16,FR047-A20
FR047,FR047-A16,FR047-A19
FR047,FR047-A16,FR047-A18
FR047,FR047-A16,FR047-A17
FR047,FR047-A17,FR047-A28
FR047,FR047-A17,FR047-A27
FR047,FR047-A17,FR047-A26
FR047,FR047-A17,FR047-A20
FR047,FR047-A17,FR047-A19
FR047,FR047-A17,FR047-A18
FR047,FR047-A18,FR047-A28
FR047,FR047-A18,FR047-A27
FR047,FR047-A18,FR047-A26
FR047,FR047-A18,FR047-A20
FR047,FR047-A18,FR047-A19
FR047,FR047-A19,FR047-A28
FR047,FR047-A19,FR047-A27
FR047,FR047-A19,FR047-A26
FR047,FR047-A19,FR047-A21
FR047,FR047-A19,FR047-A20
FR047,FR047-A20,FR047-A28
FR047,FR047-A20,FR047-A27
FR047,FR047-A20,FR047-A26
FR047,FR047-A20,FR047-A21
FR047,FR047-A21,FR047-A25
FR047,FR047-A21,FR047-A24
FR047,FR047-A23,FR047-A25
FR047,FR047-A24,FR047-A25
FR047,FR047-A26,FR047-A28
FR047,FR047-A26,FR047-A27
FR047,FR047-A27,FR047-A28
FR047,FR047-A28,FR047-A30
FR047,FR047-A29,FR047-A30
FR048,FR048-A01,FR048-A27
FR048,FR048-A01,FR048-A26
FR048,FR048-A01,FR048-A19
FR048,FR048-A01,FR048-A14
FR048,FR048-A01,FR048-A13
FR048,FR048-A01,FR048-A12
FR048,FR048-A01,FR048-A11
FR048,FR048-A01,FR048-A07
FR048,FR048-A01,FR048-A06
FR048,FR048-A01,FR048-A03
FR048,FR048-A01,FR048-A02
FR048,FR048-A02,FR048-A30
FR048,FR048-A02,FR048-A29
FR048,FR048-A02,FR048-A28
FR048,FR048-A02,FR048-A27
FR048,FR048-A02,FR048-A26
FR048,FR048-A02,FR048-A25
FR048,FR048-A02,FR048-A24
FR048,FR048-A02,FR048-A23
FR048,FR048-A02,FR048-A22
FR048,FR048-A02,FR048-A21
FR048,FR048-A02,FR048-A20
FR048,FR048-A02,FR048-A19
FR048,FR048-A02,FR048-A06
FR048,FR048-A02,FR048-A03
FR048,FR048-A04,FR048-A18
FR048,FR048-A04,FR048-A17
FR048,FR048-A04,FR048-A16
FR048,FR048-A04,FR048-A10
FR048,FR048-A04,FR048-A09
FR048,FR048-A04,FR048-A08
FR048,FR048-A04,FR048-A05
FR048,FR048-A05,FR048-A18
FR048,FR048-A05,FR048-A17
FR048,FR048-A05,FR048-A16
FR048,FR048-A05,FR048-A10
FR048,FR048-A05,FR048-A09
FR048,FR048-A05,FR048-A08
FR048,FR048-A06,FR048-A30
FR048,FR048-A06,FR048-A29
FR048,FR048-A06,FR048-A28
FR048,FR048-A06,FR048-A27
FR048,FR048-A06,FR048-A26
FR048,FR048-A06,FR048-A25
FR048,FR048-A06,FR048-A24
FR048,FR048-A06,FR048-A23
FR048,FR048-A06,FR048-A22
FR048,FR048-A06,FR048-A21
FR048,FR048-A06,FR048-A20
FR048,FR048-A06,FR048-A19
FR048,FR048-A08,FR048-A18
FR048,FR048-A08,FR048-A17
FR048,FR048-A08,FR048-A16
FR048,FR048-A08,FR048-A10
FR048,FR048-A08,FR048-A09
FR048,FR048-A09,FR048-A18
FR048,FR048-A09,FR048-A17
FR048,FR048-A09,FR048-A16
FR048,FR048-A09,FR048-A10
FR048,FR048-A10,FR048-A18
FR048,FR048-A10,FR048-A17
FR048,FR048-A10,FR048-A16
FR048,FR048-A13,FR048-A15
FR048,FR048-A13,FR048-A14
FR048,FR048-A14,FR048-A15
FR048,FR048-A16,FR048-A18
FR048,FR048-A16,FR048-A17
FR048,FR048-A17,FR048-A18
FR048,FR048-A19,FR048-A30
FR048,FR048-A19,FR048-A29
FR048,FR048-A19,FR048-A28
FR048,FR048-A19,FR048-A27
FR048,FR048-A19,FR048-A26
FR048,FR048-A19,FR048-A25
FR048,FR048-A19,FR048-A24
FR048,FR048-A19,FR048-A23
FR048,FR048-A19,FR048-A22
FR048,FR048-A19,FR048-A21
FR048,FR048-A19,FR048-A20
FR048,FR048-A20,FR048-A26
FR048,FR048-A20,FR048-A25
FR048,FR048-A20,FR048-A24
FR048,FR048-A20,FR048-A23
FR048,FR048-A20,FR048-A22
FR048,FR048-A20,FR048-A21
FR048,FR048-A21,FR048-A26
FR048,FR048-A21,FR048-A25
FR048,FR048-A21,FR048-A24
FR048,FR048-A21,FR048-A23
FR048,FR048-A21,FR048-A22
FR048,FR048-A22,FR048-A24
FR048,FR048-A22,FR048-A23
FR048,FR048-A23,FR048-A26
FR048,FR048-A23,FR048-A25
FR048,FR048-A23,FR048-A24
FR048,FR048-A24,FR048-A26
FR048,FR048-A24,FR048-A25
FR048,FR048-A25,FR048-A30
FR048,FR048-A25,FR048-A29
FR048,FR048-A25,FR048-A28
FR048,FR048-A25,FR048-A27
FR048,FR048-A25,FR048-A26
FR048,FR048-A26,FR048-A30
FR048,FR048-A26,FR048-A29
FR048,FR048-A26,FR048-A28
FR048,FR048-A26,FR048-A27
FR048,FR048-A27,FR048-A30
FR048,FR048-A27,FR048-A29
FR048,FR048-A27,FR048-A28
FR048,FR048-A28,FR048-A30
FR048,FR048-A28,FR048-A29
FR048,FR048-A29,FR048-A30
FR049,FR049-A01,FR049-A30
FR049,FR049-A01,FR049-A29
FR049,FR049-A01,FR049-A27
FR049,FR049-A01,FR049-A26
FR049,FR049-A01,FR049-A25
FR049,FR049-A01,FR049-A23
FR049,FR049-A01,FR049-A22
FR049,FR049-A01,FR049-A21
FR049,FR049-A01,FR049-A20
FR049,FR049-A01,FR049-A19
FR049,FR049-A01,FR049-A18
FR049,FR049-A01,FR049-A17
FR049,FR049-A01,FR049-A16
FR049,FR049-A01,FR049-A15
FR049,FR049-A01,FR049-A14
FR049,FR049-A01,FR049-A13
FR049,FR049-A01,FR049-A12
FR049,FR049-A01,FR049-A11
FR049,FR049-A01,FR049-A10
FR049,FR049-A01,FR049-A09
FR049,FR049-A01,FR049-A08
FR049,FR049-A01,FR049-A07
FR049,FR049-A01,FR049-A06
FR049,FR049-A01,FR049-A05
FR049,FR049-A01,FR049-A04
FR049,FR049-A01,FR049-A03
FR049,FR049-A01,FR049-A02
FR049,FR049-A02,FR049-A30
FR049,FR049-A02,FR049-A29
FR049,FR049-A02,FR049-A28
FR049,FR049-A02,FR049-A27
FR049,FR049-A02,FR049-A26
FR049,FR049-A02,FR049-A25
FR049,FR049-A02,FR049-A24
FR049,FR049-A02,FR049-A23
FR049,FR049-A02,FR049-A22
FR049,FR049-A02,FR049-A21
FR049,FR049-A02,FR049-A20
FR049,FR049-A02,FR049-A19
FR049,FR049-A02,FR049-A18
FR049,FR049-A02,FR049-A17
FR049,FR049-A02,FR049-A16
FR049,FR049-A02,FR049-A15
FR049,FR049-A02,FR049-A14
FR049,FR049-A02,FR049-A13
FR049,FR049-A02,FR049-A12
FR049,FR049-A02,FR049-A11
FR049,FR049-A02,FR049-A10
FR049,FR049-A02,FR049-A09
FR049,FR049-A02,FR049-A08
FR049,FR049-A02,FR049-A07
FR049,FR049-A02,FR049-A06
FR049,FR049-A02,FR049-A05
FR049,FR049-A02,FR049-A04
FR049,FR049-A02,FR049-A03
FR049,FR049-A03,FR049-A30
FR049,FR049-A03,FR049-A29
FR049,FR049-A03,FR049-A28
FR049,FR049-A03,FR049-A27
FR049,FR049-A03,FR049-A26
FR049,FR049-A03,FR049-A25
FR049,FR049-A03,FR049-A24
FR049,FR049-A03,FR049-A23
FR049,FR049-A03,FR049-A22
FR049,FR049-A03,FR049-A21
FR049,FR049-A03,FR049-A20
FR049,FR049-A03,FR049-A19
FR049,FR049-A03,FR049-A18
FR049,FR049-A03,FR049-A17
FR049,FR049-A03,FR049-A16
FR049,FR049-A03,FR049-A15
FR049,FR049-A03,FR049-A14
FR049,FR049-A03,FR049-A13
FR049,FR049-A03,FR049-A12
FR049,FR049-A03,FR049-A11
FR049,FR049-A03,FR049-A10
FR049,FR049-A03,FR049-A09
FR049,FR049-A03,FR049-A08
FR049,FR049-A03,FR049-A07
FR049,FR049-A03,FR049-A06
FR049,FR049-A03,FR049-A05
FR049,FR049-A03,FR049-A04
FR049,FR049-A04,FR049-A30
FR049,FR049-A04,FR049-A29
FR049,FR049-A04,FR049-A28
FR049,FR049-A04,FR049-A27
FR049,FR049-A04,FR049-A26
FR049,FR049-A04,FR049-A25
FR049,FR049-A04,FR049-A24
FR049,FR049-A04,FR049-A23
FR049,FR049-A04,FR049-A22
FR049,FR049-A04,FR049-A21
FR049,FR049-A04,FR049-A20
FR049,FR049-A04,FR049-A19
FR049,FR049-A04,FR049-A18
FR049,FR049-A04,FR049-A17
FR049,FR049-A04,FR049-A16
FR049,FR049-A04,FR049-A15
FR049,FR049-A04,FR049-A14
FR049,FR049-A04,FR049-A13
FR049,FR049-A04,FR049-A12
FR049,FR049-A04,FR049-A11
FR049,FR049-A04,FR049-A10
FR049,FR049-A04,FR049-A09
FR049,FR049-A04,FR049-A08
FR049,FR049-A04,FR049-A07
FR049,FR049-A04,FR049-A06
FR049,FR049-A04,FR049-A05
FR049,FR049-A05,FR049-A30
FR049,FR049-A05,FR049-A29
FR049,FR049-A05,FR049-A28
FR049,FR049-A05,FR049-A27
FR049,FR049-A05,FR049-A26
FR049,FR049-A05,FR049-A25
FR049,FR049-A05,FR049-A24
FR049,FR049-A05,FR049-A23
FR049,FR049-A05,FR049-A22
FR049,FR049-A05,FR049-A21
FR049,FR049-A05,FR049-A20
FR049,FR049-A05,FR049-A19
FR049,FR049-A05,FR049-A18
FR049,FR049-A05,FR049-A17
FR049,FR049-A05,FR049-A16
FR049,FR049-A05,FR049-A15
FR049,FR049-A05,FR049-A14
FR049,FR049-A05,FR049-A13
FR049,FR049-A05,FR049-A12
FR049,FR049-A05,FR049-A11
FR049,FR049-A05,FR049-A10
FR049,FR049-A05,FR049-A09
FR049,FR049-A05,FR049-A08
FR049,FR049-A05,FR049-A07
FR049,FR049-A05,FR049-A06
FR049,FR049-A06,FR049-A30
FR049,FR049-A06,FR049-A29
FR049,FR049-A06,FR049-A28
FR049,FR049-A06,FR049-A27
FR049,FR049-A06,FR049-A26
FR049,FR049-A06,FR049-A25
FR049,FR049-A06,FR049-A24
FR049,FR049-A06,FR049-A23
FR049,FR049-A06,FR049-A22
FR049,FR049-A06,FR049-A21
FR049,FR049-A06,FR049-A20
FR049,FR049-A06,FR049-A19
FR049,FR049-A06,FR049-A18
FR049,FR049-A06,FR049-A17
FR049,FR049-A06,FR049-A16
FR049,FR049-A06,FR049-A15
FR049,FR049-A06,FR049-A14
FR049,FR049-A06,FR049-A13
FR049,FR049-A06,FR049-A12
FR049,FR049-A06,FR049-A11
FR049,FR049-A06,FR049-A10
FR049,FR049-A06,FR049-A09
FR049,FR049-A06,FR049-A08
FR049,FR049-A06,FR049-A07
FR049,FR049-A07,FR049-A30
FR049,FR049-A07,FR049-A29
FR049,FR049-A07,FR049-A28
FR049,FR049-A07,FR049-A27
FR049,FR049-A07,FR049-A26
FR049,FR049-A07,FR049-A25
FR049,FR049-A07,FR049-A24
FR049,FR049-A07,FR049-A23
FR049,FR049-A07,FR049-A22
FR049,FR049-A07,FR049-A21
FR049,FR049-A07,FR049-A20
FR049,FR049-A07,FR049-A19
FR049,FR049-A07,FR049-A18
FR049,FR049-A07,FR049-A17
FR049,FR049-A07,FR049-A16
FR049,FR049-A07,FR049-A15
FR049,FR049-A07,FR049-A14
FR049,FR049-A07,FR049-A13
FR049,FR049-A07,FR049-A12
FR049,FR049-A07,FR049-A11
FR049,FR049-A07,FR049-A10
FR049,FR049-A07,FR049-A09
FR049,FR049-A07,FR049-A08
FR049,FR049-A08,FR049-A30
FR049,FR049-A08,FR049-A29
FR049,FR049-A08,FR049-A28
FR049,FR049-A08,FR049-A27
FR049,FR049-A08,FR049-A26
FR049,FR049-A08,FR049-A25
FR049,FR049-A08,FR049-A24
FR049,FR049-A08,FR049-A23
FR049,FR049-A08,FR049-A22
FR049,FR049-A08,FR049-A21
FR049,FR049-A08,FR049-A20
FR049,FR049-A08,FR049-A19
FR049,FR049-A08,FR049-A18
FR049,FR049-A08,FR049-A17
FR049,FR049-A08,FR049-A16
FR049,FR049-A08,FR049-A15
FR049,FR049-A08,FR049-A14
FR049,FR049-A08,FR049-A13
FR049,FR049-A08,FR049-A12
FR049,FR049-A08,FR049-A11
FR049,FR049-A08,FR049-A10
FR049,FR049-A08,FR049-A09
FR049,FR049-A09,FR049-A30
FR049,FR049-A09,FR049-A29
FR049,FR049-A09,FR049-A28
FR049,FR049-A09,FR049-A27
FR049,FR049-A09,FR049-A26
FR049,FR049-A09,FR049-A25
FR049,FR049-A09,FR049-A24
FR049,FR049-A09,FR049-A23
FR049,FR049-A09,FR049-A22
FR049,FR049-A09,FR049-A21
FR049,FR049-A09,FR049-A20
FR049,FR049-A09,FR049-A19
FR049,FR049-A09,FR049-A18
FR049,FR049-A09,FR049-A17
FR049,FR049-A09,FR049-A16
FR049,FR049-A09,FR049-A15
FR049,FR049-A09,FR049-A14
FR049,FR049-A09,FR049-A13
FR049,FR049-A09,FR049-A12
FR049,FR049-A09,FR049-A11
FR049,FR049-A09,FR049-A10
FR049,FR049-A10,FR049-A30
FR049,FR049-A10,FR049-A29
FR049,FR049-A10,FR049-A28
FR049,FR049-A10,FR049-A27
FR049,FR049-A10,FR049-A26
FR049,FR049-A10,FR049-A25
FR049,FR049-A10,FR049-A24
FR049,FR049-A10,FR049-A23
FR049,FR049-A10,FR049-A22
FR049,FR049-A10,FR049-A21
FR049,FR049-A10,FR049-A20
FR049,FR049-A10,FR049-A19
FR049,FR049-A10,FR049-A18
FR049,FR049-A10,FR049-A17
FR049,FR049-A10,FR049-A16
FR049,FR049-A10,FR049-A15
FR049,FR049-A10,FR049-A14
FR049,FR049-A10,FR049-A13
FR049,FR049-A10,FR049-A12
FR049,FR049-A10,FR049-A11
FR049,FR049-A11,FR049-A30
FR049,FR049-A11,FR049-A29
FR049,FR049-A11,FR049-A28
FR049,FR049-A11,FR049-A27
FR049,FR049-A11,FR049-A26
FR049,FR049-A11,FR049-A25
FR049,FR049-A11,FR049-A24
FR049,FR049-A11,FR049-A23
FR049,FR049-A11,FR049-A22
FR049,FR049-A11,FR049-A21
FR049,FR049-A11,FR049-A20
FR049,FR049-A11,FR049-A19
FR049,FR049-A11,FR049-A18
FR049,FR049-A11,FR049-A17
FR049,FR049-A11,FR049-A16
FR049,FR049-A11,FR049-A15
FR049,FR049-A11,FR049-A14
FR049,FR049-A11,FR049-A13
FR049,FR049-A11,FR049-A12
FR049,FR049-A12,FR049-A30
FR049,FR049-A12,FR049-A29
FR049,FR049-A12,FR049-A28
FR049,FR049-A12,FR049-A27
FR049,FR049-A12,FR049-A26
FR049,FR049-A12,FR049-A25
FR049,FR049-A12,FR049-A24
FR049,FR049-A12,FR049-A23
FR049,FR049-A12,FR049-A22
FR049,FR049-A12,FR049-A21
FR049,FR049-A12,FR049-A20
FR049,FR049-A12,FR049-A19
FR049,FR049-A12,FR049-A18
FR049,FR049-A12,FR049-A17
FR049,FR049-A12,FR049-A16
FR049,FR049-A12,FR049-A14
FR049,FR049-A12,FR049-A13
FR049,FR049-A13,FR049-A30
FR049,FR049-A13,FR049-A29
FR049,FR049-A13,FR049-A28
FR049,FR049-A13,FR049-A27
FR049,FR049-A13,FR049-A26
FR049,FR049-A13,FR049-A25
FR049,FR049-A13,FR049-A24
FR049,FR049-A13,FR049-A23
FR049,FR049-A13,FR049-A22
FR049,FR049-A13,FR049-A21
FR049,FR049-A13,FR049-A20
FR049,FR049-A13,FR049-A19
FR049,FR049-A13,FR049-A18
FR049,FR049-A13,FR049-A17
FR049,FR049-A13,FR049-A16
FR049,FR049-A13,FR049-A15
FR049,FR049-A13,FR049-A14
FR049,FR049-A14,FR049-A30
FR049,FR049-A14,FR049-A29
FR049,FR049-A14,FR049-A28
FR049,FR049-A14,FR049-A27
FR049,FR049-A14,FR049-A26
FR049,FR049-A14,FR049-A25
FR049,FR049-A14,FR049-A24
FR049,FR049-A14,FR049-A23
FR049,FR049-A14,FR049-A22
FR049,FR049-A14,FR049-A21
FR049,FR049-A14,FR049-A20
FR049,FR049-A14,FR049-A19
FR049,FR049-A14,FR049-A18
FR049,FR049-A14,FR049-A17
FR049,FR049-A14,FR049-A16
FR049,FR049-A14,FR049-A15
FR049,FR049-A15,FR049-A30
FR049,FR049-A15,FR049-A29
FR049,FR049-A15,FR049-A28
FR049,FR049-A15,FR049-A27
FR049,FR049-A15,FR049-A26
FR049,FR049-A15,FR049-A25
FR049,FR049-A15,FR049-A24
FR049,FR049-A15,FR049-A23
FR049,FR049-A15,FR049-A22
FR049,FR049-A15,FR049-A21
FR049,FR049-A15,FR049-A20
FR049,FR049-A15,FR049-A19
FR049,FR049-A15,FR049-A18
FR049,FR049-A15,FR049-A17
FR049,FR049-A15,FR049-A16
FR049,FR049-A16,FR049-A30
FR049,FR049-A16,FR049-A29
FR049,FR049-A16,FR049-A28
FR049,FR049-A16,FR049-A27
FR049,FR049-A16,FR049-A26
FR049,FR049-A16,FR049-A25
FR049,FR049-A16,FR049-A24
FR049,FR049-A16,FR049-A23
FR049,FR049-A16,FR049-A22
FR049,FR049-A16,FR049-A21
FR049,FR049-A16,FR049-A20
FR049,FR049-A16,FR049-A19
FR049,FR049-A16,FR049-A18
FR049,FR049-A16,FR049-A17
FR049,FR049-A17,FR049-A30
FR049,FR049-A17,FR049-A29
FR049,FR049-A17,FR049-A28
FR049,FR049-A17,FR049-A27
FR049,FR049-A17,FR049-A26
FR049,FR049-A17,FR049-A25
FR049,FR049-A17,FR049-A24
FR049,FR049-A17,FR049-A23
FR049,FR049-A17,FR049-A22
FR049,FR049-A17,FR049-A21
FR049,FR049-A17,FR049-A20
FR049,FR049-A17,FR049-A19
FR049,FR049-A17,FR049-A18
FR049,FR049-A18,FR049-A30
FR049,FR049-A18,FR049-A29
FR049,FR049-A18,FR049-A28
FR049,FR049-A18,FR049-A27
FR049,FR049-A18,FR049-A26
FR049,FR049-A18,FR049-A25
FR049,FR049-A18,FR049-A24
FR049,FR049-A18,FR049-A23
FR049,FR049-A18,FR049-A22
FR049,FR049-A18,FR049-A21
FR049,FR049-A18,FR049-A20
FR049,FR049-A18,FR049-A19
FR049,FR049-A19,FR049-A30
FR049,FR049-A19,FR049-A29
FR049,FR049-A19,FR049-A28
FR049,FR049-A19,FR049-A27
FR049,FR049-A19,FR049-A26
FR049,FR049-A19,FR049-A25
FR049,FR049-A19,FR049-A24
FR049,FR049-A19,FR049-A23
FR049,FR049-A19,FR049-A22
FR049,FR049-A19,FR049-A21
FR049,FR049-A19,FR049-A20
FR049,FR049-A20,FR049-A30
FR049,FR049-A20,FR049-A29
FR049,FR049-A20,FR049-A28
FR049,FR049-A20,FR049-A27
FR049,FR049-A20,FR049-A26
FR049,FR049-A20,FR049-A25
FR049,FR049-A20,FR049-A24
FR049,FR049-A20,FR049-A23
FR049,FR049-A20,FR049-A22
FR049,FR049-A20,FR049-A21
FR049,FR049-A21,FR049-A30
FR049,FR049-A21,FR049-A29
FR049,FR049-A21,FR049-A28
FR049,FR049-A21,FR049-A27
FR049,FR049-A21,FR049-A26
FR049,FR049-A21,FR049-A25
FR049,FR049-A21,FR049-A24
FR049,FR049-A21,FR049-A23
FR049,FR049-A21,FR049-A22
FR049,FR049-A22,FR049-A30
FR049,FR049-A22,FR049-A29
FR049,FR049-A22,FR049-A28
FR049,FR049-A22,FR049-A27
FR049,FR049-A22,FR049-A26
FR049,FR049-A22,FR049-A25
FR049,FR049-A22,FR049-A24
FR049,FR049-A22,FR049-A23
FR049,FR049-A23,FR049-A30
FR049,FR049-A23,FR049-A29
FR049,FR049-A23,FR049-A28
FR049,FR049-A23,FR049-A27
FR049,FR049-A23,FR049-A26
FR049,FR049-A23,FR049-A25
FR049,FR049-A23,FR049-A24
FR049,FR049-A24,FR049-A30
FR049,FR049-A24,FR049-A29
FR049,FR049-A24,FR049-A28
FR049,FR049-A24,FR049-A27
FR049,FR049-A24,FR049-A26
FR049,FR049-A24,FR049-A25
FR049,FR049-A25,FR049-A30
FR049,FR049-A25,FR049-A29
FR049,FR049-A25,FR049-A28
FR049,FR049-A25,FR049-A27
FR049,FR049-A25,FR049-A26
FR049,FR049-A26,FR049-A30
FR049,FR049-A26,FR049-A29
FR049,FR049-A26,FR049-A28
FR049,FR049-A26,FR049-A27
FR049,FR049-A27,FR049-A30
FR049,FR049-A27,FR049-A29
FR049,FR049-A27,FR049-A28
FR049,FR049-A28,FR049-A30
FR049,FR049-A28,FR049-A29
FR049,FR049-A29,FR049-A30
FR050,FR050-A01,FR050-A29
FR050,FR050-A01,FR050-A25
FR050,FR050-A01,FR050-A21
FR050,FR050-A01,FR050-A12
FR050,FR050-A01,FR050-A11
FR050,FR050-A01,FR050-A10
FR050,FR050-A01,FR050-A09
FR050,FR050-A01,FR050-A08
FR050,FR050-A01,FR050-A07
FR050,FR050-A01,FR050-A06
FR050,FR050-A01,FR050-A02
FR050,FR050-A02,FR050-A25
FR050,FR050-A02,FR050-A21
FR050,FR050-A02,FR050-A17
FR050,FR050-A02,FR050-A16
FR050,FR050-A02,FR050-A13
FR050,FR050-A02,FR050-A12
FR050,FR050-A02,FR050-A11
FR050,FR050-A02,FR050-A10
FR050,FR050-A02,FR050-A09
FR050,FR050-A02,FR050-A08
FR050,FR050-A02,FR050-A07
FR050,FR050-A03,FR050-A28
FR050,FR050-A03,FR050-A27
FR050,FR050-A03,FR050-A26
FR050,FR050-A03,FR050-A19
FR050,FR050-A03,FR050-A18
FR050,FR050-A04,FR050-A18
FR050,FR050-A05,FR050-A18
FR050,FR050-A06,FR050-A29
FR050,FR050-A06,FR050-A21
FR050,FR050-A06,FR050-A13
FR050,FR050-A06,FR050-A12
FR050,FR050-A06,FR050-A11
FR050,FR050-A06,FR050-A10
FR050,FR050-A06,FR050-A09
FR050,FR050-A06,FR050-A08
FR050,FR050-A06,FR050-A07
FR050,FR050-A07,FR050-A22
FR050,FR050-A07,FR050-A21
FR050,FR050-A07,FR050-A13
FR050,FR050-A07,FR050-A12
FR050,FR050-A07,FR050-A11
FR050,FR050-A07,FR050-A10
FR050,FR050-A07,FR050-A09
FR050,FR050-A07,FR050-A08
FR050,FR050-A08,FR050-A27
FR050,FR050-A08,FR050-A18
FR050,FR050-A09,FR050-A25
FR050,FR050-A09,FR050-A22
FR050,FR050-A09,FR050-A21
FR050,FR050-A09,FR050-A13
FR050,FR050-A09,FR050-A12
FR050,FR050-A09,FR050-A11
FR050,FR050-A09,FR050-A10
FR050,FR050-A10,FR050-A25
FR050,FR050-A10,FR050-A22
FR050,FR050-A10,FR050-A21
FR050,FR050-A10,FR050-A12
FR050,FR050-A10,FR050-A11
FR050,FR050-A11,FR050-A25
FR050,FR050-A11,FR050-A21
FR050,FR050-A11,FR050-A17
FR050,FR050-A11,FR050-A16
FR050,FR050-A11,FR050-A12
FR050,FR050-A12,FR050-A25
FR050,FR050-A12,FR050-A21
FR050,FR050-A13,FR050-A22
FR050,FR050-A13,FR050-A21
FR050,FR050-A15,FR050-A30
FR050,FR050-A16,FR050-A17
FR050,FR050-A18,FR050-A28
FR050,FR050-A18,FR050-A27
FR050,FR050-A18,FR050-A26
FR050,FR050-A21,FR050-A25
FR050,FR050-A23,FR050-A24
FR050,FR050-A26,FR050-A28
FR050,FR050-A26,FR050-A27
FR050,FR050-A27,FR050-A28
FR051,FR051-A01,FR051-A27
FR051,FR051-A01,FR051-A24
FR051,FR051-A01,FR051-A23
FR051,FR051-A01,FR051-A22
FR051,FR051-A01,FR051-A21
FR051,FR051-A01,FR051-A20
FR051,FR051-A01,FR051-A19
FR051,FR051-A01,FR051-A16
FR051,FR051-A01,FR051-A15
FR051,FR051-A01,FR051-A14
FR051,FR051-A01,FR051-A13
FR051,FR051-A01,FR051-A12
FR051,FR051-A01,FR051-A11
FR051,FR051-A01,FR051-A10
FR051,FR051-A01,FR051-A09
FR051,FR051-A01,FR051-A08
FR051,FR051-A01,FR051-A07
FR051,FR051-A01,FR051-A06
FR051,FR051-A01,FR051-A05
FR051,FR051-A01,FR051-A04
FR051,FR051-A01,FR051-A03
FR051,FR051-A01,FR051-A02
FR051,FR051-A02,FR051-A30
FR051,FR051-A02,FR051-A29
FR051,FR051-A02,FR051-A28
FR051,FR051-A02,FR051-A27
FR051,FR051-A02,FR051-A26
FR051,FR051-A02,FR051-A25
FR051,FR051-A02,FR051-A24
FR051,FR051-A02,FR051-A23
FR051,FR051-A02,FR051-A22
FR051,FR051-A02,FR051-A21
FR051,FR051-A02,FR051-A20
FR051,FR051-A02,FR051-A19
FR051,FR051-A02,FR051-A18
FR051,FR051-A02,FR051-A17
FR051,FR051-A02,FR051-A16
FR051,FR051-A02,FR051-A15
FR051,FR051-A02,FR051-A14
FR051,FR051-A02,FR051-A13
FR051,FR051-A02,FR051-A12
FR051,FR051-A02,FR051-A11
FR051,FR051-A02,FR051-A10
FR051,FR051-A02,FR051-A09
FR051,FR051-A02,FR051-A08
FR051,FR051-A02,FR051-A07
FR051,FR051-A02,FR051-A06
FR051,FR051-A02,FR051-A05
FR051,FR051-A02,FR051-A04
FR051,FR051-A02,FR051-A03
FR051,FR051-A03,FR051-A30
FR051,FR051-A03,FR051-A29
FR051,FR051-A03,FR051-A28
FR051,FR051-A03,FR051-A27
FR051,FR051-A03,FR051-A26
FR051,FR051-A03,FR051-A25
FR051,FR051-A03,FR051-A24
FR051,FR051-A03,FR051-A23
FR051,FR051-A03,FR051-A22
FR051,FR051-A03,FR051-A21
FR051,FR051-A03,FR051-A20
FR051,FR051-A03,FR051-A19
FR051,FR051-A03,FR051-A18
FR051,FR051-A03,FR051-A17
FR051,FR051-A04,FR051-A16
FR051,FR051-A04,FR051-A15
FR051,FR051-A04,FR051-A14
FR051,FR051-A04,FR051-A13
FR051,FR051-A04,FR051-A12
FR051,FR051-A04,FR051-A11
FR051,FR051-A04,FR051-A10
FR051,FR051-A05,FR051-A29
FR051,FR051-A05,FR051-A28
FR051,FR051-A05,FR051-A27
FR051,FR051-A05,FR051-A26
FR051,FR051-A05,FR051-A25
FR051,FR051-A05,FR051-A21
FR051,FR051-A05,FR051-A18
FR051,FR051-A05,FR051-A09
FR051,FR051-A05,FR051-A08
FR051,FR051-A05,FR051-A07
FR051,FR051-A06,FR051-A30
FR051,FR051-A06,FR051-A29
FR051,FR051-A06,FR051-A28
FR051,FR051-A06,FR051-A27
FR051,FR051-A06,FR051-A26
FR051,FR051-A06,FR051-A25
FR051,FR051-A06,FR051-A24
FR051,FR051-A06,FR051-A23
FR051,FR051-A06,FR051-A22
FR051,FR051-A06,FR051-A21
FR051,FR051-A06,FR051-A20
FR051,FR051-A06,FR051-A19
FR051,FR051-A06,FR051-A18
FR051,FR051-A06,FR051-A17
FR051,FR051-A06,FR051-A16
FR051,FR051-A06,FR051-A15
FR051,FR051-A06,FR051-A14
FR051,FR051-A06,FR051-A13
FR051,FR051-A06,FR051-A12
FR051,FR051-A06,FR051-A11
FR051,FR051-A06,FR051-A10
FR051,FR051-A06,FR051-A09
FR051,FR051-A06,FR051-A08
FR051,FR051-A06,FR051-A07
FR051,FR051-A07,FR051-A30
FR051,FR051-A07,FR051-A29
FR051,FR051-A07,FR051-A28
FR051,FR051-A07,FR051-A27
FR051,FR051-A07,FR051-A26
FR051,FR051-A07,FR051-A25
FR051,FR051-A07,FR051-A24
FR051,FR051-A07,FR051-A23
FR051,FR051-A07,FR051-A22
FR051,FR051-A07,FR051-A21
FR051,FR051-A07,FR051-A20
FR051,FR051-A07,FR051-A19
FR051,FR051-A07,FR051-A18
FR051,FR051-A07,FR051-A17
FR051,FR051-A07,FR051-A16
FR051,FR051-A07,FR051-A15
FR051,FR051-A07,FR051-A14
FR051,FR051-A07,FR051-A13
FR051,FR051-A07,FR051-A12
FR051,FR051-A07,FR051-A11
FR051,FR051-A07,FR051-A10
FR051,FR051-A07,FR051-A09
FR051,FR051-A07,FR051-A08
FR051,FR051-A08,FR051-A30
FR051,FR051-A08,FR051-A29
FR051,FR051-A08,FR051-A28
FR051,FR051-A08,FR051-A27
FR051,FR051-A08,FR051-A26
FR051,FR051-A08,FR051-A25
FR051,FR051-A08,FR051-A24
FR051,FR051-A08,FR051-A23
FR051,FR051-A08,FR051-A22
FR051,FR051-A08,FR051-A21
FR051,FR051-A08,FR051-A20
FR051,FR051-A08,FR051-A19
FR051,FR051-A08,FR051-A18
FR051,FR051-A08,FR051-A17
FR051,FR051-A08,FR051-A16
FR051,FR051-A09,FR051-A30
FR051,FR051-A09,FR051-A29
FR051,FR051-A09,FR051-A28
FR051,FR051-A09,FR051-A27
FR051,FR051-A09,FR051-A26
FR051,FR051-A09,FR051-A25
FR051,FR051-A09,FR051-A24
FR051,FR051-A09,FR051-A23
FR051,FR051-A09,FR051-A22
FR051,FR051-A09,FR051-A21
FR051,FR051-A09,FR051-A20
FR051,FR051-A09,FR051-A19
FR051,FR051-A10,FR051-A30
FR051,FR051-A10,FR051-A29
FR051,FR051-A10,FR051-A28
FR051,FR051-A10,FR051-A27
FR051,FR051-A10,FR051-A26
FR051,FR051-A10,FR051-A25
FR051,FR051-A10,FR051-A24
FR051,FR051-A10,FR051-A23
FR051,FR051-A10,FR051-A22
FR051,FR051-A10,FR051-A21
FR051,FR051-A10,FR051-A20
FR051,FR051-A10,FR051-A19
FR051,FR051-A10,FR051-A18
FR051,FR051-A10,FR051-A17
FR051,FR051-A10,FR051-A16
FR051,FR051-A10,FR051-A15
FR051,FR051-A10,FR051-A14
FR051,FR051-A10,FR051-A13
FR051,FR051-A10,FR051-A12
FR051,FR051-A10,FR051-A11
FR051,FR051-A11,FR051-A30
FR051,FR051-A11,FR051-A29
FR051,FR051-A11,FR051-A28
FR051,FR051-A11,FR051-A27
FR051,FR051-A11,FR051-A26
FR051,FR051-A11,FR051-A25
FR051,FR051-A11,FR051-A24
FR051,FR051-A11,FR051-A23
FR051,FR051-A11,FR051-A22
FR051,FR051-A11,FR051-A21
FR051,FR051-A11,FR051-A20
FR051,FR051-A11,FR051-A19
FR051,FR051-A11,FR051-A18
FR051,FR051-A11,FR051-A17
FR051,FR051-A12,FR051-A30
FR051,FR051-A12,FR051-A29
FR051,FR051-A12,FR051-A28
FR051,FR051-A12,FR051-A27
FR051,FR051-A12,FR051-A26
FR051,FR051-A12,FR051-A25
FR051,FR051-A12,FR051-A24
FR051,FR051-A12,FR051-A23
FR051,FR051-A12,FR051-A22
FR051,FR051-A12,FR051-A21
FR051,FR051-A12,FR051-A20
FR051,FR051-A12,FR051-A19
FR051,FR051-A12,FR051-A16
FR051,FR051-A12,FR051-A15
FR051,FR051-A12,FR051-A14
FR051,FR051-A12,FR051-A13
FR051,FR051-A13,FR051-A30
FR051,FR051-A13,FR051-A29
FR051,FR051-A13,FR051-A28
FR051,FR051-A13,FR051-A27
FR051,FR051-A13,FR051-A26
FR051,FR051-A13,FR051-A25
FR051,FR051-A13,FR051-A24
FR051,FR051-A13,FR051-A23
FR051,FR051-A13,FR051-A22
FR051,FR051-A13,FR051-A21
FR051,FR051-A13,FR051-A20
FR051,FR051-A13,FR051-A19
FR051,FR051-A13,FR051-A18
FR051,FR051-A13,FR051-A17
FR051,FR051-A13,FR051-A16
FR051,FR051-A13,FR051-A15
FR051,FR051-A13,FR051-A14
FR051,FR051-A14,FR051-A30
FR051,FR051-A14,FR051-A29
FR051,FR051-A14,FR051-A28
FR051,FR051-A14,FR051-A27
FR051,FR051-A14,FR051-A26
FR051,FR051-A14,FR051-A25
FR051,FR051-A14,FR051-A24
FR051,FR051-A14,FR051-A23
FR051,FR051-A14,FR051-A22
FR051,FR051-A14,FR051-A21
FR051,FR051-A14,FR051-A20
FR051,FR051-A14,FR051-A19
FR051,FR051-A15,FR051-A30
FR051,FR051-A15,FR051-A29
FR051,FR051-A15,FR051-A28
FR051,FR051-A15,FR051-A27
FR051,FR051-A15,FR051-A26
FR051,FR051-A15,FR051-A20
FR051,FR051-A15,FR051-A19
FR051,FR051-A15,FR051-A18
FR051,FR051-A15,FR051-A17
FR051,FR051-A15,FR051-A16
FR051,FR051-A16,FR051-A30
FR051,FR051-A16,FR051-A29
FR051,FR051-A16,FR051-A28
FR051,FR051-A16,FR051-A27
FR051,FR051-A16,FR051-A26
FR051,FR051-A16,FR051-A25
FR051,FR051-A16,FR051-A24
FR051,FR051-A16,FR051-A23
FR051,FR051-A16,FR051-A22
FR051,FR051-A16,FR051-A21
FR051,FR051-A16,FR051-A20
FR051,FR051-A16,FR051-A19
FR051,FR051-A16,FR051-A18
FR051,FR051-A16,FR051-A17
FR051,FR051-A17,FR051-A30
FR051,FR051-A17,FR051-A29
FR051,FR051-A17,FR051-A28
FR051,FR051-A17,FR051-A27
FR051,FR051-A17,FR051-A26
FR051,FR051-A17,FR051-A25
FR051,FR051-A17,FR051-A24
FR051,FR051-A17,FR051-A23
FR051,FR051-A17,FR051-A22
FR051,FR051-A17,FR051-A21
FR051,FR051-A17,FR051-A20
FR051,FR051-A17,FR051-A19
FR051,FR051-A17,FR051-A18
FR051,FR051-A18,FR051-A30
FR051,FR051-A18,FR051-A29
FR051,FR051-A18,FR051-A28
FR051,FR051-A18,FR051-A27
FR051,FR051-A18,FR051-A26
FR051,FR051-A18,FR051-A25
FR051,FR051-A18,FR051-A24
FR051,FR051-A18,FR051-A23
FR051,FR051-A18,FR051-A22
FR051,FR051-A18,FR051-A21
FR051,FR051-A18,FR051-A20
FR051,FR051-A18,FR051-A19
FR051,FR051-A19,FR051-A30
FR051,FR051-A19,FR051-A29
FR051,FR051-A19,FR051-A28
FR051,FR051-A19,FR051-A27
FR051,FR051-A19,FR051-A26
FR051,FR051-A19,FR051-A25
FR051,FR051-A19,FR051-A24
FR051,FR051-A19,FR051-A23
FR051,FR051-A19,FR051-A22
FR051,FR051-A19,FR051-A21
FR051,FR051-A19,FR051-A20
FR051,FR051-A20,FR051-A30
FR051,FR051-A20,FR051-A29
FR051,FR051-A20,FR051-A28
FR051,FR051-A20,FR051-A27
FR051,FR051-A20,FR051-A26
FR051,FR051-A20,FR051-A25
FR051,FR051-A20,FR051-A24
FR051,FR051-A20,FR051-A23
FR051,FR051-A20,FR051-A22
FR051,FR051-A20,FR051-A21
FR051,FR051-A21,FR051-A30
FR051,FR051-A21,FR051-A29
FR051,FR051-A21,FR051-A28
FR051,FR051-A21,FR051-A27
FR051,FR051-A21,FR051-A26
FR051,FR051-A21,FR051-A25
FR051,FR051-A21,FR051-A24
FR051,FR051-A21,FR051-A23
FR051,FR051-A21,FR051-A22
FR051,FR051-A22,FR051-A30
FR051,FR051-A22,FR051-A29
FR051,FR051-A22,FR051-A28
FR051,FR051-A22,FR051-A27
FR051,FR051-A22,FR051-A26
FR051,FR051-A22,FR051-A25
FR051,FR051-A22,FR051-A24
FR051,FR051-A22,FR051-A23
FR051,FR051-A23,FR051-A30
FR051,FR051-A23,FR051-A29
FR051,FR051-A23,FR051-A28
FR051,FR051-A23,FR051-A27
FR051,FR051-A23,FR051-A26
FR051,FR051-A23,FR051-A25
FR051,FR051-A23,FR051-A24
FR051,FR051-A24,FR051-A30
FR051,FR051-A24,FR051-A29
FR051,FR051-A25,FR051-A30
FR051,FR051-A25,FR051-A29
FR051,FR051-A25,FR051-A28
FR051,FR051-A25,FR051-A27
FR051,FR051-A25,FR051-A26
FR051,FR051-A26,FR051-A30
FR051,FR051-A26,FR051-A29
FR051,FR051-A26,FR051-A28
FR051,FR051-A26,FR051-A27
FR051,FR051-A27,FR051-A30
FR051,FR051-A27,FR051-A29
FR051,FR051-A27,FR051-A28
FR051,FR051-A28,FR051-A30
FR051,FR051-A28,FR051-A29
FR051,FR051-A29,FR051-A30
FR052,FR052-A01,FR052-A30
FR052,FR052-A01,FR052-A29
FR052,FR052-A01,FR052-A28
FR052,FR052-A01,FR052-A27
FR052,FR052-A01,FR052-A26
FR052,FR052-A01,FR052-A25
FR052,FR052-A01,FR052-A24
FR052,FR052-A01,FR052-A21
FR052,FR052-A01,FR052-A20
FR052,FR052-A01,FR052-A18
FR052,FR052-A01,FR052-A16
FR052,FR052-A01,FR052-A13
FR052,FR052-A01,FR052-A10
FR052,FR052-A01,FR052-A09
FR052,FR052-A02,FR052-A30
FR052,FR052-A02,FR052-A24
FR052,FR052-A02,FR052-A19
FR052,FR052-A02,FR052-A07
FR052,FR052-A03,FR052-A30
FR052,FR052-A03,FR052-A19
FR052,FR052-A03,FR052-A08
FR052,FR052-A03,FR052-A07
FR052,FR052-A03,FR052-A04
FR052,FR052-A04,FR052-A30
FR052,FR052-A04,FR052-A19
FR052,FR052-A04,FR052-A08
FR052,FR052-A04,FR052-A07
FR052,FR052-A05,FR052-A30
FR052,FR052-A05,FR052-A29
FR052,FR052-A05,FR052-A28
FR052,FR052-A05,FR052-A27
FR052,FR052-A05,FR052-A20
FR052,FR052-A05,FR052-A18
FR052,FR052-A06,FR052-A24
FR052,FR052-A07,FR052-A30
FR052,FR052-A07,FR052-A19
FR052,FR052-A07,FR052-A17
FR052,FR052-A07,FR052-A16
FR052,FR052-A07,FR052-A10
FR052,FR052-A07,FR052-A09
FR052,FR052-A07,FR052-A08
FR052,FR052-A08,FR052-A30
FR052,FR052-A08,FR052-A19
FR052,FR052-A09,FR052-A30
FR052,FR052-A09,FR052-A26
FR052,FR052-A09,FR052-A13
FR052,FR052-A10,FR052-A30
FR052,FR052-A10,FR052-A29
FR052,FR052-A10,FR052-A28
FR052,FR052-A10,FR052-A21
FR052,FR052-A10,FR052-A20
FR052,FR052-A10,FR052-A14
FR052,FR052-A13,FR052-A30
FR052,FR052-A14,FR052-A30
FR052,FR052-A14,FR052-A29
FR052,FR052-A14,FR052-A28
FR052,FR052-A14,FR052-A21
FR052,FR052-A14,FR052-A20
FR052,FR052-A15,FR052-A30
FR052,FR052-A18,FR052-A23
FR052,FR052-A18,FR052-A22
FR052,FR052-A19,FR052-A30
FR052,FR052-A19,FR052-A24
FR052,FR052-A20,FR052-A30
FR052,FR052-A20,FR052-A29
FR052,FR052-A20,FR052-A21
FR052,FR052-A21,FR052-A30
FR052,FR052-A22,FR052-A29
FR052,FR052-A22,FR052-A28
FR052,FR052-A22,FR052-A27
FR052,FR052-A24,FR052-A30
FR052,FR052-A25,FR052-A30
FR052,FR052-A27,FR052-A29
FR052,FR052-A28,FR052-A30
FR052,FR052-A28,FR052-A29
FR052,FR052-A29,FR052-A30
FR053,FR053-A01,FR053-A29
FR053,FR053-A01,FR053-A22
FR053,FR053-A01,FR053-A21
FR053,FR053-A01,FR053-A20
FR053,FR053-A01,FR053-A16
FR053,FR053-A01,FR053-A15
FR053,FR053-A01,FR053-A13
FR053,FR053-A01,FR053-A09
FR053,FR053-A01,FR053-A08
FR053,FR053-A01,FR053-A07
FR053,FR053-A01,FR053-A06
FR053,FR053-A01,FR053-A05
FR053,FR053-A01,FR053-A04
FR053,FR053-A01,FR053-A03
FR053,FR053-A01,FR053-A02
FR053,FR053-A02,FR053-A29
FR053,FR053-A02,FR053-A27
FR053,FR053-A02,FR053-A26
FR053,FR053-A02,FR053-A25
FR053,FR053-A02,FR053-A24
FR053,FR053-A02,FR053-A23
FR053,FR053-A02,FR053-A22
FR053,FR053-A02,FR053-A19
FR053,FR053-A02,FR053-A18
FR053,FR053-A02,FR053-A17
FR053,FR053-A02,FR053-A16
FR053,FR053-A02,FR053-A15
FR053,FR053-A02,FR053-A14
FR053,FR053-A02,FR053-A13
FR053,FR053-A02,FR053-A12
FR053,FR053-A02,FR053-A11
FR053,FR053-A02,FR053-A10
FR053,FR053-A02,FR053-A09
FR053,FR053-A02,FR053-A08
FR053,FR053-A02,FR053-A07
FR053,FR053-A02,FR053-A06
FR053,FR053-A02,FR053-A05
FR053,FR053-A02,FR053-A04
FR053,FR053-A02,FR053-A03
FR053,FR053-A03,FR053-A29
FR053,FR053-A03,FR053-A28
FR053,FR053-A03,FR053-A27
FR053,FR053-A03,FR053-A26
FR053,FR053-A03,FR053-A23
FR053,FR053-A03,FR053-A22
FR053,FR053-A03,FR053-A19
FR053,FR053-A03,FR053-A18
FR053,FR053-A03,FR053-A17
FR053,FR053-A03,FR053-A16
FR053,FR053-A03,FR053-A15
FR053,FR053-A03,FR053-A14
FR053,FR053-A03,FR053-A12
FR053,FR053-A03,FR053-A11
FR053,FR053-A03,FR053-A10
FR053,FR053-A03,FR053-A09
FR053,FR053-A03,FR053-A08
FR053,FR053-A03,FR053-A07
FR053,FR053-A03,FR053-A06
FR053,FR053-A03,FR053-A05
FR053,FR053-A03,FR053-A04
FR053,FR053-A04,FR053-A29
FR053,FR053-A04,FR053-A28
FR053,FR053-A04,FR053-A27
FR053,FR053-A04,FR053-A26
FR053,FR053-A04,FR053-A22
FR053,FR053-A04,FR053-A21
FR053,FR053-A04,FR053-A20
FR053,FR053-A04,FR053-A17
FR053,FR053-A04,FR053-A16
FR053,FR053-A04,FR053-A15
FR053,FR053-A04,FR053-A14
FR053,FR053-A04,FR053-A12
FR053,FR053-A04,FR053-A11
FR053,FR053-A04,FR053-A10
FR053,FR053-A04,FR053-A09
FR053,FR053-A04,FR053-A08
FR053,FR053-A04,FR053-A07
FR053,FR053-A04,FR053-A06
FR053,FR053-A04,FR053-A05
FR053,FR053-A05,FR053-A29
FR053,FR053-A05,FR053-A28
FR053,FR053-A05,FR053-A27
FR053,FR053-A05,FR053-A26
FR053,FR053-A05,FR053-A23
FR053,FR053-A05,FR053-A22
FR053,FR053-A05,FR053-A19
FR053,FR053-A05,FR053-A18
FR053,FR053-A05,FR053-A16
FR053,FR053-A05,FR053-A15
FR053,FR053-A05,FR053-A14
FR053,FR053-A05,FR053-A13
FR053,FR053-A05,FR053-A12
FR053,FR053-A05,FR053-A11
FR053,FR053-A05,FR053-A09
FR053,FR053-A05,FR053-A08
FR053,FR053-A05,FR053-A07
FR053,FR053-A05,FR053-A06
FR053,FR053-A06,FR053-A29
FR053,FR053-A06,FR053-A28
FR053,FR053-A06,FR053-A27
FR053,FR053-A06,FR053-A26
FR053,FR053-A06,FR053-A22
FR053,FR053-A06,FR053-A19
FR053,FR053-A06,FR053-A17
FR053,FR053-A06,FR053-A16
FR053,FR053-A06,FR053-A15
FR053,FR053-A06,FR053-A14
FR053,FR053-A06,FR053-A13
FR053,FR053-A06,FR053-A12
FR053,FR053-A06,FR053-A09
FR053,FR053-A06,FR053-A08
FR053,FR053-A06,FR053-A07
FR053,FR053-A07,FR053-A29
FR053,FR053-A07,FR053-A28
FR053,FR053-A07,FR053-A27
FR053,FR053-A07,FR053-A26
FR053,FR053-A07,FR053-A25
FR053,FR053-A07,FR053-A24
FR053,FR053-A07,FR053-A22
FR053,FR053-A07,FR053-A19
FR053,FR053-A07,FR053-A18
FR053,FR053-A07,FR053-A17
FR053,FR053-A07,FR053-A16
FR053,FR053-A07,FR053-A15
FR053,FR053-A07,FR053-A12
FR053,FR053-A07,FR053-A11
FR053,FR053-A07,FR053-A10
FR053,FR053-A07,FR053-A09
FR053,FR053-A07,FR053-A08
FR053,FR053-A08,FR053-A30
FR053,FR053-A08,FR053-A29
FR053,FR053-A08,FR053-A28
FR053,FR053-A08,FR053-A27
FR053,FR053-A08,FR053-A26
FR053,FR053-A08,FR053-A25
FR053,FR053-A08,FR053-A24
FR053,FR053-A08,FR053-A23
FR053,FR053-A08,FR053-A22
FR053,FR053-A08,FR053-A19
FR053,FR053-A08,FR053-A18
FR053,FR053-A08,FR053-A17
FR053,FR053-A08,FR053-A16
FR053,FR053-A08,FR053-A15
FR053,FR053-A08,FR053-A14
FR053,FR053-A08,FR053-A13
FR053,FR053-A08,FR053-A12
FR053,FR053-A08,FR053-A11
FR053,FR053-A08,FR053-A10
FR053,FR053-A08,FR053-A09
FR053,FR053-A09,FR053-A29
FR053,FR053-A09,FR053-A28
FR053,FR053-A09,FR053-A27
FR053,FR053-A09,FR053-A26
FR053,FR053-A09,FR053-A24
FR053,FR053-A09,FR053-A23
FR053,FR053-A09,FR053-A22
FR053,FR053-A09,FR053-A20
FR053,FR053-A09,FR053-A19
FR053,FR053-A09,FR053-A18
FR053,FR053-A09,FR053-A17
FR053,FR053-A09,FR053-A16
FR053,FR053-A09,FR053-A15
FR053,FR053-A09,FR053-A14
FR053,FR053-A09,FR053-A13
FR053,FR053-A09,FR053-A12
FR053,FR053-A09,FR053-A11
FR053,FR053-A09,FR053-A10
FR053,FR053-A10,FR053-A29
FR053,FR053-A10,FR053-A28
FR053,FR053-A10,FR053-A22
FR053,FR053-A10,FR053-A18
FR053,FR053-A10,FR053-A17
FR053,FR053-A10,FR053-A16
FR053,FR053-A10,FR053-A15
FR053,FR053-A10,FR053-A14
FR053,FR053-A10,FR053-A11
FR053,FR053-A11,FR053-A29
FR053,FR053-A11,FR053-A28
FR053,FR053-A11,FR053-A26
FR053,FR053-A11,FR053-A24
FR053,FR053-A11,FR053-A22
FR053,FR053-A11,FR053-A19
FR053,FR053-A11,FR053-A18
FR053,FR053-A11,FR053-A17
FR053,FR053-A11,FR053-A16
FR053,FR053-A11,FR053-A15
FR053,FR053-A11,FR053-A14
FR053,FR053-A12,FR053-A27
FR053,FR053-A12,FR053-A26
FR053,FR053-A12,FR053-A24
FR053,FR053-A12,FR053-A22
FR053,FR053-A12,FR053-A19
FR053,FR053-A12,FR053-A17
FR053,FR053-A12,FR053-A16
FR053,FR053-A12,FR053-A15
FR053,FR053-A12,FR053-A14
FR053,FR053-A13,FR053-A27
FR053,FR053-A13,FR053-A26
FR053,FR053-A13,FR053-A25
FR053,FR053-A13,FR053-A24
FR053,FR053-A13,FR053-A22
FR053,FR053-A13,FR053-A18
FR053,FR053-A13,FR053-A16
FR053,FR053-A13,FR053-A15
FR053,FR053-A13,FR053-A14
FR053,FR053-A14,FR053-A29
FR053,FR053-A14,FR053-A28
FR053,FR053-A14,FR053-A26
FR053,FR053-A14,FR053-A24
FR053,FR053-A14,FR053-A22
FR053,FR053-A14,FR053-A19
FR053,FR053-A14,FR053-A18
FR053,FR053-A14,FR053-A17
FR053,FR053-A14,FR053-A16
FR053,FR053-A14,FR053-A15
FR053,FR053-A15,FR053-A29
FR053,FR053-A15,FR053-A28
FR053,FR053-A15,FR053-A27
FR053,FR053-A15,FR053-A26
FR053,FR053-A15,FR053-A24
FR053,FR053-A15,FR053-A22
FR053,FR053-A15,FR053-A19
FR053,FR053-A15,FR053-A18
FR053,FR053-A15,FR053-A17
FR053,FR053-A15,FR053-A16
FR053,FR053-A16,FR053-A29
FR053,FR053-A16,FR053-A28
FR053,FR053-A16,FR053-A27
FR053,FR053-A16,FR053-A26
FR053,FR053-A16,FR053-A24
FR053,FR053-A16,FR053-A22
FR053,FR053-A16,FR053-A19
FR053,FR053-A16,FR053-A17
FR053,FR053-A17,FR053-A29
FR053,FR053-A17,FR053-A28
FR053,FR053-A17,FR053-A26
FR053,FR053-A17,FR053-A24
FR053,FR053-A17,FR053-A22
FR053,FR053-A17,FR053-A19
FR053,FR053-A18,FR053-A29
FR053,FR053-A18,FR053-A22
FR053,FR053-A18,FR053-A19
FR053,FR053-A19,FR053-A29
FR053,FR053-A19,FR053-A28
FR053,FR053-A19,FR053-A27
FR053,FR053-A19,FR053-A26
FR053,FR053-A19,FR053-A24
FR053,FR053-A19,FR053-A22
FR053,FR053-A20,FR053-A22
FR053,FR053-A20,FR053-A21
FR053,FR053-A21,FR053-A22
FR053,FR053-A22,FR053-A29
FR053,FR053-A22,FR053-A28
FR053,FR053-A22,FR053-A27
FR053,FR053-A22,FR053-A26
FR053,FR053-A22,FR053-A24
FR053,FR053-A24,FR053-A29
FR053,FR053-A24,FR053-A28
FR053,FR053-A26,FR053-A29
FR053,FR053-A26,FR053-A28
FR053,FR053-A26,FR053-A27
FR053,FR053-A27,FR053-A29
FR053,FR053-A27,FR053-A28
FR053,FR053-A28,FR053-A30
FR053,FR053-A28,FR053-A29
FR053,FR053-A29,FR053-A30
FR054,FR054-A01,FR054-A30
FR054,FR054-A01,FR054-A22
FR054,FR054-A01,FR054-A16
FR054,FR054-A01,FR054-A14
FR054,FR054-A01,FR054-A11
FR054,FR054-A01,FR054-A08
FR054,FR054-A01,FR054-A07
FR054,FR054-A01,FR054-A04
FR054,FR054-A01,FR054-A03
FR054,FR054-A01,FR054-A02
FR054,FR054-A02,FR054-A30
FR054,FR054-A02,FR054-A23
FR054,FR054-A02,FR054-A22
FR054,FR054-A02,FR054-A19
FR054,FR054-A02,FR054-A18
FR054,FR054-A02,FR054-A17
FR054,FR054-A02,FR054-A16
FR054,FR054-A02,FR054-A11
FR054,FR054-A02,FR054-A10
FR054,FR054-A02,FR054-A09
FR054,FR054-A02,FR054-A08
FR054,FR054-A02,FR054-A07
FR054,FR054-A02,FR054-A06
FR054,FR054-A02,FR054-A05
FR054,FR054-A02,FR054-A04
FR054,FR054-A02,FR054-A03
FR054,FR054-A03,FR054-A30
FR054,FR054-A03,FR054-A22
FR054,FR054-A03,FR054-A19
FR054,FR054-A03,FR054-A18
FR054,FR054-A03,FR054-A17
FR054,FR054-A03,FR054-A16
FR054,FR054-A03,FR054-A11
FR054,FR054-A03,FR054-A10
FR054,FR054-A03,FR054-A09
FR054,FR054-A03,FR054-A08
FR054,FR054-A03,FR054-A07
FR054,FR054-A03,FR054-A06
FR054,FR054-A03,FR054-A05
FR054,FR054-A03,FR054-A04
FR054,FR054-A04,FR054-A30
FR054,FR054-A04,FR054-A22
FR054,FR054-A04,FR054-A19
FR054,FR054-A04,FR054-A18
FR054,FR054-A04,FR054-A17
FR054,FR054-A04,FR054-A16
FR054,FR054-A04,FR054-A11
FR054,FR054-A04,FR054-A10
FR054,FR054-A04,FR054-A09
FR054,FR054-A04,FR054-A08
FR054,FR054-A04,FR054-A07
FR054,FR054-A04,FR054-A06
FR054,FR054-A04,FR054-A05
FR054,FR054-A05,FR054-A30
FR054,FR054-A05,FR054-A22
FR054,FR054-A05,FR054-A18
FR054,FR054-A05,FR054-A17
FR054,FR054-A05,FR054-A16
FR054,FR054-A05,FR054-A11
FR054,FR054-A05,FR054-A10
FR054,FR054-A05,FR054-A09
FR054,FR054-A05,FR054-A08
FR054,FR054-A05,FR054-A07
FR054,FR054-A05,FR054-A06
FR054,FR054-A06,FR054-A22
FR054,FR054-A06,FR054-A19
FR054,FR054-A06,FR054-A18
FR054,FR054-A06,FR054-A16
FR054,FR054-A06,FR054-A11
FR054,FR054-A06,FR054-A10
FR054,FR054-A06,FR054-A09
FR054,FR054-A06,FR054-A08
FR054,FR054-A06,FR054-A07
FR054,FR054-A07,FR054-A30
FR054,FR054-A07,FR054-A29
FR054,FR054-A07,FR054-A28
FR054,FR054-A07,FR054-A27
FR054,FR054-A07,FR054-A26
FR054,FR054-A07,FR054-A22
FR054,FR054-A07,FR054-A18
FR054,FR054-A07,FR054-A16
FR054,FR054-A07,FR054-A14
FR054,FR054-A07,FR054-A13
FR054,FR054-A07,FR054-A12
FR054,FR054-A07,FR054-A11
FR054,FR054-A07,FR054-A10
FR054,FR054-A07,FR054-A09
FR054,FR054-A07,FR054-A08
FR054,FR054-A08,FR054-A30
FR054,FR054-A08,FR054-A29
FR054,FR054-A08,FR054-A28
FR054,FR054-A08,FR054-A27
FR054,FR054-A08,FR054-A26
FR054,FR054-A08,FR054-A22
FR054,FR054-A08,FR054-A16
FR054,FR054-A08,FR054-A14
FR054,FR054-A08,FR054-A13
FR054,FR054-A08,FR054-A12
FR054,FR054-A08,FR054-A11
FR054,FR054-A08,FR054-A10
FR054,FR054-A08,FR054-A09
FR054,FR054-A09,FR054-A22
FR054,FR054-A09,FR054-A19
FR054,FR054-A09,FR054-A18
FR054,FR054-A09,FR054-A17
FR054,FR054-A09,FR054-A16
FR054,FR054-A09,FR054-A11
FR054,FR054-A09,FR054-A10
FR054,FR054-A10,FR054-A22
FR054,FR054-A10,FR054-A19
FR054,FR054-A10,FR054-A18
FR054,FR054-A10,FR054-A17
FR054,FR054-A10,FR054-A16
FR054,FR054-A10,FR054-A11
FR054,FR054-A11,FR054-A30
FR054,FR054-A11,FR054-A22
FR054,FR054-A11,FR054-A18
FR054,FR054-A11,FR054-A17
FR054,FR054-A11,FR054-A16
FR054,FR054-A11,FR054-A14
FR054,FR054-A12,FR054-A29
FR054,FR054-A12,FR054-A28
FR054,FR054-A12,FR054-A27
FR054,FR054-A12,FR054-A26
FR054,FR054-A12,FR054-A16
FR054,FR054-A12,FR054-A13
FR054,FR054-A13,FR054-A29
FR054,FR054-A13,FR054-A28
FR054,FR054-A13,FR054-A27
FR054,FR054-A13,FR054-A26
FR054,FR054-A13,FR054-A16
FR054,FR054-A14,FR054-A30
FR054,FR054-A14,FR054-A22
FR054,FR054-A14,FR054-A16
FR054,FR054-A15,FR054-A16
FR054,FR054-A16,FR054-A30
FR054,FR054-A16,FR054-A29
FR054,FR054-A16,FR054-A28
FR054,FR054-A16,FR054-A27
FR054,FR054-A16,FR054-A26
FR054,FR054-A16,FR054-A25
FR054,FR054-A16,FR054-A24
FR054,FR054-A16,FR054-A23
FR054,FR054-A16,FR054-A22
FR054,FR054-A16,FR054-A19
FR054,FR054-A16,FR054-A18
FR054,FR054-A16,FR054-A17
FR054,FR054-A17,FR054-A30
FR054,FR054-A17,FR054-A22
FR054,FR054-A17,FR054-A19
FR054,FR054-A17,FR054-A18
FR054,FR054-A18,FR054-A22
FR054,FR054-A19,FR054-A22
FR054,FR054-A20,FR054-A22
FR054,FR054-A21,FR054-A22
FR054,FR054-A22,FR054-A30
FR054,FR054-A22,FR054-A29
FR054,FR054-A22,FR054-A28
FR054,FR054-A22,FR054-A27
FR054,FR054-A22,FR054-A26
FR054,FR054-A22,FR054-A24
FR054,FR054-A22,FR054-A23
FR054,FR054-A23,FR054-A28
FR054,FR054-A23,FR054-A24
FR054,FR054-A28,FR054-A29
FR055,FR055-A01,FR055-A21
FR055,FR055-A01,FR055-A17
FR055,FR055-A01,FR055-A09
FR055,FR055-A01,FR055-A08
FR055,FR055-A01,FR055-A07
FR055,FR055-A01,FR055-A05
FR055,FR055-A01,FR055-A02
FR055,FR055-A02,FR055-A21
FR055,FR055-A02,FR055-A09
FR055,FR055-A02,FR055-A08
FR055,FR055-A02,FR055-A07
FR055,FR055-A02,FR055-A05
FR055,FR055-A03,FR055-A30
FR055,FR055-A03,FR055-A29
FR055,FR055-A03,FR055-A28
FR055,FR055-A03,FR055-A27
FR055,FR055-A03,FR055-A25
FR055,FR055-A03,FR055-A21
FR055,FR055-A03,FR055-A20
FR055,FR055-A03,FR055-A19
FR055,FR055-A03,FR055-A14
FR055,FR055-A03,FR055-A13
FR055,FR055-A03,FR055-A12
FR055,FR055-A03,FR055-A11
FR055,FR055-A03,FR055-A10
FR055,FR055-A03,FR055-A06
FR055,FR055-A03,FR055-A05
FR055,FR055-A03,FR055-A04
FR055,FR055-A04,FR055-A30
FR055,FR055-A04,FR055-A29
FR055,FR055-A04,FR055-A28
FR055,FR055-A04,FR055-A27
FR055,FR055-A04,FR055-A25
FR055,FR055-A04,FR055-A21
FR055,FR055-A04,FR055-A20
FR055,FR055-A04,FR055-A19
FR055,FR055-A04,FR055-A14
FR055,FR055-A04,FR055-A12
FR055,FR055-A04,FR055-A11
FR055,FR055-A04,FR055-A10
FR055,FR055-A04,FR055-A05
FR055,FR055-A05,FR055-A30
FR055,FR055-A05,FR055-A29
FR055,FR055-A05,FR055-A28
FR055,FR055-A05,FR055-A27
FR055,FR055-A05,FR055-A26
FR055,FR055-A05,FR055-A25
FR055,FR055-A05,FR055-A24
FR055,FR055-A05,FR055-A23
FR055,FR055-A05,FR055-A22
FR055,FR055-A05,FR055-A21
FR055,FR055-A05,FR055-A20
FR055,FR055-A05,FR055-A19
FR055,FR055-A05,FR055-A18
FR055,FR055-A05,FR055-A17
FR055,FR055-A05,FR055-A16
FR055,FR055-A05,FR055-A15
FR055,FR055-A05,FR055-A14
FR055,FR055-A05,FR055-A13
FR055,FR055-A05,FR055-A12
FR055,FR055-A05,FR055-A11
FR055,FR055-A05,FR055-A10
FR055,FR055-A05,FR055-A09
FR055,FR055-A05,FR055-A08
FR055,FR055-A05,FR055-A07
FR055,FR055-A05,FR055-A06
FR055,FR055-A06,FR055-A28
FR055,FR055-A06,FR055-A21
FR055,FR055-A06,FR055-A14
FR055,FR055-A06,FR055-A13
FR055,FR055-A06,FR055-A12
FR055,FR055-A06,FR055-A11
FR055,FR055-A06,FR055-A10
FR055,FR055-A06,FR055-A09
FR055,FR055-A06,FR055-A08
FR055,FR055-A06,FR055-A07
FR055,FR055-A07,FR055-A28
FR055,FR055-A07,FR055-A21
FR055,FR055-A07,FR055-A17
FR055,FR055-A07,FR055-A11
FR055,FR055-A07,FR055-A09
FR055,FR055-A07,FR055-A08
FR055,FR055-A08,FR055-A28
FR055,FR055-A08,FR055-A21
FR055,FR055-A08,FR055-A17
FR055,FR055-A08,FR055-A16
FR055,FR055-A08,FR055-A15
FR055,FR055-A08,FR055-A14
FR055,FR055-A08,FR055-A13
FR055,FR055-A08,FR055-A12
FR055,FR055-A08,FR055-A11
FR055,FR055-A08,FR055-A09
FR055,FR055-A09,FR055-A28
FR055,FR055-A09,FR055-A17
FR055,FR055-A09,FR055-A11
FR055,FR055-A10,FR055-A30
FR055,FR055-A10,FR055-A29
FR055,FR055-A10,FR055-A28
FR055,FR055-A10,FR055-A27
FR055,FR055-A10,FR055-A26
FR055,FR055-A10,FR055-A25
FR055,FR055-A10,FR055-A24
FR055,FR055-A10,FR055-A23
FR055,FR055-A10,FR055-A22
FR055,FR055-A10,FR055-A21
FR055,FR055-A10,FR055-A20
FR055,FR055-A10,FR055-A19
FR055,FR055-A10,FR055-A18
FR055,FR055-A10,FR055-A14
FR055,FR055-A10,FR055-A12
FR055,FR055-A10,FR055-A11
FR055,FR055-A11,FR055-A30
FR055,FR055-A11,FR055-A29
FR055,FR055-A11,FR055-A28
FR055,FR055-A11,FR055-A27
FR055,FR055-A11,FR055-A25
FR055,FR055-A11,FR055-A24
FR055,FR055-A11,FR055-A23
FR055,FR055-A11,FR055-A14
FR055,FR055-A12,FR055-A30
FR055,FR055-A12,FR055-A29
FR055,FR055-A12,FR055-A28
FR055,FR055-A12,FR055-A21
FR055,FR055-A12,FR055-A14
FR055,FR055-A13,FR055-A28
FR055,FR055-A13,FR055-A21
FR055,FR055-A13,FR055-A14
FR055,FR055-A14,FR055-A30
FR055,FR055-A14,FR055-A29
FR055,FR055-A14,FR055-A28
FR055,FR055-A14,FR055-A27
FR055,FR055-A14,FR055-A25
FR055,FR055-A14,FR055-A22
FR055,FR055-A14,FR055-A21
FR055,FR055-A14,FR055-A20
FR055,FR055-A14,FR055-A19
FR055,FR055-A15,FR055-A21
FR055,FR055-A16,FR055-A21
FR055,FR055-A17,FR055-A21
FR055,FR055-A18,FR055-A26
FR055,FR055-A18,FR055-A22
FR055,FR055-A18,FR055-A21
FR055,FR055-A19,FR055-A30
FR055,FR055-A19,FR055-A29
FR055,FR055-A19,FR055-A28
FR055,FR055-A19,FR055-A27
FR055,FR055-A19,FR055-A25
FR055,FR055-A19,FR055-A21
FR055,FR055-A19,FR055-A20
FR055,FR055-A20,FR055-A30
FR055,FR055-A20,FR055-A29
FR055,FR055-A20,FR055-A28
FR055,FR055-A20,FR055-A27
FR055,FR055-A20,FR055-A25
FR055,FR055-A20,FR055-A21
FR055,FR055-A21,FR055-A30
FR055,FR055-A21,FR055-A29
FR055,FR055-A21,FR055-A28
FR055,FR055-A21,FR055-A27
FR055,FR055-A21,FR055-A26
FR055,FR055-A21,FR055-A25
FR055,FR055-A21,FR055-A24
FR055,FR055-A21,FR055-A23
FR055,FR055-A21,FR055-A22
FR055,FR055-A23,FR055-A24
FR055,FR055-A24,FR055-A30
FR055,FR055-A24,FR055-A29
FR055,FR055-A25,FR055-A30
FR055,FR055-A25,FR055-A29
FR055,FR055-A25,FR055-A28
FR055,FR055-A25,FR055-A27
FR055,FR055-A27,FR055-A30
FR055,FR055-A27,FR055-A29
FR055,FR055-A27,FR055-A28
FR055,FR055-A28,FR055-A30
FR055,FR055-A28,FR055-A29
FR055,FR055-A29,FR055-A30
FR056,FR056-A01,FR056-A29
FR056,FR056-A01,FR056-A20
FR056,FR056-A01,FR056-A19
FR056,FR056-A01,FR056-A18
FR056,FR056-A01,FR056-A17
FR056,FR056-A01,FR056-A16
FR056,FR056-A01,FR056-A11
FR056,FR056-A01,FR056-A10
FR056,FR056-A01,FR056-A09
FR056,FR056-A01,FR056-A08
FR056,FR056-A01,FR056-A06
FR056,FR056-A01,FR056-A05
FR056,FR056-A01,FR056-A03
FR056,FR056-A01,FR056-A02
FR056,FR056-A02,FR056-A20
FR056,FR056-A02,FR056-A19
FR056,FR056-A02,FR056-A18
FR056,FR056-A02,FR056-A17
FR056,FR056-A02,FR056-A16
FR056,FR056-A02,FR056-A10
FR056,FR056-A02,FR056-A06
FR056,FR056-A02,FR056-A05
FR056,FR056-A02,FR056-A04
FR056,FR056-A02,FR056-A03
FR056,FR056-A03,FR056-A20
FR056,FR056-A03,FR056-A19
FR056,FR056-A03,FR056-A18
FR056,FR056-A03,FR056-A17
FR056,FR056-A03,FR056-A16
FR056,FR056-A03,FR056-A09
FR056,FR056-A03,FR056-A08
FR056,FR056-A03,FR056-A06
FR056,FR056-A03,FR056-A05
FR056,FR056-A04,FR056-A20
FR056,FR056-A04,FR056-A06
FR056,FR056-A05,FR056-A20
FR056,FR056-A05,FR056-A19
FR056,FR056-A05,FR056-A18
FR056,FR056-A05,FR056-A17
FR056,FR056-A05,FR056-A16
FR056,FR056-A05,FR056-A09
FR056,FR056-A05,FR056-A08
FR056,FR056-A05,FR056-A06
FR056,FR056-A06,FR056-A29
FR056,FR056-A06,FR056-A20
FR056,FR056-A06,FR056-A19
FR056,FR056-A06,FR056-A18
FR056,FR056-A06,FR056-A17
FR056,FR056-A06,FR056-A16
FR056,FR056-A06,FR056-A11
FR056,FR056-A06,FR056-A10
FR056,FR056-A06,FR056-A09
FR056,FR056-A06,FR056-A08
FR056,FR056-A07,FR056-A14
FR056,FR056-A07,FR056-A13
FR056,FR056-A07,FR056-A12
FR056,FR056-A08,FR056-A20
FR056,FR056-A08,FR056-A19
FR056,FR056-A08,FR056-A18
FR056,FR056-A08,FR056-A17
FR056,FR056-A08,FR056-A16
FR056,FR056-A08,FR056-A09
FR056,FR056-A09,FR056-A20
FR056,FR056-A09,FR056-A19
FR056,FR056-A09,FR056-A18
FR056,FR056-A09,FR056-A17
FR056,FR056-A09,FR056-A16
FR056,FR056-A10,FR056-A20
FR056,FR056-A11,FR056-A20
FR056,FR056-A11,FR056-A19
FR056,FR056-A11,FR056-A18
FR056,FR056-A11,FR056-A16
FR056,FR056-A12,FR056-A14
FR056,FR056-A12,FR056-A13
FR056,FR056-A13,FR056-A19
FR056,FR056-A13,FR056-A16
FR056,FR056-A13,FR056-A14
FR056,FR056-A15,FR056-A24
FR056,FR056-A15,FR056-A23
FR056,FR056-A15,FR056-A22
FR056,FR056-A16,FR056-A29
FR056,FR056-A16,FR056-A20
FR056,FR056-A16,FR056-A19
FR056,FR056-A16,FR056-A18
FR056,FR056-A16,FR056-A17
FR056,FR056-A17,FR056-A29
FR056,FR056-A17,FR056-A20
FR056,FR056-A17,FR056-A19
FR056,FR056-A17,FR056-A18
FR056,FR056-A18,FR056-A20
FR056,FR056-A18,FR056-A19
FR056,FR056-A19,FR056-A29
FR056,FR056-A19,FR056-A20
FR056,FR056-A22,FR056-A28
FR056,FR056-A22,FR056-A27
FR056,FR056-A22,FR056-A26
FR056,FR056-A22,FR056-A25
FR056,FR056-A22,FR056-A24
FR056,FR056-A22,FR056-A23
FR056,FR056-A23,FR056-A28
FR056,FR056-A23,FR056-A27
FR056,FR056-A23,FR056-A26
FR056,FR056-A23,FR056-A25
FR056,FR056-A23,FR056-A24
FR056,FR056-A24,FR056-A28
FR056,FR056-A24,FR056-A27
FR056,FR056-A24,FR056-A26
FR056,FR056-A24,FR056-A25
FR056,FR056-A25,FR056-A28
FR056,FR056-A25,FR056-A27
FR056,FR056-A25,FR056-A26
FR056,FR056-A26,FR056-A28
FR056,FR056-A26,FR056-A27
FR056,FR056-A27,FR056-A28
FR057,FR057-A01,FR057-A30
FR057,FR057-A01,FR057-A28
FR057,FR057-A01,FR057-A27
FR057,FR057-A01,FR057-A24
FR057,FR057-A01,FR057-A23
FR057,FR057-A01,FR057-A22
FR057,FR057-A01,FR057-A21
FR057,FR057-A01,FR057-A19
FR057,FR057-A01,FR057-A18
FR057,FR057-A01,FR057-A17
FR057,FR057-A01,FR057-A15
FR057,FR057-A01,FR057-A14
FR057,FR057-A01,FR057-A13
FR057,FR057-A01,FR057-A12
FR057,FR057-A01,FR057-A11
FR057,FR057-A01,FR057-A09
FR057,FR057-A01,FR057-A08
FR057,FR057-A01,FR057-A07
FR057,FR057-A01,FR057-A05
FR057,FR057-A01,FR057-A04
FR057,FR057-A01,FR057-A02
FR057,FR057-A02,FR057-A30
FR057,FR057-A02,FR057-A29
FR057,FR057-A02,FR057-A27
FR057,FR057-A02,FR057-A26
FR057,FR057-A02,FR057-A25
FR057,FR057-A02,FR057-A24
FR057,FR057-A02,FR057-A23
FR057,FR057-A02,FR057-A22
FR057,FR057-A02,FR057-A20
FR057,FR057-A02,FR057-A19
FR057,FR057-A02,FR057-A18
FR057,FR057-A02,FR057-A16
FR057,FR057-A02,FR057-A15
FR057,FR057-A02,FR057-A14
FR057,FR057-A02,FR057-A12
FR057,FR057-A02,FR057-A11
FR057,FR057-A02,FR057-A08
FR057,FR057-A02,FR057-A07
FR057,FR057-A02,FR057-A06
FR057,FR057-A02,FR057-A05
FR057,FR057-A02,FR057-A04
FR057,FR057-A02,FR057-A03
FR057,FR057-A03,FR057-A30
FR057,FR057-A03,FR057-A29
FR057,FR057-A03,FR057-A27
FR057,FR057-A03,FR057-A26
FR057,FR057-A03,FR057-A25
FR057,FR057-A03,FR057-A23
FR057,FR057-A03,FR057-A22
FR057,FR057-A03,FR057-A21
FR057,FR057-A03,FR057-A20
FR057,FR057-A03,FR057-A18
FR057,FR057-A03,FR057-A17
FR057,FR057-A03,FR057-A15
FR057,FR057-A03,FR057-A14
FR057,FR057-A03,FR057-A13
FR057,FR057-A03,FR057-A12
FR057,FR057-A03,FR057-A11
FR057,FR057-A03,FR057-A09
FR057,FR057-A03,FR057-A08
FR057,FR057-A03,FR057-A06
FR057,FR057-A03,FR057-A05
FR057,FR057-A03,FR057-A04
FR057,FR057-A04,FR057-A30
FR057,FR057-A04,FR057-A28
FR057,FR057-A04,FR057-A27
FR057,FR057-A04,FR057-A26
FR057,FR057-A04,FR057-A24
FR057,FR057-A04,FR057-A23
FR057,FR057-A04,FR057-A22
FR057,FR057-A04,FR057-A21
FR057,FR057-A04,FR057-A19
FR057,FR057-A04,FR057-A17
FR057,FR057-A04,FR057-A16
FR057,FR057-A04,FR057-A15
FR057,FR057-A04,FR057-A14
FR057,FR057-A04,FR057-A12
FR057,FR057-A04,FR057-A11
FR057,FR057-A04,FR057-A09
FR057,FR057-A04,FR057-A08
FR057,FR057-A04,FR057-A07
FR057,FR057-A04,FR057-A06
FR057,FR057-A05,FR057-A30
FR057,FR057-A05,FR057-A29
FR057,FR057-A05,FR057-A27
FR057,FR057-A05,FR057-A26
FR057,FR057-A05,FR057-A24
FR057,FR057-A05,FR057-A23
FR057,FR057-A05,FR057-A22
FR057,FR057-A05,FR057-A20
FR057,FR057-A05,FR057-A19
FR057,FR057-A05,FR057-A17
FR057,FR057-A05,FR057-A16
FR057,FR057-A05,FR057-A14
FR057,FR057-A05,FR057-A13
FR057,FR057-A05,FR057-A11
FR057,FR057-A05,FR057-A10
FR057,FR057-A05,FR057-A08
FR057,FR057-A05,FR057-A07
FR057,FR057-A05,FR057-A06
FR057,FR057-A06,FR057-A30
FR057,FR057-A06,FR057-A29
FR057,FR057-A06,FR057-A28
FR057,FR057-A06,FR057-A26
FR057,FR057-A06,FR057-A25
FR057,FR057-A06,FR057-A23
FR057,FR057-A06,FR057-A22
FR057,FR057-A06,FR057-A21
FR057,FR057-A06,FR057-A19
FR057,FR057-A06,FR057-A17
FR057,FR057-A06,FR057-A16
FR057,FR057-A06,FR057-A14
FR057,FR057-A06,FR057-A13
FR057,FR057-A06,FR057-A10
FR057,FR057-A06,FR057-A09
FR057,FR057-A06,FR057-A08
FR057,FR057-A07,FR057-A30
FR057,FR057-A07,FR057-A29
FR057,FR057-A07,FR057-A27
FR057,FR057-A07,FR057-A26
FR057,FR057-A07,FR057-A25
FR057,FR057-A07,FR057-A23
FR057,FR057-A07,FR057-A21
FR057,FR057-A07,FR057-A20
FR057,FR057-A07,FR057-A18
FR057,FR057-A07,FR057-A17
FR057,FR057-A07,FR057-A16
FR057,FR057-A07,FR057-A14
FR057,FR057-A07,FR057-A12
FR057,FR057-A07,FR057-A11
FR057,FR057-A07,FR057-A09
FR057,FR057-A07,FR057-A08
FR057,FR057-A08,FR057-A30
FR057,FR057-A08,FR057-A29
FR057,FR057-A08,FR057-A25
FR057,FR057-A08,FR057-A24
FR057,FR057-A08,FR057-A23
FR057,FR057-A08,FR057-A21
FR057,FR057-A08,FR057-A20
FR057,FR057-A08,FR057-A19
FR057,FR057-A08,FR057-A18
FR057,FR057-A08,FR057-A15
FR057,FR057-A08,FR057-A14
FR057,FR057-A08,FR057-A10
FR057,FR057-A09,FR057-A30
FR057,FR057-A09,FR057-A29
FR057,FR057-A09,FR057-A27
FR057,FR057-A09,FR057-A26
FR057,FR057-A09,FR057-A25
FR057,FR057-A09,FR057-A23
FR057,FR057-A09,FR057-A21
FR057,FR057-A09,FR057-A20
FR057,FR057-A09,FR057-A19
FR057,FR057-A09,FR057-A17
FR057,FR057-A09,FR057-A16
FR057,FR057-A09,FR057-A14
FR057,FR057-A09,FR057-A13
FR057,FR057-A09,FR057-A12
FR057,FR057-A09,FR057-A11
FR057,FR057-A10,FR057-A30
FR057,FR057-A10,FR057-A29
FR057,FR057-A10,FR057-A28
FR057,FR057-A10,FR057-A27
FR057,FR057-A10,FR057-A26
FR057,FR057-A10,FR057-A24
FR057,FR057-A10,FR057-A23
FR057,FR057-A10,FR057-A22
FR057,FR057-A10,FR057-A21
FR057,FR057-A10,FR057-A19
FR057,FR057-A10,FR057-A18
FR057,FR057-A10,FR057-A17
FR057,FR057-A10,FR057-A15
FR057,FR057-A10,FR057-A14
FR057,FR057-A10,FR057-A13
FR057,FR057-A10,FR057-A12
FR057,FR057-A10,FR057-A11
FR057,FR057-A11,FR057-A30
FR057,FR057-A11,FR057-A29
FR057,FR057-A11,FR057-A27
FR057,FR057-A11,FR057-A26
FR057,FR057-A11,FR057-A25
FR057,FR057-A11,FR057-A24
FR057,FR057-A11,FR057-A23
FR057,FR057-A11,FR057-A21
FR057,FR057-A11,FR057-A20
FR057,FR057-A11,FR057-A19
FR057,FR057-A11,FR057-A17
FR057,FR057-A11,FR057-A16
FR057,FR057-A11,FR057-A14
FR057,FR057-A11,FR057-A13
FR057,FR057-A11,FR057-A12
FR057,FR057-A12,FR057-A30
FR057,FR057-A12,FR057-A29
FR057,FR057-A12,FR057-A28
FR057,FR057-A12,FR057-A27
FR057,FR057-A12,FR057-A25
FR057,FR057-A12,FR057-A24
FR057,FR057-A12,FR057-A22
FR057,FR057-A12,FR057-A21
FR057,FR057-A12,FR057-A19
FR057,FR057-A12,FR057-A18
FR057,FR057-A12,FR057-A15
FR057,FR057-A12,FR057-A14
FR057,FR057-A13,FR057-A30
FR057,FR057-A13,FR057-A29
FR057,FR057-A13,FR057-A27
FR057,FR057-A13,FR057-A26
FR057,FR057-A13,FR057-A24
FR057,FR057-A13,FR057-A22
FR057,FR057-A13,FR057-A20
FR057,FR057-A13,FR057-A19
FR057,FR057-A13,FR057-A18
FR057,FR057-A13,FR057-A17
FR057,FR057-A13,FR057-A16
FR057,FR057-A14,FR057-A28
FR057,FR057-A14,FR057-A27
FR057,FR057-A14,FR057-A26
FR057,FR057-A14,FR057-A23
FR057,FR057-A14,FR057-A22
FR057,FR057-A14,FR057-A21
FR057,FR057-A14,FR057-A20
FR057,FR057-A14,FR057-A19
FR057,FR057-A14,FR057-A18
FR057,FR057-A14,FR057-A16
FR057,FR057-A15,FR057-A30
FR057,FR057-A15,FR057-A29
FR057,FR057-A15,FR057-A26
FR057,FR057-A15,FR057-A25
FR057,FR057-A15,FR057-A24
FR057,FR057-A15,FR057-A22
FR057,FR057-A15,FR057-A20
FR057,FR057-A15,FR057-A19
FR057,FR057-A15,FR057-A17
FR057,FR057-A15,FR057-A16
FR057,FR057-A16,FR057-A30
FR057,FR057-A16,FR057-A29
FR057,FR057-A16,FR057-A27
FR057,FR057-A16,FR057-A26
FR057,FR057-A16,FR057-A24
FR057,FR057-A16,FR057-A18
FR057,FR057-A17,FR057-A29
FR057,FR057-A17,FR057-A28
FR057,FR057-A17,FR057-A25
FR057,FR057-A17,FR057-A24
FR057,FR057-A17,FR057-A23
FR057,FR057-A17,FR057-A22
FR057,FR057-A17,FR057-A20
FR057,FR057-A17,FR057-A19
FR057,FR057-A18,FR057-A29
FR057,FR057-A18,FR057-A28
FR057,FR057-A18,FR057-A26
FR057,FR057-A18,FR057-A25
FR057,FR057-A18,FR057-A23
FR057,FR057-A18,FR057-A22
FR057,FR057-A18,FR057-A20
FR057,FR057-A19,FR057-A30
FR057,FR057-A19,FR057-A28
FR057,FR057-A19,FR057-A27
FR057,FR057-A19,FR057-A25
FR057,FR057-A19,FR057-A24
FR057,FR057-A19,FR057-A22
FR057,FR057-A19,FR057-A21
FR057,FR057-A20,FR057-A29
FR057,FR057-A20,FR057-A28
FR057,FR057-A20,FR057-A25
FR057,FR057-A20,FR057-A24
FR057,FR057-A20,FR057-A23
FR057,FR057-A20,FR057-A22
FR057,FR057-A20,FR057-A21
FR057,FR057-A21,FR057-A29
FR057,FR057-A21,FR057-A28
FR057,FR057-A21,FR057-A27
FR057,FR057-A21,FR057-A26
FR057,FR057-A21,FR057-A24
FR057,FR057-A21,FR057-A23
FR057,FR057-A21,FR057-A22
FR057,FR057-A22,FR057-A29
FR057,FR057-A22,FR057-A28
FR057,FR057-A22,FR057-A27
FR057,FR057-A22,FR057-A26
FR057,FR057-A22,FR057-A24
FR057,FR057-A22,FR057-A23
FR057,FR057-A23,FR057-A29
FR057,FR057-A23,FR057-A28
FR057,FR057-A23,FR057-A27
FR057,FR057-A23,FR057-A25
FR057,FR057-A24,FR057-A30
FR057,FR057-A24,FR057-A29
FR057,FR057-A24,FR057-A27
FR057,FR057-A24,FR057-A25
FR057,FR057-A25,FR057-A30
FR057,FR057-A25,FR057-A28
FR057,FR057-A25,FR057-A27
FR057,FR057-A26,FR057-A30
FR057,FR057-A26,FR057-A29
FR057,FR057-A26,FR057-A27
FR057,FR057-A27,FR057-A30
FR057,FR057-A28,FR057-A30
FR057,FR057-A28,FR057-A29
FR057,FR057-A29,FR057-A30
FR058,FR058-A01,FR058-A30
FR058,FR058-A01,FR058-A28
FR058,FR058-A01,FR058-A27
FR058,FR058-A01,FR058-A26
FR058,FR058-A01,FR058-A25
FR058,FR058-A01,FR058-A23
FR058,FR058-A01,FR058-A21
FR058,FR058-A01,FR058-A20
FR058,FR058-A01,FR058-A17
FR058,FR058-A01,FR058-A16
FR058,FR058-A01,FR058-A15
FR058,FR058-A01,FR058-A12
FR058,FR058-A01,FR058-A11
FR058,FR058-A01,FR058-A10
FR058,FR058-A01,FR058-A09
FR058,FR058-A01,FR058-A08
FR058,FR058-A01,FR058-A07
FR058,FR058-A01,FR058-A06
FR058,FR058-A01,FR058-A04
FR058,FR058-A01,FR058-A03
FR058,FR058-A02,FR058-A30
FR058,FR058-A02,FR058-A29
FR058,FR058-A02,FR058-A28
FR058,FR058-A02,FR058-A27
FR058,FR058-A02,FR058-A26
FR058,FR058-A02,FR058-A25
FR058,FR058-A02,FR058-A24
FR058,FR058-A02,FR058-A23
FR058,FR058-A02,FR058-A22
FR058,FR058-A02,FR058-A21
FR058,FR058-A02,FR058-A19
FR058,FR058-A02,FR058-A18
FR058,FR058-A02,FR058-A17
FR058,FR058-A02,FR058-A16
FR058,FR058-A02,FR058-A15
FR058,FR058-A02,FR058-A14
FR058,FR058-A02,FR058-A13
FR058,FR058-A02,FR058-A12
FR058,FR058-A02,FR058-A11
FR058,FR058-A02,FR058-A10
FR058,FR058-A02,FR058-A09
FR058,FR058-A02,FR058-A08
FR058,FR058-A02,FR058-A07
FR058,FR058-A02,FR058-A06
FR058,FR058-A02,FR058-A05
FR058,FR058-A02,FR058-A04
FR058,FR058-A02,FR058-A03
FR058,FR058-A03,FR058-A30
FR058,FR058-A03,FR058-A29
FR058,FR058-A03,FR058-A28
FR058,FR058-A03,FR058-A26
FR058,FR058-A03,FR058-A25
FR058,FR058-A03,FR058-A23
FR058,FR058-A03,FR058-A22
FR058,FR058-A03,FR058-A21
FR058,FR058-A03,FR058-A20
FR058,FR058-A03,FR058-A19
FR058,FR058-A03,FR058-A18
FR058,FR058-A03,FR058-A17
FR058,FR058-A03,FR058-A16
FR058,FR058-A03,FR058-A15
FR058,FR058-A03,FR058-A13
FR058,FR058-A03,FR058-A12
FR058,FR058-A03,FR058-A11
FR058,FR058-A03,FR058-A10
FR058,FR058-A03,FR058-A09
FR058,FR058-A03,FR058-A08
FR058,FR058-A03,FR058-A07
FR058,FR058-A03,FR058-A05
FR058,FR058-A03,FR058-A04
FR058,FR058-A04,FR058-A29
FR058,FR058-A04,FR058-A28
FR058,FR058-A04,FR058-A27
FR058,FR058-A04,FR058-A26
FR058,FR058-A04,FR058-A25
FR058,FR058-A04,FR058-A23
FR058,FR058-A04,FR058-A20
FR058,FR058-A04,FR058-A19
FR058,FR058-A04,FR058-A18
FR058,FR058-A04,FR058-A17
FR058,FR058-A04,FR058-A15
FR058,FR058-A04,FR058-A14
FR058,FR058-A04,FR058-A12
FR058,FR058-A04,FR058-A11
FR058,FR058-A04,FR058-A10
FR058,FR058-A04,FR058-A09
FR058,FR058-A04,FR058-A07
FR058,FR058-A04,FR058-A05
FR058,FR058-A05,FR058-A30
FR058,FR058-A05,FR058-A29
FR058,FR058-A05,FR058-A28
FR058,FR058-A05,FR058-A27
FR058,FR058-A05,FR058-A23
FR058,FR058-A05,FR058-A22
FR058,FR058-A05,FR058-A20
FR058,FR058-A05,FR058-A19
FR058,FR058-A05,FR058-A17
FR058,FR058-A05,FR058-A16
FR058,FR058-A05,FR058-A15
FR058,FR058-A05,FR058-A14
FR058,FR058-A05,FR058-A13
FR058,FR058-A05,FR058-A12
FR058,FR058-A05,FR058-A11
FR058,FR058-A05,FR058-A10
FR058,FR058-A05,FR058-A09
FR058,FR058-A05,FR058-A08
FR058,FR058-A05,FR058-A07
FR058,FR058-A05,FR058-A06
FR058,FR058-A06,FR058-A29
FR058,FR058-A06,FR058-A28
FR058,FR058-A06,FR058-A27
FR058,FR058-A06,FR058-A26
FR058,FR058-A06,FR058-A25
FR058,FR058-A06,FR058-A23
FR058,FR058-A06,FR058-A22
FR058,FR058-A06,FR058-A21
FR058,FR058-A06,FR058-A20
FR058,FR058-A06,FR058-A19
FR058,FR058-A06,FR058-A18
FR058,FR058-A06,FR058-A17
FR058,FR058-A06,FR058-A14
FR058,FR058-A06,FR058-A13
FR058,FR058-A06,FR058-A11
FR058,FR058-A06,FR058-A10
FR058,FR058-A06,FR058-A09
FR058,FR058-A06,FR058-A07
FR058,FR058-A07,FR058-A30
FR058,FR058-A07,FR058-A29
FR058,FR058-A07,FR058-A28
FR058,FR058-A07,FR058-A27
FR058,FR058-A07,FR058-A26
FR058,FR058-A07,FR058-A25
FR058,FR058-A07,FR058-A24
FR058,FR058-A07,FR058-A23
FR058,FR058-A07,FR058-A22
FR058,FR058-A07,FR058-A21
FR058,FR058-A07,FR058-A20
FR058,FR058-A07,FR058-A19
FR058,FR058-A07,FR058-A18
FR058,FR058-A07,FR058-A13
FR058,FR058-A07,FR058-A12
FR058,FR058-A07,FR058-A11
FR058,FR058-A07,FR058-A10
FR058,FR058-A07,FR058-A09
FR058,FR058-A07,FR058-A08
FR058,FR058-A08,FR058-A30
FR058,FR058-A08,FR058-A29
FR058,FR058-A08,FR058-A28
FR058,FR058-A08,FR058-A27
FR058,FR058-A08,FR058-A26
FR058,FR058-A08,FR058-A25
FR058,FR058-A08,FR058-A24
FR058,FR058-A08,FR058-A23
FR058,FR058-A08,FR058-A22
FR058,FR058-A08,FR058-A21
FR058,FR058-A08,FR058-A20
FR058,FR058-A08,FR058-A19
FR058,FR058-A08,FR058-A18
FR058,FR058-A08,FR058-A17
FR058,FR058-A08,FR058-A16
FR058,FR058-A08,FR058-A15
FR058,FR058-A08,FR058-A14
FR058,FR058-A08,FR058-A13
FR058,FR058-A08,FR058-A11
FR058,FR058-A08,FR058-A10
FR058,FR058-A08,FR058-A09
FR058,FR058-A09,FR058-A30
FR058,FR058-A09,FR058-A27
FR058,FR058-A09,FR058-A26
FR058,FR058-A09,FR058-A25
FR058,FR058-A09,FR058-A24
FR058,FR058-A09,FR058-A23
FR058,FR058-A09,FR058-A22
FR058,FR058-A09,FR058-A21
FR058,FR058-A09,FR058-A20
FR058,FR058-A09,FR058-A19
FR058,FR058-A09,FR058-A18
FR058,FR058-A09,FR058-A17
FR058,FR058-A09,FR058-A16
FR058,FR058-A09,FR058-A15
FR058,FR058-A09,FR058-A14
FR058,FR058-A09,FR058-A13
FR058,FR058-A09,FR058-A12
FR058,FR058-A09,FR058-A11
FR058,FR058-A09,FR058-A10
FR058,FR058-A10,FR058-A30
FR058,FR058-A10,FR058-A29
FR058,FR058-A10,FR058-A28
FR058,FR058-A10,FR058-A27
FR058,FR058-A10,FR058-A26
FR058,FR058-A10,FR058-A25
FR058,FR058-A10,FR058-A24
FR058,FR058-A10,FR058-A23
FR058,FR058-A10,FR058-A21
FR058,FR058-A10,FR058-A20
FR058,FR058-A10,FR058-A18
FR058,FR058-A10,FR058-A17
FR058,FR058-A10,FR058-A15
FR058,FR058-A10,FR058-A14
FR058,FR058-A10,FR058-A12
FR058,FR058-A11,FR058-A29
FR058,FR058-A11,FR058-A27
FR058,FR058-A11,FR058-A25
FR058,FR058-A11,FR058-A24
FR058,FR058-A11,FR058-A23
FR058,FR058-A11,FR058-A22
FR058,FR058-A11,FR058-A21
FR058,FR058-A11,FR058-A20
FR058,FR058-A11,FR058-A16
FR058,FR058-A11,FR058-A15
FR058,FR058-A11,FR058-A14
FR058,FR058-A11,FR058-A13
FR058,FR058-A11,FR058-A12
FR058,FR058-A12,FR058-A30
FR058,FR058-A12,FR058-A29
FR058,FR058-A12,FR058-A28
FR058,FR058-A12,FR058-A27
FR058,FR058-A12,FR058-A26
FR058,FR058-A12,FR058-A25
FR058,FR058-A12,FR058-A24
FR058,FR058-A12,FR058-A23
FR058,FR058-A12,FR058-A22
FR058,FR058-A12,FR058-A21
FR058,FR058-A12,FR058-A20
FR058,FR058-A12,FR058-A19
FR058,FR058-A12,FR058-A18
FR058,FR058-A12,FR058-A17
FR058,FR058-A12,FR058-A16
FR058,FR058-A12,FR058-A15
FR058,FR058-A12,FR058-A14
FR058,FR058-A12,FR058-A13
FR058,FR058-A13,FR058-A28
FR058,FR058-A13,FR058-A27
FR058,FR058-A13,FR058-A26
FR058,FR058-A13,FR058-A25
FR058,FR058-A13,FR058-A24
FR058,FR058-A13,FR058-A23
FR058,FR058-A13,FR058-A22
FR058,FR058-A13,FR058-A21
FR058,FR058-A13,FR058-A20
FR058,FR058-A13,FR058-A19
FR058,FR058-A13,FR058-A18
FR058,FR058-A13,FR058-A17
FR058,FR058-A13,FR058-A16
FR058,FR058-A13,FR058-A15
FR058,FR058-A13,FR058-A14
FR058,FR058-A14,FR058-A30
FR058,FR058-A14,FR058-A29
FR058,FR058-A14,FR058-A28
FR058,FR058-A14,FR058-A27
FR058,FR058-A14,FR058-A26
FR058,FR058-A14,FR058-A25
FR058,FR058-A14,FR058-A24
FR058,FR058-A14,FR058-A23
FR058,FR058-A14,FR058-A22
FR058,FR058-A14,FR058-A20
FR058,FR058-A14,FR058-A19
FR058,FR058-A14,FR058-A18
FR058,FR058-A14,FR058-A17
FR058,FR058-A14,FR058-A16
FR058,FR058-A14,FR058-A15
FR058,FR058-A15,FR058-A30
FR058,FR058-A15,FR058-A29
FR058,FR058-A15,FR058-A28
FR058,FR058-A15,FR058-A27
FR058,FR058-A15,FR058-A26
FR058,FR058-A15,FR058-A25
FR058,FR058-A15,FR058-A24
FR058,FR058-A15,FR058-A23
FR058,FR058-A15,FR058-A22
FR058,FR058-A15,FR058-A21
FR058,FR058-A15,FR058-A20
FR058,FR058-A15,FR058-A19
FR058,FR058-A15,FR058-A18
FR058,FR058-A15,FR058-A17
FR058,FR058-A15,FR058-A16
FR058,FR058-A16,FR058-A30
FR058,FR058-A16,FR058-A28
FR058,FR058-A16,FR058-A27
FR058,FR058-A16,FR058-A26
FR058,FR058-A16,FR058-A25
FR058,FR058-A16,FR058-A21
FR058,FR058-A16,FR058-A20
FR058,FR058-A16,FR058-A19
FR058,FR058-A16,FR058-A18
FR058,FR058-A16,FR058-A17
FR058,FR058-A17,FR058-A30
FR058,FR058-A17,FR058-A29
FR058,FR058-A17,FR058-A28
FR058,FR058-A17,FR058-A27
FR058,FR058-A17,FR058-A26
FR058,FR058-A17,FR058-A25
FR058,FR058-A17,FR058-A24
FR058,FR058-A17,FR058-A23
FR058,FR058-A17,FR058-A22
FR058,FR058-A17,FR058-A21
FR058,FR058-A17,FR058-A20
FR058,FR058-A17,FR058-A19
FR058,FR058-A17,FR058-A18
FR058,FR058-A18,FR058-A30
FR058,FR058-A18,FR058-A29
FR058,FR058-A18,FR058-A28
FR058,FR058-A18,FR058-A27
FR058,FR058-A18,FR058-A26
FR058,FR058-A18,FR058-A25
FR058,FR058-A18,FR058-A24
FR058,FR058-A18,FR058-A23
FR058,FR058-A18,FR058-A22
FR058,FR058-A18,FR058-A21
FR058,FR058-A19,FR058-A30
FR058,FR058-A19,FR058-A29
FR058,FR058-A19,FR058-A28
FR058,FR058-A19,FR058-A27
FR058,FR058-A19,FR058-A26
FR058,FR058-A19,FR058-A25
FR058,FR058-A19,FR058-A24
FR058,FR058-A19,FR058-A23
FR058,FR058-A20,FR058-A30
FR058,FR058-A20,FR058-A29
FR058,FR058-A20,FR058-A28
FR058,FR058-A20,FR058-A27
FR058,FR058-A20,FR058-A26
FR058,FR058-A20,FR058-A22
FR058,FR058-A20,FR058-A21
FR058,FR058-A21,FR058-A30
FR058,FR058-A21,FR058-A29
FR058,FR058-A21,FR058-A28
FR058,FR058-A21,FR058-A27
FR058,FR058-A21,FR058-A26
FR058,FR058-A21,FR058-A23
FR058,FR058-A21,FR058-A22
FR058,FR058-A22,FR058-A28
FR058,FR058-A22,FR058-A27
FR058,FR058-A22,FR058-A26
FR058,FR058-A22,FR058-A25
FR058,FR058-A22,FR058-A24
FR058,FR058-A22,FR058-A23
FR058,FR058-A23,FR058-A30
FR058,FR058-A23,FR058-A29
FR058,FR058-A23,FR058-A28
FR058,FR058-A23,FR058-A27
FR058,FR058-A23,FR058-A26
FR058,FR058-A23,FR058-A25
FR058,FR058-A23,FR058-A24
FR058,FR058-A24,FR058-A30
FR058,FR058-A24,FR058-A29
FR058,FR058-A24,FR058-A28
FR058,FR058-A24,FR058-A27
FR058,FR058-A24,FR058-A26
FR058,FR058-A24,FR058-A25
FR058,FR058-A25,FR058-A30
FR058,FR058-A25,FR058-A29
FR058,FR058-A25,FR058-A28
FR058,FR058-A25,FR058-A27
FR058,FR058-A25,FR058-A26
FR058,FR058-A26,FR058-A30
FR058,FR058-A26,FR058-A29
FR058,FR058-A26,FR058-A28
FR058,FR058-A26,FR058-A27
FR058,FR058-A27,FR058-A30
FR058,FR058-A27,FR058-A29
FR058,FR058-A27,FR058-A28
FR058,FR058-A28,FR058-A30
FR058,FR058-A28,FR058-A29
FR058,FR058-A29,FR058-A30
FR059,FR059-A01,FR059-A30
FR059,FR059-A01,FR059-A24
FR059,FR059-A01,FR059-A21
FR059,FR059-A01,FR059-A20
FR059,FR059-A01,FR059-A12
FR059,FR059-A01,FR059-A11
FR059,FR059-A01,FR059-A09
FR059,FR059-A01,FR059-A08
FR059,FR059-A01,FR059-A07
FR059,FR059-A01,FR059-A06
FR059,FR059-A01,FR059-A05
FR059,FR059-A01,FR059-A04
FR059,FR059-A01,FR059-A03
FR059,FR059-A01,FR059-A02
FR059,FR059-A02,FR059-A30
FR059,FR059-A02,FR059-A29
FR059,FR059-A02,FR059-A25
FR059,FR059-A02,FR059-A24
FR059,FR059-A02,FR059-A23
FR059,FR059-A02,FR059-A21
FR059,FR059-A02,FR059-A20
FR059,FR059-A02,FR059-A19
FR059,FR059-A02,FR059-A12
FR059,FR059-A02,FR059-A11
FR059,FR059-A02,FR059-A09
FR059,FR059-A02,FR059-A08
FR059,FR059-A02,FR059-A07
FR059,FR059-A02,FR059-A06
FR059,FR059-A02,FR059-A05
FR059,FR059-A02,FR059-A04
FR059,FR059-A02,FR059-A03
FR059,FR059-A03,FR059-A30
FR059,FR059-A03,FR059-A29
FR059,FR059-A03,FR059-A25
FR059,FR059-A03,FR059-A24
FR059,FR059-A03,FR059-A23
FR059,FR059-A03,FR059-A21
FR059,FR059-A03,FR059-A20
FR059,FR059-A03,FR059-A19
FR059,FR059-A03,FR059-A12
FR059,FR059-A03,FR059-A11
FR059,FR059-A03,FR059-A09
FR059,FR059-A03,FR059-A08
FR059,FR059-A03,FR059-A07
FR059,FR059-A03,FR059-A06
FR059,FR059-A03,FR059-A05
FR059,FR059-A03,FR059-A04
FR059,FR059-A04,FR059-A21
FR059,FR059-A04,FR059-A20
FR059,FR059-A04,FR059-A08
FR059,FR059-A04,FR059-A07
FR059,FR059-A04,FR059-A06
FR059,FR059-A04,FR059-A05
FR059,FR059-A05,FR059-A25
FR059,FR059-A05,FR059-A21
FR059,FR059-A05,FR059-A20
FR059,FR059-A05,FR059-A19
FR059,FR059-A05,FR059-A16
FR059,FR059-A05,FR059-A11
FR059,FR059-A05,FR059-A08
FR059,FR059-A05,FR059-A07
FR059,FR059-A05,FR059-A06
FR059,FR059-A06,FR059-A30
FR059,FR059-A06,FR059-A25
FR059,FR059-A06,FR059-A24
FR059,FR059-A06,FR059-A21
FR059,FR059-A06,FR059-A20
FR059,FR059-A06,FR059-A19
FR059,FR059-A06,FR059-A11
FR059,FR059-A06,FR059-A09
FR059,FR059-A06,FR059-A08
FR059,FR059-A06,FR059-A07
FR059,FR059-A07,FR059-A30
FR059,FR059-A07,FR059-A25
FR059,FR059-A07,FR059-A24
FR059,FR059-A07,FR059-A21
FR059,FR059-A07,FR059-A20
FR059,FR059-A07,FR059-A19
FR059,FR059-A07,FR059-A11
FR059,FR059-A07,FR059-A09
FR059,FR059-A07,FR059-A08
FR059,FR059-A08,FR059-A24
FR059,FR059-A08,FR059-A21
FR059,FR059-A08,FR059-A20
FR059,FR059-A08,FR059-A19
FR059,FR059-A09,FR059-A30
FR059,FR059-A09,FR059-A29
FR059,FR059-A09,FR059-A25
FR059,FR059-A09,FR059-A24
FR059,FR059-A09,FR059-A21
FR059,FR059-A09,FR059-A20
FR059,FR059-A09,FR059-A14
FR059,FR059-A09,FR059-A12
FR059,FR059-A09,FR059-A11
FR059,FR059-A11,FR059-A30
FR059,FR059-A11,FR059-A25
FR059,FR059-A11,FR059-A24
FR059,FR059-A11,FR059-A12
FR059,FR059-A12,FR059-A30
FR059,FR059-A12,FR059-A29
FR059,FR059-A12,FR059-A25
FR059,FR059-A12,FR059-A24
FR059,FR059-A14,FR059-A24
FR059,FR059-A18,FR059-A30
FR059,FR059-A18,FR059-A21
FR059,FR059-A18,FR059-A20
FR059,FR059-A20,FR059-A30
FR059,FR059-A20,FR059-A29
FR059,FR059-A20,FR059-A27
FR059,FR059-A20,FR059-A25
FR059,FR059-A20,FR059-A24
FR059,FR059-A20,FR059-A21
FR059,FR059-A21,FR059-A30
FR059,FR059-A21,FR059-A25
FR059,FR059-A21,FR059-A24
FR059,FR059-A24,FR059-A30
FR059,FR059-A24,FR059-A25
FR059,FR059-A27,FR059-A30
FR059,FR059-A29,FR059-A30
FR060,FR060-A01,FR060-A25
FR060,FR060-A01,FR060-A24
FR060,FR060-A01,FR060-A23
FR060,FR060-A01,FR060-A15
FR060,FR060-A01,FR060-A14
FR060,FR060-A01,FR060-A13
FR060,FR060-A01,FR060-A12
FR060,FR060-A01,FR060-A11
FR060,FR060-A01,FR060-A10
FR060,FR060-A01,FR060-A09
FR060,FR060-A01,FR060-A08
FR060,FR060-A01,FR060-A07
FR060,FR060-A01,FR060-A06
FR060,FR060-A01,FR060-A05
FR060,FR060-A01,FR060-A04
FR060,FR060-A01,FR060-A03
FR060,FR060-A01,FR060-A02
FR060,FR060-A02,FR060-A30
FR060,FR060-A02,FR060-A25
FR060,FR060-A02,FR060-A24
FR060,FR060-A02,FR060-A15
FR060,FR060-A02,FR060-A14
FR060,FR060-A02,FR060-A13
FR060,FR060-A02,FR060-A12
FR060,FR060-A02,FR060-A11
FR060,FR060-A02,FR060-A10
FR060,FR060-A02,FR060-A09
FR060,FR060-A02,FR060-A08
FR060,FR060-A02,FR060-A07
FR060,FR060-A02,FR060-A06
FR060,FR060-A02,FR060-A05
FR060,FR060-A02,FR060-A04
FR060,FR060-A02,FR060-A03
FR060,FR060-A03,FR060-A25
FR060,FR060-A03,FR060-A23
FR060,FR060-A03,FR060-A15
FR060,FR060-A03,FR060-A14
FR060,FR060-A03,FR060-A13
FR060,FR060-A03,FR060-A12
FR060,FR060-A03,FR060-A11
FR060,FR060-A03,FR060-A10
FR060,FR060-A03,FR060-A09
FR060,FR060-A03,FR060-A08
FR060,FR060-A03,FR060-A07
FR060,FR060-A03,FR060-A06
FR060,FR060-A03,FR060-A05
FR060,FR060-A03,FR060-A04
FR060,FR060-A04,FR060-A26
FR060,FR060-A04,FR060-A23
FR060,FR060-A04,FR060-A15
FR060,FR060-A04,FR060-A14
FR060,FR060-A04,FR060-A13
FR060,FR060-A04,FR060-A12
FR060,FR060-A04,FR060-A11
FR060,FR060-A04,FR060-A10
FR060,FR060-A04,FR060-A09
FR060,FR060-A04,FR060-A08
FR060,FR060-A04,FR060-A07
FR060,FR060-A04,FR060-A06
FR060,FR060-A04,FR060-A05
FR060,FR060-A05,FR060-A25
FR060,FR060-A05,FR060-A13
FR060,FR060-A05,FR060-A12
FR060,FR060-A05,FR060-A11
FR060,FR060-A05,FR060-A10
FR060,FR060-A05,FR060-A09
FR060,FR060-A05,FR060-A08
FR060,FR060-A05,FR060-A07
FR060,FR060-A05,FR060-A06
FR060,FR060-A06,FR060-A25
FR060,FR060-A06,FR060-A13
FR060,FR060-A06,FR060-A12
FR060,FR060-A06,FR060-A11
FR060,FR060-A06,FR060-A10
FR060,FR060-A06,FR060-A09
FR060,FR060-A06,FR060-A08
FR060,FR060-A06,FR060-A07
FR060,FR060-A07,FR060-A13
FR060,FR060-A07,FR060-A12
FR060,FR060-A07,FR060-A11
FR060,FR060-A07,FR060-A10
FR060,FR060-A07,FR060-A09
FR060,FR060-A07,FR060-A08
FR060,FR060-A08,FR060-A13
FR060,FR060-A08,FR060-A12
FR060,FR060-A08,FR060-A11
FR060,FR060-A08,FR060-A10
FR060,FR060-A08,FR060-A09
FR060,FR060-A09,FR060-A12
FR060,FR060-A09,FR060-A11
FR060,FR060-A09,FR060-A10
FR060,FR060-A10,FR060-A13
FR060,FR060-A10,FR060-A12
FR060,FR060-A10,FR060-A11
FR060,FR060-A11,FR060-A12
FR060,FR060-A13,FR060-A30
FR060,FR060-A13,FR060-A29
FR060,FR060-A13,FR060-A28
FR060,FR060-A13,FR060-A27
FR060,FR060-A13,FR060-A26
FR060,FR060-A13,FR060-A25
FR060,FR060-A13,FR060-A24
FR060,FR060-A13,FR060-A23
FR060,FR060-A13,FR060-A21
FR060,FR060-A13,FR060-A18
FR060,FR060-A13,FR060-A17
FR060,FR060-A13,FR060-A16
FR060,FR060-A13,FR060-A15
FR060,FR060-A13,FR060-A14
FR060,FR060-A14,FR060-A29
FR060,FR060-A14,FR060-A28
FR060,FR060-A14,FR060-A27
FR060,FR060-A14,FR060-A26
FR060,FR060-A14,FR060-A25
FR060,FR060-A14,FR060-A23
FR060,FR060-A14,FR060-A17
FR060,FR060-A14,FR060-A16
FR060,FR060-A14,FR060-A15
FR060,FR060-A15,FR060-A29
FR060,FR060-A15,FR060-A27
FR060,FR060-A15,FR060-A26
FR060,FR060-A15,FR060-A17
FR060,FR060-A15,FR060-A16
FR060,FR060-A16,FR060-A29
FR060,FR060-A16,FR060-A27
FR060,FR060-A16,FR060-A26
FR060,FR060-A16,FR060-A25
FR060,FR060-A16,FR060-A17
FR060,FR060-A17,FR060-A29
FR060,FR060-A17,FR060-A27
FR060,FR060-A17,FR060-A26
FR060,FR060-A18,FR060-A22
FR060,FR060-A18,FR060-A20
FR060,FR060-A18,FR060-A19
FR060,FR060-A19,FR060-A22
FR060,FR060-A19,FR060-A20
FR060,FR060-A20,FR060-A22
FR060,FR060-A21,FR060-A24
FR060,FR060-A26,FR060-A27
FR060,FR060-A27,FR060-A29
SW061,SW061-A01,SW061-A30
SW061,SW061-A01,SW061-A29
SW061,SW061-A01,SW061-A28
SW061,SW061-A01,SW061-A27
SW061,SW061-A01,SW061-A26
SW061,SW061-A01,SW061-A25
SW061,SW061-A01,SW061-A24
SW061,SW061-A01,SW061-A12
SW061,SW061-A01,SW061-A11
SW061,SW061-A01,SW061-A10
SW061,SW061-A01,SW061-A09
SW061,SW061-A01,SW061-A08
SW061,SW061-A01,SW061-A07
SW061,SW061-A01,SW061-A06
SW061,SW061-A01,SW061-A05
SW061,SW061-A01,SW061-A04
SW061,SW061-A01,SW061-A03
SW061,SW061-A01,SW061-A02
SW061,SW061-A02,SW061-A23
SW061,SW061-A02,SW061-A13
SW061,SW061-A02,SW061-A03
SW061,SW061-A03,SW061-A04
SW061,SW061-A07,SW061-A28
SW061,SW061-A07,SW061-A27
SW061,SW061-A07,SW061-A26
SW061,SW061-A07,SW061-A25
SW061,SW061-A07,SW061-A24
SW061,SW061-A07,SW061-A10
SW061,SW061-A07,SW061-A09
SW061,SW061-A07,SW061-A08
SW061,SW061-A08,SW061-A26
SW061,SW061-A08,SW061-A25
SW061,SW061-A08,SW061-A24
SW061,SW061-A08,SW061-A10
SW061,SW061-A08,SW061-A09
SW061,SW061-A09,SW061-A28
SW061,SW061-A09,SW061-A27
SW061,SW061-A09,SW061-A26
SW061,SW061-A09,SW061-A25
SW061,SW061-A09,SW061-A24
SW061,SW061-A09,SW061-A10
SW061,SW061-A10,SW061-A29
SW061,SW061-A10,SW061-A28
SW061,SW061-A10,SW061-A27
SW061,SW061-A10,SW061-A26
SW061,SW061-A10,SW061-A25
SW061,SW061-A10,SW061-A24
SW061,SW061-A13,SW061-A29
SW061,SW061-A13,SW061-A28
SW061,SW061-A14,SW061-A29
SW061,SW061-A14,SW061-A20
SW061,SW061-A14,SW061-A15
SW061,SW061-A17,SW061-A27
SW061,SW061-A17,SW061-A25
SW061,SW061-A18,SW061-A30
SW061,SW061-A18,SW061-A29
SW061,SW061-A18,SW061-A26
SW061,SW061-A18,SW061-A24
SW061,SW061-A18,SW061-A20
SW061,SW061-A26,SW061-A28
SW061,SW061-A28,SW061-A29
SW062,SW062-A03,SW062-A08
SW062,SW062-A03,SW062-A07
SW062,SW062-A03,SW062-A04
SW062,SW062-A04,SW062-A29
SW062,SW062-A04,SW062-A27
SW062,SW062-A04,SW062-A26
SW062,SW062-A04,SW062-A18
SW062,SW062-A04,SW062-A08
SW062,SW062-A04,SW062-A07
SW062,SW062-A05,SW062-A06
SW062,SW062-A06,SW062-A28
SW062,SW062-A07,SW062-A27
SW062,SW062-A07,SW062-A26
SW062,SW062-A07,SW062-A08
SW062,SW062-A08,SW062-A27
SW062,SW062-A08,SW062-A26
SW062,SW062-A09,SW062-A10
SW062,SW062-A10,SW062-A18
SW062,SW062-A10,SW062-A11
SW062,SW062-A11,SW062-A18
SW062,SW062-A11,SW062-A17
SW062,SW062-A11,SW062-A13
SW062,SW062-A11,SW062-A12
SW062,SW062-A12,SW062-A18
SW062,SW062-A12,SW062-A17
SW062,SW062-A12,SW062-A16
SW062,SW062-A12,SW062-A13
SW062,SW062-A13,SW062-A28
SW062,SW062-A13,SW062-A18
SW062,SW062-A13,SW062-A17
SW062,SW062-A13,SW062-A14
SW062,SW062-A14,SW062-A23
SW062,SW062-A14,SW062-A22
SW062,SW062-A14,SW062-A17
SW062,SW062-A14,SW062-A16
SW062,SW062-A15,SW062-A22
SW062,SW062-A15,SW062-A18
SW062,SW062-A15,SW062-A16
SW062,SW062-A16,SW062-A22
SW062,SW062-A16,SW062-A18
SW062,SW062-A19,SW062-A20
SW062,SW062-A26,SW062-A29
SW062,SW062-A26,SW062-A27
SW062,SW062-A27,SW062-A29
SW063,SW063-A01,SW063-A26
SW063,SW063-A01,SW063-A25
SW063,SW063-A01,SW063-A22
SW063,SW063-A01,SW063-A21
SW063,SW063-A01,SW063-A09
SW063,SW063-A01,SW063-A07
SW063,SW063-A01,SW063-A06
SW063,SW063-A01,SW063-A05
SW063,SW063-A01,SW063-A04
SW063,SW063-A01,SW063-A03
SW063,SW063-A01,SW063-A02
SW063,SW063-A02,SW063-A21
SW063,SW063-A02,SW063-A20
SW063,SW063-A02,SW063-A19
SW063,SW063-A02,SW063-A18
SW063,SW063-A02,SW063-A14
SW063,SW063-A02,SW063-A12
SW063,SW063-A02,SW063-A11
SW063,SW063-A02,SW063-A09
SW063,SW063-A02,SW063-A03
SW063,SW063-A03,SW063-A28
SW063,SW063-A03,SW063-A26
SW063,SW063-A03,SW063-A25
SW063,SW063-A03,SW063-A22
SW063,SW063-A03,SW063-A21
SW063,SW063-A03,SW063-A09
SW063,SW063-A03,SW063-A07
SW063,SW063-A03,SW063-A06
SW063,SW063-A03,SW063-A05
SW063,SW063-A03,SW063-A04
SW063,SW063-A04,SW063-A28
SW063,SW063-A04,SW063-A26
SW063,SW063-A04,SW063-A09
SW063,SW063-A04,SW063-A07
SW063,SW063-A04,SW063-A06
SW063,SW063-A04,SW063-A05
SW063,SW063-A05,SW063-A26
SW063,SW063-A06,SW063-A28
SW063,SW063-A06,SW063-A26
SW063,SW063-A06,SW063-A25
SW063,SW063-A06,SW063-A09
SW063,SW063-A06,SW063-A08
SW063,SW063-A06,SW063-A07
SW063,SW063-A07,SW063-A28
SW063,SW063-A07,SW063-A26
SW063,SW063-A07,SW063-A09
SW063,SW063-A07,SW063-A08
SW063,SW063-A08,SW063-A26
SW063,SW063-A09,SW063-A28
SW063,SW063-A09,SW063-A26
SW063,SW063-A10,SW063-A24
SW063,SW063-A10,SW063-A17
SW063,SW063-A10,SW063-A11
SW063,SW063-A11,SW063-A16
SW063,SW063-A11,SW063-A12
SW063,SW063-A13,SW063-A14
SW063,SW063-A15,SW063-A16
SW063,SW063-A16,SW063-A17
SW063,SW063-A18,SW063-A20
SW063,SW063-A18,SW063-A19
SW063,SW063-A19,SW063-A20
SW063,SW063-A21,SW063-A25
SW063,SW063-A21,SW063-A22
SW063,SW063-A22,SW063-A25
SW063,SW063-A25,SW063-A26
SW063,SW063-A29,SW063-A30
SW064,SW064-A01,SW064-A28
SW064,SW064-A01,SW064-A27
SW064,SW064-A01,SW064-A26
SW064,SW064-A01,SW064-A25
SW064,SW064-A01,SW064-A18
SW064,SW064-A01,SW064-A15
SW064,SW064-A01,SW064-A13
SW064,SW064-A01,SW064-A12
SW064,SW064-A01,SW064-A10
SW064,SW064-A01,SW064-A09
SW064,SW064-A01,SW064-A08
SW064,SW064-A01,SW064-A06
SW064,SW064-A01,SW064-A03
SW064,SW064-A01,SW064-A02
SW064,SW064-A02,SW064-A20
SW064,SW064-A02,SW064-A15
SW064,SW064-A02,SW064-A08
SW064,SW064-A02,SW064-A06
SW064,SW064-A02,SW064-A03
SW064,SW064-A03,SW064-A28
SW064,SW064-A03,SW064-A26
SW064,SW064-A03,SW064-A25
SW064,SW064-A03,SW064-A23
SW064,SW064-A03,SW064-A21
SW064,SW064-A03,SW064-A19
SW064,SW064-A03,SW064-A18
SW064,SW064-A03,SW064-A16
SW064,SW064-A03,SW064-A10
SW064,SW064-A03,SW064-A06
SW064,SW064-A04,SW064-A27
SW064,SW064-A04,SW064-A18
SW064,SW064-A04,SW064-A16
SW064,SW064-A04,SW064-A14
SW064,SW064-A04,SW064-A09
SW064,SW064-A05,SW064-A30
SW064,SW064-A05,SW064-A18
SW064,SW064-A06,SW064-A30
SW064,SW064-A06,SW064-A27
SW064,SW064-A06,SW064-A26
SW064,SW064-A06,SW064-A25
SW064,SW064-A06,SW064-A18
SW064,SW064-A06,SW064-A13
SW064,SW064-A06,SW064-A12
SW064,SW064-A06,SW064-A11
SW064,SW064-A06,SW064-A10
SW064,SW064-A06,SW064-A08
SW064,SW064-A07,SW064-A24
SW064,SW064-A07,SW064-A19
SW064,SW064-A07,SW064-A18
SW064,SW064-A07,SW064-A08
SW064,SW064-A08,SW064-A30
SW064,SW064-A08,SW064-A19
SW064,SW064-A08,SW064-A18
SW064,SW064-A08,SW064-A13
SW064,SW064-A09,SW064-A27
SW064,SW064-A09,SW064-A18
SW064,SW064-A10,SW064-A27
SW064,SW064-A10,SW064-A26
SW064,SW064-A10,SW064-A18
SW064,SW064-A10,SW064-A12
SW064,SW064-A11,SW064-A30
SW064,SW064-A11,SW064-A26
SW064,SW064-A11,SW064-A25
SW064,SW064-A11,SW064-A21
SW064,SW064-A11,SW064-A19
SW064,SW064-A11,SW064-A18
SW064,SW064-A11,SW064-A14
SW064,SW064-A11,SW064-A13
SW064,SW064-A11,SW064-A12
SW064,SW064-A12,SW064-A25
SW064,SW064-A13,SW064-A30
SW064,SW064-A13,SW064-A26
SW064,SW064-A13,SW064-A25
SW064,SW064-A13,SW064-A24
SW064,SW064-A13,SW064-A23
SW064,SW064-A13,SW064-A19
SW064,SW064-A13,SW064-A18
SW064,SW064-A13,SW064-A17
SW064,SW064-A13,SW064-A16
SW064,SW064-A14,SW064-A29
SW064,SW064-A14,SW064-A28
SW064,SW064-A14,SW064-A27
SW064,SW064-A14,SW064-A26
SW064,SW064-A14,SW064-A25
SW064,SW064-A14,SW064-A24
SW064,SW064-A15,SW064-A30
SW064,SW064-A15,SW064-A29
SW064,SW064-A15,SW064-A28
SW064,SW064-A15,SW064-A27
SW064,SW064-A15,SW064-A26
SW064,SW064-A15,SW064-A25
SW064,SW064-A15,SW064-A24
SW064,SW064-A15,SW064-A23
SW064,SW064-A15,SW064-A22
SW064,SW064-A15,SW064-A21
SW064,SW064-A15,SW064-A18
SW064,SW064-A15,SW064-A17
SW064,SW064-A15,SW064-A16
SW064,SW064-A17,SW064-A30
SW064,SW064-A17,SW064-A26
SW064,SW064-A17,SW064-A21
SW064,SW064-A17,SW064-A20
SW064,SW064-A17,SW064-A19
SW064,SW064-A17,SW064-A18
SW064,SW064-A18,SW064-A27
SW064,SW064-A18,SW064-A24
SW064,SW064-A18,SW064-A19
SW064,SW064-A19,SW064-A30
SW064,SW064-A19,SW064-A27
SW064,SW064-A19,SW064-A26
SW064,SW064-A19,SW064-A25
SW064,SW064-A19,SW064-A23
SW064,SW064-A19,SW064-A20
SW064,SW064-A20,SW064-A30
SW064,SW064-A20,SW064-A27
SW064,SW064-A23,SW064-A29
SW064,SW064-A23,SW064-A28
SW064,SW064-A23,SW064-A27
SW064,SW064-A23,SW064-A26
SW064,SW064-A23,SW064-A25
SW064,SW064-A23,SW064-A24
SW064,SW064-A24,SW064-A30
SW064,SW064-A24,SW064-A29
SW064,SW064-A24,SW064-A28
SW064,SW064-A24,SW064-A27
SW064,SW064-A24,SW064-A26
SW064,SW064-A24,SW064-A25
SW064,SW064-A25,SW064-A29
SW064,SW064-A25,SW064-A28
SW064,SW064-A25,SW064-A27
SW064,SW064-A25,SW064-A26
SW064,SW064-A26,SW064-A30
SW064,SW064-A26,SW064-A29
SW064,SW064-A26,SW064-A28
SW064,SW064-A26,SW064-A27
SW064,SW064-A27,SW064-A29
SW064,SW064-A27,SW064-A28
SW065,SW065-A01,SW065-A30
SW065,SW065-A01,SW065-A27
SW065,SW065-A01,SW065-A25
SW065,SW065-A01,SW065-A24
SW065,SW065-A01,SW065-A22
SW065,SW065-A01,SW065-A21
SW065,SW065-A01,SW065-A20
SW065,SW065-A01,SW065-A19
SW065,SW065-A01,SW065-A17
SW065,SW065-A01,SW065-A13
SW065,SW065-A01,SW065-A12
SW065,SW065-A01,SW065-A07
SW065,SW065-A01,SW065-A06
SW065,SW065-A01,SW065-A05
SW065,SW065-A01,SW065-A04
SW065,SW065-A01,SW065-A03
SW065,SW065-A01,SW065-A02
SW065,SW065-A02,SW065-A30
SW065,SW065-A02,SW065-A27
SW065,SW065-A02,SW065-A25
SW065,SW065-A02,SW065-A24
SW065,SW065-A02,SW065-A22
SW065,SW065-A02,SW065-A21
SW065,SW065-A02,SW065-A20
SW065,SW065-A02,SW065-A19
SW065,SW065-A02,SW065-A17
SW065,SW065-A02,SW065-A13
SW065,SW065-A02,SW065-A12
SW065,SW065-A02,SW065-A07
SW065,SW065-A02,SW065-A06
SW065,SW065-A02,SW065-A05
SW065,SW065-A02,SW065-A04
SW065,SW065-A02,SW065-A03
SW065,SW065-A03,SW065-A30
SW065,SW065-A03,SW065-A27
SW065,SW065-A03,SW065-A25
SW065,SW065-A03,SW065-A24
SW065,SW065-A03,SW065-A22
SW065,SW065-A03,SW065-A21
SW065,SW065-A03,SW065-A20
SW065,SW065-A03,SW065-A19
SW065,SW065-A03,SW065-A17
SW065,SW065-A03,SW065-A13
SW065,SW065-A03,SW065-A12
SW065,SW065-A03,SW065-A07
SW065,SW065-A03,SW065-A06
SW065,SW065-A03,SW065-A05
SW065,SW065-A03,SW065-A04
SW065,SW065-A04,SW065-A19
SW065,SW065-A04,SW065-A13
SW065,SW065-A04,SW065-A12
SW065,SW065-A04,SW065-A06
SW065,SW065-A05,SW065-A27
SW065,SW065-A05,SW065-A24
SW065,SW065-A05,SW065-A21
SW065,SW065-A05,SW065-A20
SW065,SW065-A05,SW065-A19
SW065,SW065-A05,SW065-A17
SW065,SW065-A05,SW065-A13
SW065,SW065-A05,SW065-A12
SW065,SW065-A05,SW065-A07
SW065,SW065-A05,SW065-A06
SW065,SW065-A06,SW065-A27
SW065,SW065-A06,SW065-A25
SW065,SW065-A06,SW065-A22
SW065,SW065-A06,SW065-A21
SW065,SW065-A06,SW065-A20
SW065,SW065-A06,SW065-A19
SW065,SW065-A06,SW065-A17
SW065,SW065-A06,SW065-A13
SW065,SW065-A06,SW065-A12
SW065,SW065-A06,SW065-A07
SW065,SW065-A07,SW065-A27
SW065,SW065-A07,SW065-A25
SW065,SW065-A07,SW065-A21
SW065,SW065-A07,SW065-A20
SW065,SW065-A07,SW065-A19
SW065,SW065-A07,SW065-A17
SW065,SW065-A07,SW065-A13
SW065,SW065-A07,SW065-A12
SW065,SW065-A08,SW065-A29
SW065,SW065-A08,SW065-A28
SW065,SW065-A08,SW065-A26
SW065,SW065-A08,SW065-A24
SW065,SW065-A08,SW065-A23
SW065,SW065-A08,SW065-A18
SW065,SW065-A08,SW065-A16
SW065,SW065-A08,SW065-A15
SW065,SW065-A08,SW065-A14
SW065,SW065-A08,SW065-A11
SW065,SW065-A08,SW065-A10
SW065,SW065-A08,SW065-A09
SW065,SW065-A09,SW065-A29
SW065,SW065-A09,SW065-A28
SW065,SW065-A09,SW065-A26
SW065,SW065-A09,SW065-A24
SW065,SW065-A09,SW065-A23
SW065,SW065-A09,SW065-A18
SW065,SW065-A09,SW065-A16
SW065,SW065-A09,SW065-A15
SW065,SW065-A09,SW065-A14
SW065,SW065-A09,SW065-A11
SW065,SW065-A09,SW065-A10
SW065,SW065-A10,SW065-A29
SW065,SW065-A10,SW065-A28
SW065,SW065-A10,SW065-A26
SW065,SW065-A10,SW065-A24
SW065,SW065-A10,SW065-A23
SW065,SW065-A10,SW065-A18
SW065,SW065-A10,SW065-A16
SW065,SW065-A10,SW065-A15
SW065,SW065-A10,SW065-A14
SW065,SW065-A10,SW065-A11
SW065,SW065-A11,SW065-A29
SW065,SW065-A11,SW065-A28
SW065,SW065-A11,SW065-A26
SW065,SW065-A11,SW065-A24
SW065,SW065-A11,SW065-A23
SW065,SW065-A11,SW065-A18
SW065,SW065-A11,SW065-A16
SW065,SW065-A11,SW065-A15
SW065,SW065-A11,SW065-A14
SW065,SW065-A12,SW065-A30
SW065,SW065-A12,SW065-A27
SW065,SW065-A12,SW065-A25
SW065,SW065-A12,SW065-A22
SW065,SW065-A12,SW065-A21
SW065,SW065-A12,SW065-A20
SW065,SW065-A12,SW065-A19
SW065,SW065-A12,SW065-A17
SW065,SW065-A12,SW065-A13
SW065,SW065-A13,SW065-A30
SW065,SW065-A13,SW065-A27
SW065,SW065-A13,SW065-A25
SW065,SW065-A13,SW065-A22
SW065,SW065-A13,SW065-A21
SW065,SW065-A13,SW065-A20
SW065,SW065-A13,SW065-A19
SW065,SW065-A13,SW065-A17
SW065,SW065-A14,SW065-A29
SW065,SW065-A14,SW065-A28
SW065,SW065-A14,SW065-A26
SW065,SW065-A14,SW065-A24
SW065,SW065-A14,SW065-A23
SW065,SW065-A14,SW065-A18
SW065,SW065-A14,SW065-A16
SW065,SW065-A14,SW065-A15
SW065,SW065-A15,SW065-A29
SW065,SW065-A15,SW065-A28
SW065,SW065-A15,SW065-A26
SW065,SW065-A15,SW065-A24
SW065,SW065-A15,SW065-A23
SW065,SW065-A15,SW065-A18
SW065,SW065-A15,SW065-A16
SW065,SW065-A16,SW065-A29
SW065,SW065-A16,SW065-A28
SW065,SW065-A16,SW065-A26
SW065,SW065-A16,SW065-A24
SW065,SW065-A16,SW065-A23
SW065,SW065-A16,SW065-A18
SW065,SW065-A17,SW065-A30
SW065,SW065-A17,SW065-A27
SW065,SW065-A17,SW065-A25
SW065,SW065-A17,SW065-A22
SW065,SW065-A17,SW065-A21
SW065,SW065-A17,SW065-A20
SW065,SW065-A17,SW065-A19
SW065,SW065-A18,SW065-A29
SW065,SW065-A18,SW065-A28
SW065,SW065-A18,SW065-A26
SW065,SW065-A18,SW065-A24
SW065,SW065-A18,SW065-A23
SW065,SW065-A19,SW065-A30
SW065,SW065-A19,SW065-A27
SW065,SW065-A19,SW065-A25
SW065,SW065-A19,SW065-A22
SW065,SW065-A19,SW065-A21
SW065,SW065-A19,SW065-A20
SW065,SW065-A20,SW065-A30
SW065,SW065-A20,SW065-A27
SW065,SW065-A20,SW065-A25
SW065,SW065-A20,SW065-A22
SW065,SW065-A20,SW065-A21
SW065,SW065-A21,SW065-A30
SW065,SW065-A21,SW065-A27
SW065,SW065-A21,SW065-A25
SW065,SW065-A21,SW065-A22
SW065,SW065-A22,SW065-A30
SW065,SW065-A22,SW065-A27
SW065,SW065-A22,SW065-A25
SW065,SW065-A23,SW065-A29
SW065,SW065-A23,SW065-A28
SW065,SW065-A23,SW065-A26
SW065,SW065-A23,SW065-A24
SW065,SW065-A24,SW065-A29
SW065,SW065-A24,SW065-A28
SW065,SW065-A24,SW065-A26
SW065,SW065-A25,SW065-A30
SW065,SW065-A25,SW065-A27
SW065,SW065-A26,SW065-A29
SW065,SW065-A26,SW065-A28
SW065,SW065-A27,SW065-A30
SW065,SW065-A28,SW065-A29
SW066,SW066-A01,SW066-A26
SW066,SW066-A01,SW066-A24
SW066,SW066-A01,SW066-A21
SW066,SW066-A01,SW066-A19
SW066,SW066-A01,SW066-A18
SW066,SW066-A01,SW066-A17
SW066,SW066-A01,SW066-A16
SW066,SW066-A01,SW066-A14
SW066,SW066-A01,SW066-A12
SW066,SW066-A01,SW066-A10
SW066,SW066-A01,SW066-A09
SW066,SW066-A01,SW066-A06
SW066,SW066-A01,SW066-A05
SW066,SW066-A01,SW066-A04
SW066,SW066-A01,SW066-A03
SW066,SW066-A01,SW066-A02
SW066,SW066-A02,SW066-A24
SW066,SW066-A02,SW066-A21
SW066,SW066-A02,SW066-A18
SW066,SW066-A02,SW066-A17
SW066,SW066-A02,SW066-A16
SW066,SW066-A02,SW066-A13
SW066,SW066-A02,SW066-A12
SW066,SW066-A02,SW066-A10
SW066,SW066-A02,SW066-A09
SW066,SW066-A02,SW066-A06
SW066,SW066-A02,SW066-A05
SW066,SW066-A02,SW066-A04
SW066,SW066-A02,SW066-A03
SW066,SW066-A03,SW066-A18
SW066,SW066-A03,SW066-A17
SW066,SW066-A03,SW066-A13
SW066,SW066-A03,SW066-A12
SW066,SW066-A03,SW066-A04
SW066,SW066-A04,SW066-A17
SW066,SW066-A04,SW066-A12
SW066,SW066-A04,SW066-A06
SW066,SW066-A05,SW066-A12
SW066,SW066-A05,SW066-A08
SW066,SW066-A05,SW066-A06
SW066,SW066-A06,SW066-A17
SW066,SW066-A06,SW066-A12
SW066,SW066-A07,SW066-A18
SW066,SW066-A07,SW066-A17
SW066,SW066-A07,SW066-A13
SW066,SW066-A07,SW066-A12
SW066,SW066-A10,SW066-A27
SW066,SW066-A10,SW066-A24
SW066,SW066-A10,SW066-A23
SW066,SW066-A12,SW066-A17
SW066,SW066-A14,SW066-A25
SW066,SW066-A14,SW066-A16
SW066,SW066-A14,SW066-A15
SW066,SW066-A15,SW066-A25
SW066,SW066-A15,SW066-A16
SW066,SW066-A16,SW066-A25
SW066,SW066-A16,SW066-A24
SW066,SW066-A17,SW066-A26
SW066,SW066-A17,SW066-A18
SW066,SW066-A20,SW066-A29
SW066,SW066-A22,SW066-A24
SW066,SW066-A23,SW066-A29
SW066,SW066-A23,SW066-A24
SW066,SW066-A24,SW066-A27
SW067,SW067-A01,SW067-A30
SW067,SW067-A01,SW067-A28
SW067,SW067-A01,SW067-A27
SW067,SW067-A01,SW067-A25
SW067,SW067-A01,SW067-A24
SW067,SW067-A01,SW067-A23
SW067,SW067-A01,SW067-A22
SW067,SW067-A01,SW067-A20
SW067,SW067-A01,SW067-A19
SW067,SW067-A01,SW067-A18
SW067,SW067-A01,SW067-A17
SW067,SW067-A01,SW067-A16
SW067,SW067-A01,SW067-A14
SW067,SW067-A01,SW067-A13
SW067,SW067-A01,SW067-A12
SW067,SW067-A01,SW067-A11
SW067,SW067-A01,SW067-A10
SW067,SW067-A01,SW067-A09
SW067,SW067-A01,SW067-A08
SW067,SW067-A01,SW067-A07
SW067,SW067-A01,SW067-A06
SW067,SW067-A01,SW067-A05
SW067,SW067-A01,SW067-A03
SW067,SW067-A02,SW067-A29
SW067,SW067-A02,SW067-A28
SW067,SW067-A02,SW067-A27
SW067,SW067-A02,SW067-A24
SW067,SW067-A02,SW067-A22
SW067,SW067-A02,SW067-A21
SW067,SW067-A02,SW067-A19
SW067,SW067-A02,SW067-A18
SW067,SW067-A02,SW067-A17
SW067,SW067-A02,SW067-A16
SW067,SW067-A02,SW067-A15
SW067,SW067-A02,SW067-A14
SW067,SW067-A02,SW067-A11
SW067,SW067-A02,SW067-A09
SW067,SW067-A02,SW067-A08
SW067,SW067-A02,SW067-A07
SW067,SW067-A02,SW067-A06
SW067,SW067-A02,SW067-A05
SW067,SW067-A02,SW067-A04
SW067,SW067-A02,SW067-A03
SW067,SW067-A03,SW067-A25
SW067,SW067-A03,SW067-A24
SW067,SW067-A03,SW067-A21
SW067,SW067-A03,SW067-A20
SW067,SW067-A03,SW067-A19
SW067,SW067-A03,SW067-A18
SW067,SW067-A03,SW067-A17
SW067,SW067-A03,SW067-A16
SW067,SW067-A03,SW067-A15
SW067,SW067-A03,SW067-A13
SW067,SW067-A03,SW067-A11
SW067,SW067-A03,SW067-A10
SW067,SW067-A03,SW067-A09
SW067,SW067-A03,SW067-A08
SW067,SW067-A03,SW067-A06
SW067,SW067-A03,SW067-A05
SW067,SW067-A03,SW067-A04
SW067,SW067-A04,SW067-A29
SW067,SW067-A04,SW067-A28
SW067,SW067-A04,SW067-A27
SW067,SW067-A04,SW067-A25
SW067,SW067-A04,SW067-A23
SW067,SW067-A04,SW067-A22
SW067,SW067-A04,SW067-A21
SW067,SW067-A04,SW067-A20
SW067,SW067-A04,SW067-A19
SW067,SW067-A04,SW067-A18
SW067,SW067-A04,SW067-A17
SW067,SW067-A04,SW067-A16
SW067,SW067-A04,SW067-A15
SW067,SW067-A04,SW067-A11
SW067,SW067-A04,SW067-A10
SW067,SW067-A04,SW067-A09
SW067,SW067-A04,SW067-A08
SW067,SW067-A04,SW067-A07
SW067,SW067-A04,SW067-A06
SW067,SW067-A05,SW067-A30
SW067,SW067-A05,SW067-A29
SW067,SW067-A05,SW067-A28
SW067,SW067-A05,SW067-A26
SW067,SW067-A05,SW067-A25
SW067,SW067-A05,SW067-A24
SW067,SW067-A05,SW067-A23
SW067,SW067-A05,SW067-A22
SW067,SW067-A05,SW067-A21
SW067,SW067-A05,SW067-A20
SW067,SW067-A05,SW067-A19
SW067,SW067-A05,SW067-A18
SW067,SW067-A05,SW067-A17
SW067,SW067-A05,SW067-A16
SW067,SW067-A05,SW067-A15
SW067,SW067-A05,SW067-A14
SW067,SW067-A05,SW067-A13
SW067,SW067-A05,SW067-A12
SW067,SW067-A05,SW067-A11
SW067,SW067-A05,SW067-A10
SW067,SW067-A05,SW067-A09
SW067,SW067-A05,SW067-A08
SW067,SW067-A05,SW067-A07
SW067,SW067-A06,SW067-A30
SW067,SW067-A06,SW067-A29
SW067,SW067-A06,SW067-A28
SW067,SW067-A06,SW067-A27
SW067,SW067-A06,SW067-A26
SW067,SW067-A06,SW067-A25
SW067,SW067-A06,SW067-A24
SW067,SW067-A06,SW067-A22
SW067,SW067-A06,SW067-A21
SW067,SW067-A06,SW067-A20
SW067,SW067-A06,SW067-A19
SW067,SW067-A06,SW067-A18
SW067,SW067-A06,SW067-A16
SW067,SW067-A06,SW067-A14
SW067,SW067-A06,SW067-A13
SW067,SW067-A06,SW067-A12
SW067,SW067-A06,SW067-A11
SW067,SW067-A06,SW067-A10
SW067,SW067-A06,SW067-A09
SW067,SW067-A06,SW067-A08
SW067,SW067-A06,SW067-A07
SW067,SW067-A07,SW067-A29
SW067,SW067-A07,SW067-A27
SW067,SW067-A07,SW067-A26
SW067,SW067-A07,SW067-A25
SW067,SW067-A07,SW067-A24
SW067,SW067-A07,SW067-A23
SW067,SW067-A07,SW067-A21
SW067,SW067-A07,SW067-A19
SW067,SW067-A07,SW067-A18
SW067,SW067-A07,SW067-A15
SW067,SW067-A07,SW067-A14
SW067,SW067-A07,SW067-A13
SW067,SW067-A07,SW067-A12
SW067,SW067-A07,SW067-A10
SW067,SW067-A07,SW067-A08
SW067,SW067-A08,SW067-A30
SW067,SW067-A08,SW067-A28
SW067,SW067-A08,SW067-A27
SW067,SW067-A08,SW067-A26
SW067,SW067-A08,SW067-A25
SW067,SW067-A08,SW067-A24
SW067,SW067-A08,SW067-A23
SW067,SW067-A08,SW067-A22
SW067,SW067-A08,SW067-A21
SW067,SW067-A08,SW067-A20
SW067,SW067-A08,SW067-A18
SW067,SW067-A08,SW067-A17
SW067,SW067-A08,SW067-A15
SW067,SW067-A08,SW067-A13
SW067,SW067-A08,SW067-A12
SW067,SW067-A08,SW067-A11
SW067,SW067-A08,SW067-A10
SW067,SW067-A08,SW067-A09
SW067,SW067-A09,SW067-A30
SW067,SW067-A09,SW067-A29
SW067,SW067-A09,SW067-A28
SW067,SW067-A09,SW067-A27
SW067,SW067-A09,SW067-A26
SW067,SW067-A09,SW067-A25
SW067,SW067-A09,SW067-A24
SW067,SW067-A09,SW067-A23
SW067,SW067-A09,SW067-A22
SW067,SW067-A09,SW067-A21
SW067,SW067-A09,SW067-A20
SW067,SW067-A09,SW067-A19
SW067,SW067-A09,SW067-A18
SW067,SW067-A09,SW067-A17
SW067,SW067-A09,SW067-A16
SW067,SW067-A09,SW067-A14
SW067,SW067-A09,SW067-A13
SW067,SW067-A09,SW067-A12
SW067,SW067-A09,SW067-A11
SW067,SW067-A09,SW067-A10
SW067,SW067-A10,SW067-A29
SW067,SW067-A10,SW067-A27
SW067,SW067-A10,SW067-A26
SW067,SW067-A10,SW067-A23
SW067,SW067-A10,SW067-A22
SW067,SW067-A10,SW067-A21
SW067,SW067-A10,SW067-A19
SW067,SW067-A10,SW067-A18
SW067,SW067-A10,SW067-A17
SW067,SW067-A10,SW067-A16
SW067,SW067-A10,SW067-A15
SW067,SW067-A10,SW067-A14
SW067,SW067-A10,SW067-A13
SW067,SW067-A10,SW067-A12
SW067,SW067-A11,SW067-A29
SW067,SW067-A11,SW067-A28
SW067,SW067-A11,SW067-A27
SW067,SW067-A11,SW067-A26
SW067,SW067-A11,SW067-A25
SW067,SW067-A11,SW067-A24
SW067,SW067-A11,SW067-A23
SW067,SW067-A11,SW067-A22
SW067,SW067-A11,SW067-A21
SW067,SW067-A11,SW067-A20
SW067,SW067-A11,SW067-A19
SW067,SW067-A11,SW067-A17
SW067,SW067-A11,SW067-A16
SW067,SW067-A11,SW067-A15
SW067,SW067-A11,SW067-A13
SW067,SW067-A11,SW067-A12
SW067,SW067-A12,SW067-A29
SW067,SW067-A12,SW067-A28
SW067,SW067-A12,SW067-A26
SW067,SW067-A12,SW067-A23
SW067,SW067-A12,SW067-A22
SW067,SW067-A12,SW067-A21
SW067,SW067-A12,SW067-A20
SW067,SW067-A12,SW067-A18
SW067,SW067-A12,SW067-A17
SW067,SW067-A12,SW067-A16
SW067,SW067-A12,SW067-A14
SW067,SW067-A12,SW067-A13
SW067,SW067-A13,SW067-A29
SW067,SW067-A13,SW067-A28
SW067,SW067-A13,SW067-A27
SW067,SW067-A13,SW067-A26
SW067,SW067-A13,SW067-A25
SW067,SW067-A13,SW067-A24
SW067,SW067-A13,SW067-A22
SW067,SW067-A13,SW067-A21
SW067,SW067-A13,SW067-A20
SW067,SW067-A13,SW067-A18
SW067,SW067-A13,SW067-A17
SW067,SW067-A13,SW067-A16
SW067,SW067-A13,SW067-A15
SW067,SW067-A13,SW067-A14
SW067,SW067-A14,SW067-A30
SW067,SW067-A14,SW067-A28
SW067,SW067-A14,SW067-A27
SW067,SW067-A14,SW067-A26
SW067,SW067-A14,SW067-A25
SW067,SW067-A14,SW067-A24
SW067,SW067-A14,SW067-A23
SW067,SW067-A14,SW067-A22
SW067,SW067-A14,SW067-A21
SW067,SW067-A14,SW067-A20
SW067,SW067-A14,SW067-A19
SW067,SW067-A14,SW067-A18
SW067,SW067-A14,SW067-A17
SW067,SW067-A15,SW067-A30
SW067,SW067-A15,SW067-A29
SW067,SW067-A15,SW067-A28
SW067,SW067-A15,SW067-A27
SW067,SW067-A15,SW067-A25
SW067,SW067-A15,SW067-A24
SW067,SW067-A15,SW067-A23
SW067,SW067-A15,SW067-A22
SW067,SW067-A15,SW067-A21
SW067,SW067-A15,SW067-A20
SW067,SW067-A15,SW067-A18
SW067,SW067-A15,SW067-A17
SW067,SW067-A15,SW067-A16
SW067,SW067-A16,SW067-A30
SW067,SW067-A16,SW067-A29
SW067,SW067-A16,SW067-A28
SW067,SW067-A16,SW067-A27
SW067,SW067-A16,SW067-A25
SW067,SW067-A16,SW067-A23
SW067,SW067-A16,SW067-A22
SW067,SW067-A16,SW067-A21
SW067,SW067-A16,SW067-A19
SW067,SW067-A16,SW067-A18
SW067,SW067-A16,SW067-A17
SW067,SW067-A17,SW067-A30
SW067,SW067-A17,SW067-A29
SW067,SW067-A17,SW067-A28
SW067,SW067-A17,SW067-A27
SW067,SW067-A17,SW067-A26
SW067,SW067-A17,SW067-A24
SW067,SW067-A17,SW067-A23
SW067,SW067-A17,SW067-A22
SW067,SW067-A17,SW067-A21
SW067,SW067-A17,SW067-A20
SW067,SW067-A17,SW067-A19
SW067,SW067-A17,SW067-A18
SW067,SW067-A18,SW067-A30
SW067,SW067-A18,SW067-A29
SW067,SW067-A18,SW067-A28
SW067,SW067-A18,SW067-A27
SW067,SW067-A18,SW067-A26
SW067,SW067-A18,SW067-A25
SW067,SW067-A18,SW067-A24
SW067,SW067-A18,SW067-A23
SW067,SW067-A18,SW067-A22
SW067,SW067-A18,SW067-A21
SW067,SW067-A18,SW067-A20
SW067,SW067-A18,SW067-A19
SW067,SW067-A19,SW067-A29
SW067,SW067-A19,SW067-A27
SW067,SW067-A19,SW067-A25
SW067,SW067-A19,SW067-A24
SW067,SW067-A19,SW067-A23
SW067,SW067-A19,SW067-A22
SW067,SW067-A19,SW067-A21
SW067,SW067-A19,SW067-A20
SW067,SW067-A20,SW067-A30
SW067,SW067-A20,SW067-A29
SW067,SW067-A20,SW067-A28
SW067,SW067-A20,SW067-A27
SW067,SW067-A20,SW067-A26
SW067,SW067-A20,SW067-A25
SW067,SW067-A20,SW067-A24
SW067,SW067-A20,SW067-A23
SW067,SW067-A20,SW067-A22
SW067,SW067-A20,SW067-A21
SW067,SW067-A21,SW067-A30
SW067,SW067-A21,SW067-A28
SW067,SW067-A21,SW067-A26
SW067,SW067-A21,SW067-A25
SW067,SW067-A21,SW067-A24
SW067,SW067-A21,SW067-A23
SW067,SW067-A21,SW067-A22
SW067,SW067-A22,SW067-A30
SW067,SW067-A22,SW067-A29
SW067,SW067-A22,SW067-A28
SW067,SW067-A22,SW067-A27
SW067,SW067-A22,SW067-A26
SW067,SW067-A22,SW067-A25
SW067,SW067-A22,SW067-A24
SW067,SW067-A22,SW067-A23
SW067,SW067-A23,SW067-A30
SW067,SW067-A23,SW067-A29
SW067,SW067-A23,SW067-A28
SW067,SW067-A23,SW067-A27
SW067,SW067-A23,SW067-A26
SW067,SW067-A24,SW067-A29
SW067,SW067-A24,SW067-A28
SW067,SW067-A24,SW067-A27
SW067,SW067-A25,SW067-A28
SW067,SW067-A25,SW067-A27
SW067,SW067-A25,SW067-A26
SW067,SW067-A26,SW067-A28
SW067,SW067-A27,SW067-A28
SW068,SW068-A01,SW068-A11
SW068,SW068-A01,SW068-A10
SW068,SW068-A01,SW068-A09
SW068,SW068-A01,SW068-A07
SW068,SW068-A01,SW068-A03
SW068,SW068-A01,SW068-A02
SW068,SW068-A02,SW068-A20
SW068,SW068-A02,SW068-A19
SW068,SW068-A02,SW068-A11
SW068,SW068-A02,SW068-A10
SW068,SW068-A02,SW068-A03
SW068,SW068-A05,SW068-A20
SW068,SW068-A05,SW068-A19
SW068,SW068-A05,SW068-A11
SW068,SW068-A05,SW068-A10
SW068,SW068-A05,SW068-A07
SW068,SW068-A07,SW068-A20
SW068,SW068-A07,SW068-A19
SW068,SW068-A07,SW068-A11
SW068,SW068-A07,SW068-A10
SW068,SW068-A07,SW068-A09
SW068,SW068-A08,SW068-A29
SW068,SW068-A08,SW068-A28
SW068,SW068-A08,SW068-A27
SW068,SW068-A08,SW068-A26
SW068,SW068-A08,SW068-A25
SW068,SW068-A08,SW068-A21
SW068,SW068-A09,SW068-A11
SW068,SW068-A09,SW068-A10
SW068,SW068-A10,SW068-A20
SW068,SW068-A10,SW068-A19
SW068,SW068-A10,SW068-A11
SW068,SW068-A11,SW068-A20
SW068,SW068-A11,SW068-A19
SW068,SW068-A13,SW068-A14
SW068,SW068-A14,SW068-A15
SW068,SW068-A19,SW068-A20
SW068,SW068-A21,SW068-A29
SW068,SW068-A21,SW068-A28
SW068,SW068-A21,SW068-A27
SW068,SW068-A21,SW068-A26
SW068,SW068-A21,SW068-A25
SW068,SW068-A25,SW068-A28
SW068,SW068-A25,SW068-A27
SW068,SW068-A25,SW068-A26
SW068,SW068-A26,SW068-A28
SW068,SW068-A26,SW068-A27
SW068,SW068-A27,SW068-A29
SW068,SW068-A27,SW068-A28
SW068,SW068-A28,SW068-A29
SW069,SW069-A01,SW069-A27
SW069,SW069-A01,SW069-A24
SW069,SW069-A01,SW069-A23
SW069,SW069-A01,SW069-A22
SW069,SW069-A01,SW069-A21
SW069,SW069-A01,SW069-A20
SW069,SW069-A01,SW069-A19
SW069,SW069-A01,SW069-A18
SW069,SW069-A01,SW069-A17
SW069,SW069-A01,SW069-A16
SW069,SW069-A01,SW069-A15
SW069,SW069-A01,SW069-A14
SW069,SW069-A01,SW069-A13
SW069,SW069-A01,SW069-A09
SW069,SW069-A01,SW069-A08
SW069,SW069-A01,SW069-A06
SW069,SW069-A01,SW069-A05
SW069,SW069-A01,SW069-A04
SW069,SW069-A01,SW069-A03
SW069,SW069-A01,SW069-A02
SW069,SW069-A02,SW069-A27
SW069,SW069-A02,SW069-A24
SW069,SW069-A02,SW069-A23
SW069,SW069-A02,SW069-A22
SW069,SW069-A02,SW069-A21
SW069,SW069-A02,SW069-A20
SW069,SW069-A02,SW069-A19
SW069,SW069-A02,SW069-A18
SW069,SW069-A02,SW069-A17
SW069,SW069-A02,SW069-A16
SW069,SW069-A02,SW069-A15
SW069,SW069-A02,SW069-A14
SW069,SW069-A02,SW069-A13
SW069,SW069-A02,SW069-A08
SW069,SW069-A02,SW069-A05
SW069,SW069-A02,SW069-A04
SW069,SW069-A02,SW069-A03
SW069,SW069-A03,SW069-A26
SW069,SW069-A03,SW069-A25
SW069,SW069-A03,SW069-A22
SW069,SW069-A03,SW069-A18
SW069,SW069-A03,SW069-A16
SW069,SW069-A03,SW069-A15
SW069,SW069-A03,SW069-A14
SW069,SW069-A03,SW069-A12
SW069,SW069-A03,SW069-A11
SW069,SW069-A03,SW069-A10
SW069,SW069-A03,SW069-A09
SW069,SW069-A03,SW069-A08
SW069,SW069-A03,SW069-A05
SW069,SW069-A03,SW069-A04
SW069,SW069-A04,SW069-A30
SW069,SW069-A04,SW069-A29
SW069,SW069-A04,SW069-A28
SW069,SW069-A04,SW069-A27
SW069,SW069-A04,SW069-A26
SW069,SW069-A04,SW069-A25
SW069,SW069-A04,SW069-A24
SW069,SW069-A04,SW069-A23
SW069,SW069-A04,SW069-A19
SW069,SW069-A04,SW069-A18
SW069,SW069-A04,SW069-A17
SW069,SW069-A04,SW069-A16
SW069,SW069-A04,SW069-A15
SW069,SW069-A04,SW069-A12
SW069,SW069-A04,SW069-A11
SW069,SW069-A04,SW069-A10
SW069,SW069-A04,SW069-A08
SW069,SW069-A04,SW069-A07
SW069,SW069-A05,SW069-A30
SW069,SW069-A05,SW069-A29
SW069,SW069-A05,SW069-A27
SW069,SW069-A05,SW069-A26
SW069,SW069-A05,SW069-A25
SW069,SW069-A05,SW069-A23
SW069,SW069-A05,SW069-A22
SW069,SW069-A05,SW069-A21
SW069,SW069-A05,SW069-A20
SW069,SW069-A05,SW069-A14
SW069,SW069-A05,SW069-A11
SW069,SW069-A05,SW069-A10
SW069,SW069-A05,SW069-A09
SW069,SW069-A05,SW069-A08
SW069,SW069-A05,SW069-A07
SW069,SW069-A05,SW069-A06
SW069,SW069-A06,SW069-A30
SW069,SW069-A06,SW069-A29
SW069,SW069-A06,SW069-A28
SW069,SW069-A06,SW069-A27
SW069,SW069-A06,SW069-A26
SW069,SW069-A06,SW069-A25
SW069,SW069-A06,SW069-A24
SW069,SW069-A06,SW069-A23
SW069,SW069-A06,SW069-A22
SW069,SW069-A06,SW069-A21
SW069,SW069-A06,SW069-A18
SW069,SW069-A06,SW069-A17
SW069,SW069-A06,SW069-A16
SW069,SW069-A06,SW069-A15
SW069,SW069-A06,SW069-A14
SW069,SW069-A06,SW069-A13
SW069,SW069-A06,SW069-A12
SW069,SW069-A06,SW069-A11
SW069,SW069-A06,SW069-A10
SW069,SW069-A06,SW069-A09
SW069,SW069-A06,SW069-A08
SW069,SW069-A07,SW069-A30
SW069,SW069-A07,SW069-A28
SW069,SW069-A07,SW069-A27
SW069,SW069-A07,SW069-A26
SW069,SW069-A07,SW069-A24
SW069,SW069-A07,SW069-A23
SW069,SW069-A07,SW069-A22
SW069,SW069-A07,SW069-A21
SW069,SW069-A07,SW069-A20
SW069,SW069-A07,SW069-A19
SW069,SW069-A07,SW069-A18
SW069,SW069-A07,SW069-A17
SW069,SW069-A07,SW069-A15
SW069,SW069-A07,SW069-A14
SW069,SW069-A07,SW069-A13
SW069,SW069-A07,SW069-A12
SW069,SW069-A07,SW069-A11
SW069,SW069-A07,SW069-A10
SW069,SW069-A07,SW069-A09
SW069,SW069-A07,SW069-A08
SW069,SW069-A08,SW069-A30
SW069,SW069-A08,SW069-A29
SW069,SW069-A08,SW069-A28
SW069,SW069-A08,SW069-A27
SW069,SW069-A08,SW069-A26
SW069,SW069-A08,SW069-A25
SW069,SW069-A08,SW069-A24
SW069,SW069-A08,SW069-A23
SW069,SW069-A08,SW069-A22
SW069,SW069-A08,SW069-A21
SW069,SW069-A08,SW069-A20
SW069,SW069-A08,SW069-A19
SW069,SW069-A08,SW069-A18
SW069,SW069-A08,SW069-A17
SW069,SW069-A08,SW069-A16
SW069,SW069-A08,SW069-A15
SW069,SW069-A08,SW069-A14
SW069,SW069-A08,SW069-A13
SW069,SW069-A08,SW069-A12
SW069,SW069-A08,SW069-A11
SW069,SW069-A08,SW069-A10
SW069,SW069-A08,SW069-A09
SW069,SW069-A09,SW069-A30
SW069,SW069-A09,SW069-A29
SW069,SW069-A09,SW069-A28
SW069,SW069-A09,SW069-A27
SW069,SW069-A09,SW069-A26
SW069,SW069-A09,SW069-A25
SW069,SW069-A09,SW069-A24
SW069,SW069-A09,SW069-A23
SW069,SW069-A09,SW069-A22
SW069,SW069-A09,SW069-A21
SW069,SW069-A09,SW069-A20
SW069,SW069-A09,SW069-A19
SW069,SW069-A09,SW069-A18
SW069,SW069-A09,SW069-A17
SW069,SW069-A09,SW069-A16
SW069,SW069-A09,SW069-A15
SW069,SW069-A09,SW069-A14
SW069,SW069-A09,SW069-A13
SW069,SW069-A09,SW069-A12
SW069,SW069-A09,SW069-A11
SW069,SW069-A09,SW069-A10
SW069,SW069-A10,SW069-A30
SW069,SW069-A10,SW069-A29
SW069,SW069-A10,SW069-A28
SW069,SW069-A10,SW069-A27
SW069,SW069-A10,SW069-A26
SW069,SW069-A10,SW069-A21
SW069,SW069-A10,SW069-A20
SW069,SW069-A10,SW069-A17
SW069,SW069-A10,SW069-A14
SW069,SW069-A10,SW069-A13
SW069,SW069-A10,SW069-A12
SW069,SW069-A10,SW069-A11
SW069,SW069-A11,SW069-A30
SW069,SW069-A11,SW069-A29
SW069,SW069-A11,SW069-A28
SW069,SW069-A11,SW069-A27
SW069,SW069-A11,SW069-A26
SW069,SW069-A11,SW069-A25
SW069,SW069-A11,SW069-A24
SW069,SW069-A11,SW069-A23
SW069,SW069-A11,SW069-A22
SW069,SW069-A11,SW069-A21
SW069,SW069-A11,SW069-A20
SW069,SW069-A11,SW069-A19
SW069,SW069-A11,SW069-A18
SW069,SW069-A11,SW069-A17
SW069,SW069-A11,SW069-A16
SW069,SW069-A11,SW069-A15
SW069,SW069-A11,SW069-A14
SW069,SW069-A11,SW069-A13
SW069,SW069-A11,SW069-A12
SW069,SW069-A12,SW069-A30
SW069,SW069-A12,SW069-A29
SW069,SW069-A12,SW069-A28
SW069,SW069-A12,SW069-A27
SW069,SW069-A12,SW069-A26
SW069,SW069-A12,SW069-A25
SW069,SW069-A12,SW069-A24
SW069,SW069-A12,SW069-A23
SW069,SW069-A12,SW069-A22
SW069,SW069-A12,SW069-A21
SW069,SW069-A12,SW069-A20
SW069,SW069-A12,SW069-A19
SW069,SW069-A12,SW069-A18
SW069,SW069-A12,SW069-A17
SW069,SW069-A12,SW069-A16
SW069,SW069-A12,SW069-A15
SW069,SW069-A12,SW069-A14
SW069,SW069-A12,SW069-A13
SW069,SW069-A13,SW069-A30
SW069,SW069-A13,SW069-A29
SW069,SW069-A13,SW069-A28
SW069,SW069-A13,SW069-A27
SW069,SW069-A13,SW069-A26
SW069,SW069-A13,SW069-A25
SW069,SW069-A13,SW069-A24
SW069,SW069-A13,SW069-A23
SW069,SW069-A13,SW069-A21
SW069,SW069-A13,SW069-A19
SW069,SW069-A13,SW069-A18
SW069,SW069-A13,SW069-A17
SW069,SW069-A13,SW069-A16
SW069,SW069-A13,SW069-A15
SW069,SW069-A13,SW069-A14
SW069,SW069-A14,SW069-A30
SW069,SW069-A14,SW069-A28
SW069,SW069-A14,SW069-A27
SW069,SW069-A14,SW069-A26
SW069,SW069-A14,SW069-A25
SW069,SW069-A14,SW069-A24
SW069,SW069-A14,SW069-A23
SW069,SW069-A14,SW069-A21
SW069,SW069-A14,SW069-A20
SW069,SW069-A14,SW069-A19
SW069,SW069-A14,SW069-A18
SW069,SW069-A14,SW069-A17
SW069,SW069-A14,SW069-A16
SW069,SW069-A15,SW069-A30
SW069,SW069-A15,SW069-A29
SW069,SW069-A15,SW069-A28
SW069,SW069-A15,SW069-A27
SW069,SW069-A15,SW069-A26
SW069,SW069-A15,SW069-A25
SW069,SW069-A15,SW069-A21
SW069,SW069-A15,SW069-A20
SW069,SW069-A15,SW069-A19
SW069,SW069-A15,SW069-A18
SW069,SW069-A15,SW069-A16
SW069,SW069-A16,SW069-A30
SW069,SW069-A16,SW069-A29
SW069,SW069-A16,SW069-A28
SW069,SW069-A16,SW069-A27
SW069,SW069-A16,SW069-A26
SW069,SW069-A16,SW069-A25
SW069,SW069-A16,SW069-A24
SW069,SW069-A16,SW069-A23
SW069,SW069-A16,SW069-A22
SW069,SW069-A16,SW069-A21
SW069,SW069-A16,SW069-A20
SW069,SW069-A16,SW069-A19
SW069,SW069-A16,SW069-A18
SW069,SW069-A16,SW069-A17
SW069,SW069-A17,SW069-A30
SW069,SW069-A17,SW069-A29
SW069,SW069-A17,SW069-A28
SW069,SW069-A17,SW069-A27
SW069,SW069-A17,SW069-A26
SW069,SW069-A17,SW069-A25
SW069,SW069-A17,SW069-A24
SW069,SW069-A17,SW069-A22
SW069,SW069-A17,SW069-A20
SW069,SW069-A17,SW069-A19
SW069,SW069-A17,SW069-A18
SW069,SW069-A18,SW069-A30
SW069,SW069-A18,SW069-A29
SW069,SW069-A18,SW069-A28
SW069,SW069-A18,SW069-A27
SW069,SW069-A18,SW069-A26
SW069,SW069-A18,SW069-A25
SW069,SW069-A18,SW069-A24
SW069,SW069-A18,SW069-A23
SW069,SW069-A18,SW069-A22
SW069,SW069-A18,SW069-A21
SW069,SW069-A18,SW069-A20
SW069,SW069-A18,SW069-A19
SW069,SW069-A19,SW069-A30
SW069,SW069-A19,SW069-A29
SW069,SW069-A19,SW069-A27
SW069,SW069-A19,SW069-A26
SW069,SW069-A19,SW069-A25
SW069,SW069-A19,SW069-A24
SW069,SW069-A19,SW069-A23
SW069,SW069-A19,SW069-A22
SW069,SW069-A19,SW069-A21
SW069,SW069-A19,SW069-A20
SW069,SW069-A20,SW069-A30
SW069,SW069-A20,SW069-A29
SW069,SW069-A20,SW069-A28
SW069,SW069-A20,SW069-A27
SW069,SW069-A20,SW069-A26
SW069,SW069-A20,SW069-A25
SW069,SW069-A20,SW069-A24
SW069,SW069-A20,SW069-A23
SW069,SW069-A20,SW069-A22
SW069,SW069-A20,SW069-A21
SW069,SW069-A21,SW069-A30
SW069,SW069-A21,SW069-A29
SW069,SW069-A21,SW069-A28
SW069,SW069-A21,SW069-A27
SW069,SW069-A21,SW069-A26
SW069,SW069-A21,SW069-A25
SW069,SW069-A21,SW069-A24
SW069,SW069-A21,SW069-A23
SW069,SW069-A21,SW069-A22
SW069,SW069-A22,SW069-A30
SW069,SW069-A22,SW069-A29
SW069,SW069-A22,SW069-A28
SW069,SW069-A22,SW069-A27
SW069,SW069-A22,SW069-A26
SW069,SW069-A22,SW069-A25
SW069,SW069-A22,SW069-A24
SW069,SW069-A22,SW069-A23
SW069,SW069-A23,SW069-A30
SW069,SW069-A23,SW069-A29
SW069,SW069-A23,SW069-A28
SW069,SW069-A23,SW069-A27
SW069,SW069-A23,SW069-A25
SW069,SW069-A23,SW069-A24
SW069,SW069-A24,SW069-A30
SW069,SW069-A24,SW069-A29
SW069,SW069-A24,SW069-A28
SW069,SW069-A24,SW069-A27
SW069,SW069-A24,SW069-A26
SW069,SW069-A24,SW069-A25
SW069,SW069-A25,SW069-A30
SW069,SW069-A25,SW069-A29
SW069,SW069-A25,SW069-A28
SW069,SW069-A25,SW069-A27
SW069,SW069-A25,SW069-A26
SW069,SW069-A26,SW069-A30
SW069,SW069-A26,SW069-A29
SW069,SW069-A26,SW069-A28
SW069,SW069-A26,SW069-A27
SW069,SW069-A27,SW069-A30
SW069,SW069-A27,SW069-A29
SW069,SW069-A27,SW069-A28
SW069,SW069-A28,SW069-A30
SW069,SW069-A28,SW069-A29
SW069,SW069-A29,SW069-A30
SW070,SW070-A01,SW070-A30
SW070,SW070-A01,SW070-A29
SW070,SW070-A01,SW070-A28
SW070,SW070-A01,SW070-A27
SW070,SW070-A01,SW070-A24
SW070,SW070-A01,SW070-A23
SW070,SW070-A01,SW070-A22
SW070,SW070-A01,SW070-A19
SW070,SW070-A01,SW070-A18
SW070,SW070-A01,SW070-A17
SW070,SW070-A01,SW070-A16
SW070,SW070-A01,SW070-A15
SW070,SW070-A01,SW070-A12
SW070,SW070-A01,SW070-A11
SW070,SW070-A01,SW070-A10
SW070,SW070-A01,SW070-A09
SW070,SW070-A01,SW070-A08
SW070,SW070-A01,SW070-A07
SW070,SW070-A01,SW070-A05
SW070,SW070-A01,SW070-A04
SW070,SW070-A01,SW070-A03
SW070,SW070-A01,SW070-A02
SW070,SW070-A02,SW070-A30
SW070,SW070-A02,SW070-A29
SW070,SW070-A02,SW070-A28
SW070,SW070-A02,SW070-A24
SW070,SW070-A02,SW070-A23
SW070,SW070-A02,SW070-A22
SW070,SW070-A02,SW070-A20
SW070,SW070-A02,SW070-A19
SW070,SW070-A02,SW070-A18
SW070,SW070-A02,SW070-A17
SW070,SW070-A02,SW070-A16
SW070,SW070-A02,SW070-A15
SW070,SW070-A02,SW070-A10
SW070,SW070-A02,SW070-A09
SW070,SW070-A02,SW070-A08
SW070,SW070-A02,SW070-A07
SW070,SW070-A02,SW070-A06
SW070,SW070-A02,SW070-A05
SW070,SW070-A02,SW070-A04
SW070,SW070-A03,SW070-A30
SW070,SW070-A03,SW070-A29
SW070,SW070-A03,SW070-A28
SW070,SW070-A03,SW070-A27
SW070,SW070-A03,SW070-A26
SW070,SW070-A03,SW070-A25
SW070,SW070-A03,SW070-A24
SW070,SW070-A03,SW070-A23
SW070,SW070-A03,SW070-A21
SW070,SW070-A03,SW070-A18
SW070,SW070-A03,SW070-A17
SW070,SW070-A03,SW070-A16
SW070,SW070-A03,SW070-A15
SW070,SW070-A03,SW070-A14
SW070,SW070-A03,SW070-A13
SW070,SW070-A03,SW070-A06
SW070,SW070-A03,SW070-A05
SW070,SW070-A03,SW070-A04
SW070,SW070-A04,SW070-A30
SW070,SW070-A04,SW070-A29
SW070,SW070-A04,SW070-A28
SW070,SW070-A04,SW070-A26
SW070,SW070-A04,SW070-A25
SW070,SW070-A04,SW070-A23
SW070,SW070-A04,SW070-A22
SW070,SW070-A04,SW070-A21
SW070,SW070-A04,SW070-A18
SW070,SW070-A04,SW070-A17
SW070,SW070-A04,SW070-A14
SW070,SW070-A04,SW070-A13
SW070,SW070-A04,SW070-A12
SW070,SW070-A04,SW070-A11
SW070,SW070-A04,SW070-A05
SW070,SW070-A05,SW070-A14
SW070,SW070-A05,SW070-A07
SW070,SW070-A05,SW070-A06
SW070,SW070-A06,SW070-A29
SW070,SW070-A06,SW070-A28
SW070,SW070-A06,SW070-A27
SW070,SW070-A06,SW070-A25
SW070,SW070-A06,SW070-A24
SW070,SW070-A06,SW070-A23
SW070,SW070-A06,SW070-A22
SW070,SW070-A06,SW070-A21
SW070,SW070-A06,SW070-A20
SW070,SW070-A06,SW070-A19
SW070,SW070-A06,SW070-A17
SW070,SW070-A06,SW070-A16
SW070,SW070-A06,SW070-A15
SW070,SW070-A06,SW070-A10
SW070,SW070-A06,SW070-A09
SW070,SW070-A06,SW070-A08
SW070,SW070-A06,SW070-A07
SW070,SW070-A07,SW070-A27
SW070,SW070-A07,SW070-A26
SW070,SW070-A07,SW070-A25
SW070,SW070-A07,SW070-A24
SW070,SW070-A07,SW070-A23
SW070,SW070-A07,SW070-A22
SW070,SW070-A07,SW070-A21
SW070,SW070-A07,SW070-A20
SW070,SW070-A07,SW070-A19
SW070,SW070-A07,SW070-A18
SW070,SW070-A07,SW070-A17
SW070,SW070-A07,SW070-A14
SW070,SW070-A07,SW070-A13
SW070,SW070-A07,SW070-A12
SW070,SW070-A07,SW070-A11
SW070,SW070-A07,SW070-A10
SW070,SW070-A07,SW070-A09
SW070,SW070-A07,SW070-A08
SW070,SW070-A08,SW070-A30
SW070,SW070-A08,SW070-A29
SW070,SW070-A08,SW070-A28
SW070,SW070-A08,SW070-A27
SW070,SW070-A08,SW070-A26
SW070,SW070-A08,SW070-A25
SW070,SW070-A08,SW070-A24
SW070,SW070-A08,SW070-A23
SW070,SW070-A08,SW070-A22
SW070,SW070-A08,SW070-A21
SW070,SW070-A08,SW070-A20
SW070,SW070-A08,SW070-A19
SW070,SW070-A08,SW070-A18
SW070,SW070-A08,SW070-A16
SW070,SW070-A08,SW070-A15
SW070,SW070-A08,SW070-A14
SW070,SW070-A08,SW070-A13
SW070,SW070-A08,SW070-A11
SW070,SW070-A08,SW070-A10
SW070,SW070-A08,SW070-A09
SW070,SW070-A09,SW070-A30
SW070,SW070-A09,SW070-A29
SW070,SW070-A09,SW070-A28
SW070,SW070-A09,SW070-A27
SW070,SW070-A09,SW070-A26
SW070,SW070-A09,SW070-A24
SW070,SW070-A09,SW070-A23
SW070,SW070-A09,SW070-A22
SW070,SW070-A09,SW070-A21
SW070,SW070-A09,SW070-A20
SW070,SW070-A09,SW070-A19
SW070,SW070-A09,SW070-A18
SW070,SW070-A09,SW070-A14
SW070,SW070-A09,SW070-A13
SW070,SW070-A09,SW070-A12
SW070,SW070-A10,SW070-A30
SW070,SW070-A10,SW070-A29
SW070,SW070-A10,SW070-A27
SW070,SW070-A10,SW070-A24
SW070,SW070-A10,SW070-A23
SW070,SW070-A10,SW070-A22
SW070,SW070-A10,SW070-A21
SW070,SW070-A10,SW070-A19
SW070,SW070-A10,SW070-A18
SW070,SW070-A10,SW070-A15
SW070,SW070-A10,SW070-A14
SW070,SW070-A10,SW070-A13
SW070,SW070-A10,SW070-A12
SW070,SW070-A11,SW070-A30
SW070,SW070-A11,SW070-A29
SW070,SW070-A11,SW070-A28
SW070,SW070-A11,SW070-A27
SW070,SW070-A11,SW070-A26
SW070,SW070-A11,SW070-A24
SW070,SW070-A11,SW070-A23
SW070,SW070-A11,SW070-A22
SW070,SW070-A11,SW070-A20
SW070,SW070-A11,SW070-A19
SW070,SW070-A11,SW070-A17
SW070,SW070-A11,SW070-A16
SW070,SW070-A11,SW070-A14
SW070,SW070-A11,SW070-A13
SW070,SW070-A12,SW070-A30
SW070,SW070-A12,SW070-A29
SW070,SW070-A12,SW070-A26
SW070,SW070-A12,SW070-A25
SW070,SW070-A12,SW070-A24
SW070,SW070-A12,SW070-A23
SW070,SW070-A12,SW070-A22
SW070,SW070-A12,SW070-A20
SW070,SW070-A12,SW070-A19
SW070,SW070-A12,SW070-A18
SW070,SW070-A12,SW070-A16
SW070,SW070-A12,SW070-A14
SW070,SW070-A12,SW070-A13
SW070,SW070-A13,SW070-A30
SW070,SW070-A13,SW070-A27
SW070,SW070-A13,SW070-A26
SW070,SW070-A13,SW070-A25
SW070,SW070-A13,SW070-A24
SW070,SW070-A13,SW070-A23
SW070,SW070-A13,SW070-A22
SW070,SW070-A13,SW070-A20
SW070,SW070-A13,SW070-A19
SW070,SW070-A13,SW070-A18
SW070,SW070-A13,SW070-A16
SW070,SW070-A13,SW070-A15
SW070,SW070-A13,SW070-A14
SW070,SW070-A14,SW070-A30
SW070,SW070-A14,SW070-A29
SW070,SW070-A14,SW070-A28
SW070,SW070-A14,SW070-A27
SW070,SW070-A14,SW070-A26
SW070,SW070-A14,SW070-A25
SW070,SW070-A14,SW070-A24
SW070,SW070-A14,SW070-A21
SW070,SW070-A14,SW070-A20
SW070,SW070-A14,SW070-A19
SW070,SW070-A14,SW070-A18
SW070,SW070-A14,SW070-A17
SW070,SW070-A14,SW070-A16
SW070,SW070-A14,SW070-A15
SW070,SW070-A15,SW070-A30
SW070,SW070-A15,SW070-A29
SW070,SW070-A15,SW070-A28
SW070,SW070-A15,SW070-A27
SW070,SW070-A15,SW070-A24
SW070,SW070-A15,SW070-A22
SW070,SW070-A15,SW070-A18
SW070,SW070-A15,SW070-A16
SW070,SW070-A16,SW070-A30
SW070,SW070-A16,SW070-A29
SW070,SW070-A16,SW070-A28
SW070,SW070-A16,SW070-A27
SW070,SW070-A16,SW070-A26
SW070,SW070-A16,SW070-A25
SW070,SW070-A16,SW070-A24
SW070,SW070-A16,SW070-A21
SW070,SW070-A16,SW070-A20
SW070,SW070-A16,SW070-A19
SW070,SW070-A16,SW070-A18
SW070,SW070-A16,SW070-A17
SW070,SW070-A17,SW070-A26
SW070,SW070-A17,SW070-A25
SW070,SW070-A17,SW070-A24
SW070,SW070-A17,SW070-A20
SW070,SW070-A17,SW070-A18
SW070,SW070-A18,SW070-A30
SW070,SW070-A18,SW070-A29
SW070,SW070-A18,SW070-A28
SW070,SW070-A18,SW070-A27
SW070,SW070-A18,SW070-A26
SW070,SW070-A18,SW070-A25
SW070,SW070-A18,SW070-A24
SW070,SW070-A18,SW070-A23
SW070,SW070-A18,SW070-A22
SW070,SW070-A18,SW070-A21
SW070,SW070-A18,SW070-A20
SW070,SW070-A18,SW070-A19
SW070,SW070-A19,SW070-A30
SW070,SW070-A19,SW070-A29
SW070,SW070-A19,SW070-A28
SW070,SW070-A19,SW070-A27
SW070,SW070-A19,SW070-A26
SW070,SW070-A19,SW070-A25
SW070,SW070-A19,SW070-A24
SW070,SW070-A19,SW070-A22
SW070,SW070-A19,SW070-A21
SW070,SW070-A19,SW070-A20
SW070,SW070-A20,SW070-A30
SW070,SW070-A20,SW070-A29
SW070,SW070-A20,SW070-A26
SW070,SW070-A20,SW070-A25
SW070,SW070-A20,SW070-A23
SW070,SW070-A20,SW070-A22
SW070,SW070-A21,SW070-A30
SW070,SW070-A21,SW070-A29
SW070,SW070-A21,SW070-A28
SW070,SW070-A21,SW070-A26
SW070,SW070-A21,SW070-A25
SW070,SW070-A21,SW070-A24
SW070,SW070-A21,SW070-A23
SW070,SW070-A21,SW070-A22
SW070,SW070-A22,SW070-A30
SW070,SW070-A22,SW070-A29
SW070,SW070-A22,SW070-A28
SW070,SW070-A22,SW070-A27
SW070,SW070-A22,SW070-A26
SW070,SW070-A22,SW070-A25
SW070,SW070-A22,SW070-A23
SW070,SW070-A23,SW070-A30
SW070,SW070-A23,SW070-A29
SW070,SW070-A23,SW070-A28
SW070,SW070-A23,SW070-A27
SW070,SW070-A23,SW070-A26
SW070,SW070-A23,SW070-A25
SW070,SW070-A23,SW070-A24
SW070,SW070-A24,SW070-A30
SW070,SW070-A24,SW070-A29
SW070,SW070-A24,SW070-A28
SW070,SW070-A24,SW070-A27
SW070,SW070-A26,SW070-A30
SW070,SW070-A26,SW070-A29
SW070,SW070-A26,SW070-A28
SW070,SW070-A27,SW070-A30
SW070,SW070-A27,SW070-A29
SW070,SW070-A27,SW070-A28
SW070,SW070-A28,SW070-A30
SW070,SW070-A28,SW070-A29
SW070,SW070-A29,SW070-A30
SW071,SW071-A01,SW071-A26
SW071,SW071-A01,SW071-A25
SW071,SW071-A01,SW071-A20
SW071,SW071-A01,SW071-A19
SW071,SW071-A01,SW071-A18
SW071,SW071-A01,SW071-A16
SW071,SW071-A01,SW071-A10
SW071,SW071-A01,SW071-A09
SW071,SW071-A01,SW071-A08
SW071,SW071-A01,SW071-A07
SW071,SW071-A01,SW071-A06
SW071,SW071-A01,SW071-A05
SW071,SW071-A01,SW071-A04
SW071,SW071-A01,SW071-A02
SW071,SW071-A02,SW071-A28
SW071,SW071-A02,SW071-A27
SW071,SW071-A02,SW071-A20
SW071,SW071-A02,SW071-A19
SW071,SW071-A02,SW071-A16
SW071,SW071-A02,SW071-A15
SW071,SW071-A02,SW071-A13
SW071,SW071-A02,SW071-A10
SW071,SW071-A02,SW071-A09
SW071,SW071-A02,SW071-A08
SW071,SW071-A02,SW071-A07
SW071,SW071-A02,SW071-A06
SW071,SW071-A02,SW071-A05
SW071,SW071-A02,SW071-A04
SW071,SW071-A02,SW071-A03
SW071,SW071-A03,SW071-A28
SW071,SW071-A03,SW071-A27
SW071,SW071-A03,SW071-A25
SW071,SW071-A03,SW071-A24
SW071,SW071-A03,SW071-A22
SW071,SW071-A03,SW071-A21
SW071,SW071-A03,SW071-A20
SW071,SW071-A03,SW071-A19
SW071,SW071-A03,SW071-A16
SW071,SW071-A03,SW071-A15
SW071,SW071-A03,SW071-A14
SW071,SW071-A03,SW071-A13
SW071,SW071-A03,SW071-A11
SW071,SW071-A03,SW071-A10
SW071,SW071-A03,SW071-A09
SW071,SW071-A03,SW071-A08
SW071,SW071-A03,SW071-A07
SW071,SW071-A03,SW071-A04
SW071,SW071-A04,SW071-A30
SW071,SW071-A04,SW071-A29
SW071,SW071-A04,SW071-A27
SW071,SW071-A04,SW071-A26
SW071,SW071-A04,SW071-A25
SW071,SW071-A04,SW071-A24
SW071,SW071-A04,SW071-A22
SW071,SW071-A04,SW071-A21
SW071,SW071-A04,SW071-A20
SW071,SW071-A04,SW071-A19
SW071,SW071-A04,SW071-A17
SW071,SW071-A04,SW071-A16
SW071,SW071-A04,SW071-A15
SW071,SW071-A04,SW071-A13
SW071,SW071-A04,SW071-A12
SW071,SW071-A04,SW071-A11
SW071,SW071-A04,SW071-A08
SW071,SW071-A04,SW071-A05
SW071,SW071-A05,SW071-A30
SW071,SW071-A05,SW071-A29
SW071,SW071-A05,SW071-A28
SW071,SW071-A05,SW071-A27
SW071,SW071-A05,SW071-A26
SW071,SW071-A05,SW071-A25
SW071,SW071-A05,SW071-A24
SW071,SW071-A05,SW071-A22
SW071,SW071-A05,SW071-A21
SW071,SW071-A05,SW071-A19
SW071,SW071-A05,SW071-A17
SW071,SW071-A05,SW071-A16
SW071,SW071-A05,SW071-A14
SW071,SW071-A05,SW071-A13
SW071,SW071-A05,SW071-A12
SW071,SW071-A05,SW071-A11
SW071,SW071-A05,SW071-A10
SW071,SW071-A05,SW071-A09
SW071,SW071-A05,SW071-A08
SW071,SW071-A05,SW071-A07
SW071,SW071-A06,SW071-A30
SW071,SW071-A06,SW071-A29
SW071,SW071-A06,SW071-A27
SW071,SW071-A06,SW071-A26
SW071,SW071-A06,SW071-A25
SW071,SW071-A06,SW071-A24
SW071,SW071-A06,SW071-A23
SW071,SW071-A06,SW071-A21
SW071,SW071-A06,SW071-A20
SW071,SW071-A06,SW071-A19
SW071,SW071-A06,SW071-A17
SW071,SW071-A06,SW071-A16
SW071,SW071-A06,SW071-A15
SW071,SW071-A06,SW071-A13
SW071,SW071-A06,SW071-A12
SW071,SW071-A06,SW071-A11
SW071,SW071-A06,SW071-A10
SW071,SW071-A06,SW071-A09
SW071,SW071-A06,SW071-A08
SW071,SW071-A06,SW071-A07
SW071,SW071-A07,SW071-A30
SW071,SW071-A07,SW071-A28
SW071,SW071-A07,SW071-A27
SW071,SW071-A07,SW071-A24
SW071,SW071-A07,SW071-A23
SW071,SW071-A07,SW071-A22
SW071,SW071-A07,SW071-A20
SW071,SW071-A07,SW071-A19
SW071,SW071-A07,SW071-A18
SW071,SW071-A07,SW071-A17
SW071,SW071-A07,SW071-A16
SW071,SW071-A07,SW071-A14
SW071,SW071-A07,SW071-A13
SW071,SW071-A07,SW071-A11
SW071,SW071-A08,SW071-A28
SW071,SW071-A08,SW071-A25
SW071,SW071-A08,SW071-A22
SW071,SW071-A08,SW071-A21
SW071,SW071-A08,SW071-A20
SW071,SW071-A08,SW071-A19
SW071,SW071-A08,SW071-A18
SW071,SW071-A08,SW071-A17
SW071,SW071-A08,SW071-A16
SW071,SW071-A08,SW071-A15
SW071,SW071-A08,SW071-A14
SW071,SW071-A08,SW071-A13
SW071,SW071-A08,SW071-A12
SW071,SW071-A08,SW071-A11
SW071,SW071-A08,SW071-A10
SW071,SW071-A08,SW071-A09
SW071,SW071-A09,SW071-A30
SW071,SW071-A09,SW071-A26
SW071,SW071-A09,SW071-A25
SW071,SW071-A09,SW071-A24
SW071,SW071-A09,SW071-A23
SW071,SW071-A09,SW071-A22
SW071,SW071-A09,SW071-A21
SW071,SW071-A09,SW071-A20
SW071,SW071-A09,SW071-A18
SW071,SW071-A09,SW071-A17
SW071,SW071-A09,SW071-A16
SW071,SW071-A09,SW071-A15
SW071,SW071-A09,SW071-A14
SW071,SW071-A09,SW071-A13
SW071,SW071-A09,SW071-A12
SW071,SW071-A09,SW071-A11
SW071,SW071-A09,SW071-A10
SW071,SW071-A10,SW071-A30
SW071,SW071-A10,SW071-A26
SW071,SW071-A10,SW071-A25
SW071,SW071-A10,SW071-A23
SW071,SW071-A10,SW071-A22
SW071,SW071-A10,SW071-A21
SW071,SW071-A10,SW071-A19
SW071,SW071-A10,SW071-A13
SW071,SW071-A10,SW071-A12
SW071,SW071-A10,SW071-A11
SW071,SW071-A11,SW071-A30
SW071,SW071-A11,SW071-A28
SW071,SW071-A11,SW071-A26
SW071,SW071-A11,SW071-A23
SW071,SW071-A11,SW071-A22
SW071,SW071-A11,SW071-A21
SW071,SW071-A11,SW071-A20
SW071,SW071-A11,SW071-A19
SW071,SW071-A11,SW071-A18
SW071,SW071-A11,SW071-A17
SW071,SW071-A11,SW071-A15
SW071,SW071-A11,SW071-A14
SW071,SW071-A11,SW071-A12
SW071,SW071-A12,SW071-A30
SW071,SW071-A12,SW071-A29
SW071,SW071-A12,SW071-A28
SW071,SW071-A12,SW071-A25
SW071,SW071-A12,SW071-A24
SW071,SW071-A12,SW071-A22
SW071,SW071-A12,SW071-A21
SW071,SW071-A12,SW071-A20
SW071,SW071-A12,SW071-A19
SW071,SW071-A12,SW071-A18
SW071,SW071-A12,SW071-A17
SW071,SW071-A12,SW071-A16
SW071,SW071-A12,SW071-A15
SW071,SW071-A12,SW071-A14
SW071,SW071-A13,SW071-A30
SW071,SW071-A13,SW071-A29
SW071,SW071-A13,SW071-A27
SW071,SW071-A13,SW071-A26
SW071,SW071-A13,SW071-A25
SW071,SW071-A13,SW071-A24
SW071,SW071-A13,SW071-A22
SW071,SW071-A13,SW071-A21
SW071,SW071-A13,SW071-A20
SW071,SW071-A13,SW071-A18
SW071,SW071-A13,SW071-A17
SW071,SW071-A13,SW071-A16
SW071,SW071-A13,SW071-A15
SW071,SW071-A13,SW071-A14
SW071,SW071-A14,SW071-A29
SW071,SW071-A14,SW071-A28
SW071,SW071-A14,SW071-A27
SW071,SW071-A14,SW071-A25
SW071,SW071-A14,SW071-A24
SW071,SW071-A14,SW071-A22
SW071,SW071-A14,SW071-A21
SW071,SW071-A14,SW071-A20
SW071,SW071-A14,SW071-A19
SW071,SW071-A14,SW071-A18
SW071,SW071-A14,SW071-A17
SW071,SW071-A14,SW071-A16
SW071,SW071-A14,SW071-A15
SW071,SW071-A15,SW071-A30
SW071,SW071-A15,SW071-A29
SW071,SW071-A15,SW071-A26
SW071,SW071-A15,SW071-A25
SW071,SW071-A15,SW071-A24
SW071,SW071-A15,SW071-A23
SW071,SW071-A15,SW071-A22
SW071,SW071-A15,SW071-A21
SW071,SW071-A15,SW071-A20
SW071,SW071-A15,SW071-A19
SW071,SW071-A15,SW071-A18
SW071,SW071-A15,SW071-A17
SW071,SW071-A15,SW071-A16
SW071,SW071-A16,SW071-A30
SW071,SW071-A16,SW071-A29
SW071,SW071-A16,SW071-A28
SW071,SW071-A16,SW071-A27
SW071,SW071-A16,SW071-A26
SW071,SW071-A16,SW071-A25
SW071,SW071-A16,SW071-A24
SW071,SW071-A16,SW071-A23
SW071,SW071-A16,SW071-A22
SW071,SW071-A16,SW071-A21
SW071,SW071-A16,SW071-A20
SW071,SW071-A16,SW071-A18
SW071,SW071-A16,SW071-A17
SW071,SW071-A17,SW071-A30
SW071,SW071-A17,SW071-A29
SW071,SW071-A17,SW071-A28
SW071,SW071-A17,SW071-A27
SW071,SW071-A17,SW071-A26
SW071,SW071-A17,SW071-A25
SW071,SW071-A17,SW071-A24
SW071,SW071-A17,SW071-A23
SW071,SW071-A17,SW071-A22
SW071,SW071-A17,SW071-A21
SW071,SW071-A17,SW071-A19
SW071,SW071-A17,SW071-A18
SW071,SW071-A18,SW071-A30
SW071,SW071-A18,SW071-A28
SW071,SW071-A18,SW071-A27
SW071,SW071-A18,SW071-A26
SW071,SW071-A18,SW071-A25
SW071,SW071-A18,SW071-A24
SW071,SW071-A18,SW071-A23
SW071,SW071-A18,SW071-A22
SW071,SW071-A18,SW071-A21
SW071,SW071-A18,SW071-A20
SW071,SW071-A18,SW071-A19
SW071,SW071-A19,SW071-A30
SW071,SW071-A19,SW071-A29
SW071,SW071-A19,SW071-A28
SW071,SW071-A19,SW071-A27
SW071,SW071-A19,SW071-A26
SW071,SW071-A19,SW071-A25
SW071,SW071-A19,SW071-A24
SW071,SW071-A19,SW071-A23
SW071,SW071-A19,SW071-A21
SW071,SW071-A19,SW071-A20
SW071,SW071-A20,SW071-A30
SW071,SW071-A20,SW071-A29
SW071,SW071-A20,SW071-A25
SW071,SW071-A20,SW071-A24
SW071,SW071-A20,SW071-A23
SW071,SW071-A20,SW071-A22
SW071,SW071-A20,SW071-A21
SW071,SW071-A21,SW071-A29
SW071,SW071-A21,SW071-A27
SW071,SW071-A21,SW071-A25
SW071,SW071-A21,SW071-A24
SW071,SW071-A21,SW071-A23
SW071,SW071-A21,SW071-A22
SW071,SW071-A22,SW071-A30
SW071,SW071-A22,SW071-A24
SW071,SW071-A22,SW071-A23
SW071,SW071-A23,SW071-A30
SW071,SW071-A23,SW071-A27
SW071,SW071-A23,SW071-A26
SW071,SW071-A23,SW071-A25
SW071,SW071-A23,SW071-A24
SW071,SW071-A24,SW071-A30
SW071,SW071-A24,SW071-A29
SW071,SW071-A24,SW071-A26
SW071,SW071-A24,SW071-A25
SW071,SW071-A25,SW071-A30
SW071,SW071-A25,SW071-A29
SW071,SW071-A25,SW071-A28
SW071,SW071-A26,SW071-A30
SW071,SW071-A26,SW071-A27
SW071,SW071-A27,SW071-A30
SW071,SW071-A27,SW071-A28
SW071,SW071-A28,SW071-A29
SW072,SW072-A01,SW072-A02
SW072,SW072-A02,SW072-A24
SW072,SW072-A02,SW072-A23
SW072,SW072-A02,SW072-A13
SW072,SW072-A02,SW072-A12
SW072,SW072-A02,SW072-A11
SW072,SW072-A02,SW072-A10
SW072,SW072-A02,SW072-A09
SW072,SW072-A02,SW072-A08
SW072,SW072-A02,SW072-A07
SW072,SW072-A02,SW072-A06
SW072,SW072-A02,SW072-A05
SW072,SW072-A02,SW072-A03
SW072,SW072-A03,SW072-A30
SW072,SW072-A03,SW072-A29
SW072,SW072-A03,SW072-A28
SW072,SW072-A03,SW072-A26
SW072,SW072-A03,SW072-A25
SW072,SW072-A03,SW072-A24
SW072,SW072-A03,SW072-A22
SW072,SW072-A03,SW072-A16
SW072,SW072-A03,SW072-A15
SW072,SW072-A03,SW072-A14
SW072,SW072-A03,SW072-A04
SW072,SW072-A04,SW072-A13
SW072,SW072-A04,SW072-A12
SW072,SW072-A04,SW072-A11
SW072,SW072-A04,SW072-A10
SW072,SW072-A04,SW072-A09
SW072,SW072-A04,SW072-A08
SW072,SW072-A04,SW072-A07
SW072,SW072-A04,SW072-A05
SW072,SW072-A05,SW072-A23
SW072,SW072-A05,SW072-A13
SW072,SW072-A05,SW072-A12
SW072,SW072-A05,SW072-A11
SW072,SW072-A05,SW072-A10
SW072,SW072-A05,SW072-A09
SW072,SW072-A05,SW072-A08
SW072,SW072-A05,SW072-A07
SW072,SW072-A05,SW072-A06
SW072,SW072-A06,SW072-A29
SW072,SW072-A06,SW072-A28
SW072,SW072-A06,SW072-A26
SW072,SW072-A06,SW072-A25
SW072,SW072-A06,SW072-A24
SW072,SW072-A06,SW072-A22
SW072,SW072-A06,SW072-A21
SW072,SW072-A06,SW072-A20
SW072,SW072-A06,SW072-A16
SW072,SW072-A06,SW072-A15
SW072,SW072-A06,SW072-A14
SW072,SW072-A07,SW072-A23
SW072,SW072-A07,SW072-A13
SW072,SW072-A07,SW072-A12
SW072,SW072-A07,SW072-A11
SW072,SW072-A07,SW072-A10
SW072,SW072-A07,SW072-A09
SW072,SW072-A07,SW072-A08
SW072,SW072-A08,SW072-A23
SW072,SW072-A08,SW072-A13
SW072,SW072-A08,SW072-A12
SW072,SW072-A08,SW072-A11
SW072,SW072-A08,SW072-A10
SW072,SW072-A08,SW072-A09
SW072,SW072-A09,SW072-A23
SW072,SW072-A09,SW072-A13
SW072,SW072-A09,SW072-A12
SW072,SW072-A09,SW072-A11
SW072,SW072-A09,SW072-A10
SW072,SW072-A10,SW072-A13
SW072,SW072-A10,SW072-A12
SW072,SW072-A10,SW072-A11
SW072,SW072-A11,SW072-A23
SW072,SW072-A11,SW072-A13
SW072,SW072-A11,SW072-A12
SW072,SW072-A14,SW072-A30
SW072,SW072-A14,SW072-A29
SW072,SW072-A14,SW072-A28
SW072,SW072-A14,SW072-A27
SW072,SW072-A14,SW072-A26
SW072,SW072-A14,SW072-A25
SW072,SW072-A14,SW072-A24
SW072,SW072-A14,SW072-A22
SW072,SW072-A14,SW072-A20
SW072,SW072-A14,SW072-A19
SW072,SW072-A14,SW072-A18
SW072,SW072-A14,SW072-A17
SW072,SW072-A14,SW072-A16
SW072,SW072-A14,SW072-A15
SW072,SW072-A15,SW072-A30
SW072,SW072-A15,SW072-A29
SW072,SW072-A15,SW072-A28
SW072,SW072-A15,SW072-A27
SW072,SW072-A15,SW072-A26
SW072,SW072-A15,SW072-A25
SW072,SW072-A15,SW072-A24
SW072,SW072-A15,SW072-A22
SW072,SW072-A15,SW072-A21
SW072,SW072-A15,SW072-A20
SW072,SW072-A15,SW072-A19
SW072,SW072-A15,SW072-A18
SW072,SW072-A15,SW072-A17
SW072,SW072-A15,SW072-A16
SW072,SW072-A16,SW072-A30
SW072,SW072-A16,SW072-A29
SW072,SW072-A16,SW072-A28
SW072,SW072-A16,SW072-A27
SW072,SW072-A16,SW072-A26
SW072,SW072-A16,SW072-A25
SW072,SW072-A16,SW072-A24
SW072,SW072-A16,SW072-A22
SW072,SW072-A16,SW072-A21
SW072,SW072-A16,SW072-A20
SW072,SW072-A17,SW072-A30
SW072,SW072-A17,SW072-A27
SW072,SW072-A17,SW072-A21
SW072,SW072-A17,SW072-A20
SW072,SW072-A17,SW072-A19
SW072,SW072-A17,SW072-A18
SW072,SW072-A18,SW072-A30
SW072,SW072-A18,SW072-A21
SW072,SW072-A18,SW072-A20
SW072,SW072-A18,SW072-A19
SW072,SW072-A19,SW072-A30
SW072,SW072-A19,SW072-A29
SW072,SW072-A19,SW072-A27
SW072,SW072-A19,SW072-A21
SW072,SW072-A19,SW072-A20
SW072,SW072-A20,SW072-A30
SW072,SW072-A20,SW072-A27
SW072,SW072-A20,SW072-A26
SW072,SW072-A20,SW072-A22
SW072,SW072-A20,SW072-A21
SW072,SW072-A21,SW072-A27
SW072,SW072-A21,SW072-A26
SW072,SW072-A21,SW072-A24
SW072,SW072-A21,SW072-A22
SW072,SW072-A22,SW072-A29
SW072,SW072-A22,SW072-A28
SW072,SW072-A22,SW072-A26
SW072,SW072-A22,SW072-A25
SW072,SW072-A22,SW072-A24
SW072,SW072-A24,SW072-A30
SW072,SW072-A24,SW072-A29
SW072,SW072-A24,SW072-A28
SW072,SW072-A24,SW072-A27
SW072,SW072-A24,SW072-A26
SW072,SW072-A24,SW072-A25
SW072,SW072-A25,SW072-A28
SW072,SW072-A25,SW072-A27
SW072,SW072-A25,SW072-A26
SW072,SW072-A26,SW072-A29
SW072,SW072-A27,SW072-A30
SW072,SW072-A27,SW072-A29
SW072,SW072-A27,SW072-A28
SW072,SW072-A28,SW072-A29
SW072,SW072-A29,SW072-A30
SW073,SW073-A01,SW073-A30
SW073,SW073-A01,SW073-A28
SW073,SW073-A01,SW073-A27
SW073,SW073-A01,SW073-A25
SW073,SW073-A01,SW073-A24
SW073,SW073-A01,SW073-A23
SW073,SW073-A01,SW073-A21
SW073,SW073-A01,SW073-A20
SW073,SW073-A01,SW073-A19
SW073,SW073-A01,SW073-A18
SW073,SW073-A01,SW073-A17
SW073,SW073-A01,SW073-A15
SW073,SW073-A01,SW073-A14
SW073,SW073-A01,SW073-A13
SW073,SW073-A01,SW073-A06
SW073,SW073-A01,SW073-A05
SW073,SW073-A01,SW073-A04
SW073,SW073-A01,SW073-A03
SW073,SW073-A01,SW073-A02
SW073,SW073-A02,SW073-A30
SW073,SW073-A02,SW073-A28
SW073,SW073-A02,SW073-A25
SW073,SW073-A02,SW073-A23
SW073,SW073-A02,SW073-A22
SW073,SW073-A02,SW073-A21
SW073,SW073-A02,SW073-A20
SW073,SW073-A02,SW073-A18
SW073,SW073-A02,SW073-A17
SW073,SW073-A02,SW073-A16
SW073,SW073-A02,SW073-A11
SW073,SW073-A02,SW073-A10
SW073,SW073-A02,SW073-A09
SW073,SW073-A02,SW073-A08
SW073,SW073-A02,SW073-A07
SW073,SW073-A02,SW073-A04
SW073,SW073-A02,SW073-A03
SW073,SW073-A03,SW073-A30
SW073,SW073-A03,SW073-A24
SW073,SW073-A03,SW073-A22
SW073,SW073-A03,SW073-A19
SW073,SW073-A03,SW073-A17
SW073,SW073-A03,SW073-A16
SW073,SW073-A03,SW073-A15
SW073,SW073-A03,SW073-A13
SW073,SW073-A03,SW073-A12
SW073,SW073-A03,SW073-A10
SW073,SW073-A03,SW073-A09
SW073,SW073-A03,SW073-A08
SW073,SW073-A03,SW073-A07
SW073,SW073-A03,SW073-A06
SW073,SW073-A03,SW073-A05
SW073,SW073-A03,SW073-A04
SW073,SW073-A04,SW073-A30
SW073,SW073-A04,SW073-A29
SW073,SW073-A04,SW073-A22
SW073,SW073-A04,SW073-A21
SW073,SW073-A04,SW073-A20
SW073,SW073-A04,SW073-A11
SW073,SW073-A04,SW073-A10
SW073,SW073-A04,SW073-A09
SW073,SW073-A04,SW073-A08
SW073,SW073-A04,SW073-A07
SW073,SW073-A04,SW073-A06
SW073,SW073-A04,SW073-A05
SW073,SW073-A05,SW073-A30
SW073,SW073-A05,SW073-A29
SW073,SW073-A05,SW073-A28
SW073,SW073-A05,SW073-A21
SW073,SW073-A05,SW073-A20
SW073,SW073-A05,SW073-A19
SW073,SW073-A05,SW073-A18
SW073,SW073-A05,SW073-A16
SW073,SW073-A05,SW073-A14
SW073,SW073-A05,SW073-A13
SW073,SW073-A05,SW073-A12
SW073,SW073-A05,SW073-A11
SW073,SW073-A05,SW073-A09
SW073,SW073-A05,SW073-A08
SW073,SW073-A05,SW073-A07
SW073,SW073-A05,SW073-A06
SW073,SW073-A06,SW073-A30
SW073,SW073-A06,SW073-A28
SW073,SW073-A06,SW073-A27
SW073,SW073-A06,SW073-A25
SW073,SW073-A06,SW073-A21
SW073,SW073-A06,SW073-A20
SW073,SW073-A06,SW073-A18
SW073,SW073-A06,SW073-A15
SW073,SW073-A06,SW073-A13
SW073,SW073-A06,SW073-A11
SW073,SW073-A06,SW073-A10
SW073,SW073-A06,SW073-A08
SW073,SW073-A06,SW073-A07
SW073,SW073-A07,SW073-A29
SW073,SW073-A07,SW073-A28
SW073,SW073-A07,SW073-A27
SW073,SW073-A07,SW073-A26
SW073,SW073-A07,SW073-A23
SW073,SW073-A07,SW073-A22
SW073,SW073-A07,SW073-A21
SW073,SW073-A07,SW073-A20
SW073,SW073-A07,SW073-A16
SW073,SW073-A07,SW073-A14
SW073,SW073-A07,SW073-A13
SW073,SW073-A07,SW073-A12
SW073,SW073-A07,SW073-A10
SW073,SW073-A07,SW073-A08
SW073,SW073-A08,SW073-A30
SW073,SW073-A08,SW073-A27
SW073,SW073-A08,SW073-A22
SW073,SW073-A08,SW073-A21
SW073,SW073-A08,SW073-A20
SW073,SW073-A08,SW073-A18
SW073,SW073-A08,SW073-A17
SW073,SW073-A08,SW073-A16
SW073,SW073-A08,SW073-A15
SW073,SW073-A08,SW073-A14
SW073,SW073-A08,SW073-A13
SW073,SW073-A08,SW073-A10
SW073,SW073-A08,SW073-A09
SW073,SW073-A09,SW073-A30
SW073,SW073-A09,SW073-A29
SW073,SW073-A09,SW073-A28
SW073,SW073-A09,SW073-A27
SW073,SW073-A09,SW073-A23
SW073,SW073-A09,SW073-A22
SW073,SW073-A09,SW073-A21
SW073,SW073-A09,SW073-A20
SW073,SW073-A09,SW073-A19
SW073,SW073-A09,SW073-A18
SW073,SW073-A09,SW073-A17
SW073,SW073-A09,SW073-A16
SW073,SW073-A09,SW073-A15
SW073,SW073-A09,SW073-A14
SW073,SW073-A09,SW073-A13
SW073,SW073-A10,SW073-A30
SW073,SW073-A10,SW073-A28
SW073,SW073-A10,SW073-A27
SW073,SW073-A10,SW073-A25
SW073,SW073-A10,SW073-A23
SW073,SW073-A10,SW073-A22
SW073,SW073-A10,SW073-A21
SW073,SW073-A10,SW073-A19
SW073,SW073-A10,SW073-A17
SW073,SW073-A10,SW073-A16
SW073,SW073-A10,SW073-A14
SW073,SW073-A10,SW073-A13
SW073,SW073-A10,SW073-A12
SW073,SW073-A11,SW073-A30
SW073,SW073-A11,SW073-A29
SW073,SW073-A11,SW073-A28
SW073,SW073-A11,SW073-A26
SW073,SW073-A11,SW073-A13
SW073,SW073-A11,SW073-A12
SW073,SW073-A12,SW073-A29
SW073,SW073-A12,SW073-A27
SW073,SW073-A12,SW073-A26
SW073,SW073-A12,SW073-A22
SW073,SW073-A12,SW073-A21
SW073,SW073-A12,SW073-A18
SW073,SW073-A12,SW073-A15
SW073,SW073-A12,SW073-A14
SW073,SW073-A12,SW073-A13
SW073,SW073-A13,SW073-A29
SW073,SW073-A13,SW073-A28
SW073,SW073-A13,SW073-A27
SW073,SW073-A13,SW073-A26
SW073,SW073-A13,SW073-A25
SW073,SW073-A13,SW073-A22
SW073,SW073-A13,SW073-A21
SW073,SW073-A13,SW073-A20
SW073,SW073-A13,SW073-A19
SW073,SW073-A13,SW073-A18
SW073,SW073-A13,SW073-A16
SW073,SW073-A13,SW073-A15
SW073,SW073-A13,SW073-A14
SW073,SW073-A14,SW073-A30
SW073,SW073-A14,SW073-A28
SW073,SW073-A14,SW073-A26
SW073,SW073-A14,SW073-A23
SW073,SW073-A14,SW073-A22
SW073,SW073-A14,SW073-A21
SW073,SW073-A14,SW073-A19
SW073,SW073-A14,SW073-A18
SW073,SW073-A14,SW073-A17
SW073,SW073-A14,SW073-A16
SW073,SW073-A14,SW073-A15
SW073,SW073-A15,SW073-A30
SW073,SW073-A15,SW073-A20
SW073,SW073-A15,SW073-A18
SW073,SW073-A15,SW073-A17
SW073,SW073-A15,SW073-A16
SW073,SW073-A16,SW073-A27
SW073,SW073-A16,SW073-A22
SW073,SW073-A16,SW073-A18
SW073,SW073-A16,SW073-A17
SW073,SW073-A17,SW073-A28
SW073,SW073-A17,SW073-A26
SW073,SW073-A17,SW073-A20
SW073,SW073-A17,SW073-A19
SW073,SW073-A17,SW073-A18
SW073,SW073-A18,SW073-A30
SW073,SW073-A18,SW073-A24
SW073,SW073-A18,SW073-A20
SW073,SW073-A18,SW073-A19
SW073,SW073-A19,SW073-A30
SW073,SW073-A19,SW073-A29
SW073,SW073-A19,SW073-A28
SW073,SW073-A19,SW073-A27
SW073,SW073-A19,SW073-A26
SW073,SW073-A19,SW073-A25
SW073,SW073-A19,SW073-A24
SW073,SW073-A19,SW073-A23
SW073,SW073-A19,SW073-A22
SW073,SW073-A19,SW073-A21
SW073,SW073-A19,SW073-A20
SW073,SW073-A20,SW073-A30
SW073,SW073-A20,SW073-A28
SW073,SW073-A20,SW073-A27
SW073,SW073-A20,SW073-A22
SW073,SW073-A20,SW073-A21
SW073,SW073-A21,SW073-A30
SW073,SW073-A21,SW073-A29
SW073,SW073-A21,SW073-A28
SW073,SW073-A21,SW073-A27
SW073,SW073-A21,SW073-A26
SW073,SW073-A21,SW073-A25
SW073,SW073-A21,SW073-A24
SW073,SW073-A21,SW073-A23
SW073,SW073-A21,SW073-A22
SW073,SW073-A22,SW073-A30
SW073,SW073-A22,SW073-A29
SW073,SW073-A22,SW073-A28
SW073,SW073-A22,SW073-A27
SW073,SW073-A22,SW073-A26
SW073,SW073-A22,SW073-A24
SW073,SW073-A22,SW073-A23
SW073,SW073-A23,SW073-A27
SW073,SW073-A23,SW073-A26
SW073,SW073-A23,SW073-A25
SW073,SW073-A23,SW073-A24
SW073,SW073-A24,SW073-A30
SW073,SW073-A24,SW073-A29
SW073,SW073-A24,SW073-A28
SW073,SW073-A24,SW073-A25
SW073,SW073-A25,SW073-A30
SW073,SW073-A25,SW073-A29
SW073,SW073-A25,SW073-A27
SW073,SW073-A25,SW073-A26
SW073,SW073-A26,SW073-A30
SW073,SW073-A26,SW073-A29
SW073,SW073-A26,SW073-A28
SW073,SW073-A26,SW073-A27
SW073,SW073-A27,SW073-A30
SW073,SW073-A27,SW073-A29
SW073,SW073-A27,SW073-A28
SW073,SW073-A28,SW073-A30
SW073,SW073-A28,SW073-A29
SW073,SW073-A29,SW073-A30
SW074,SW074-A01,SW074-A29
SW074,SW074-A01,SW074-A28
SW074,SW074-A01,SW074-A27
SW074,SW074-A01,SW074-A26
SW074,SW074-A01,SW074-A23
SW074,SW074-A01,SW074-A22
SW074,SW074-A01,SW074-A21
SW074,SW074-A01,SW074-A18
SW074,SW074-A01,SW074-A17
SW074,SW074-A01,SW074-A16
SW074,SW074-A01,SW074-A15
SW074,SW074-A01,SW074-A14
SW074,SW074-A01,SW074-A13
SW074,SW074-A01,SW074-A12
SW074,SW074-A01,SW074-A11
SW074,SW074-A01,SW074-A10
SW074,SW074-A01,SW074-A08
SW074,SW074-A01,SW074-A07
SW074,SW074-A01,SW074-A05
SW074,SW074-A01,SW074-A04
SW074,SW074-A01,SW074-A02
SW074,SW074-A02,SW074-A30
SW074,SW074-A02,SW074-A29
SW074,SW074-A02,SW074-A28
SW074,SW074-A02,SW074-A27
SW074,SW074-A02,SW074-A26
SW074,SW074-A02,SW074-A23
SW074,SW074-A02,SW074-A22
SW074,SW074-A02,SW074-A21
SW074,SW074-A02,SW074-A20
SW074,SW074-A02,SW074-A19
SW074,SW074-A02,SW074-A17
SW074,SW074-A02,SW074-A16
SW074,SW074-A02,SW074-A15
SW074,SW074-A02,SW074-A13
SW074,SW074-A02,SW074-A10
SW074,SW074-A02,SW074-A09
SW074,SW074-A02,SW074-A08
SW074,SW074-A02,SW074-A07
SW074,SW074-A02,SW074-A06
SW074,SW074-A02,SW074-A05
SW074,SW074-A02,SW074-A04
SW074,SW074-A02,SW074-A03
SW074,SW074-A03,SW074-A30
SW074,SW074-A03,SW074-A29
SW074,SW074-A03,SW074-A28
SW074,SW074-A03,SW074-A27
SW074,SW074-A03,SW074-A26
SW074,SW074-A03,SW074-A25
SW074,SW074-A03,SW074-A24
SW074,SW074-A03,SW074-A23
SW074,SW074-A03,SW074-A22
SW074,SW074-A03,SW074-A21
SW074,SW074-A03,SW074-A20
SW074,SW074-A03,SW074-A17
SW074,SW074-A03,SW074-A14
SW074,SW074-A03,SW074-A13
SW074,SW074-A03,SW074-A12
SW074,SW074-A03,SW074-A09
SW074,SW074-A03,SW074-A08
SW074,SW074-A03,SW074-A07
SW074,SW074-A03,SW074-A05
SW074,SW074-A03,SW074-A04
SW074,SW074-A04,SW074-A30
SW074,SW074-A04,SW074-A29
SW074,SW074-A04,SW074-A28
SW074,SW074-A04,SW074-A27
SW074,SW074-A04,SW074-A26
SW074,SW074-A04,SW074-A25
SW074,SW074-A04,SW074-A24
SW074,SW074-A04,SW074-A23
SW074,SW074-A04,SW074-A22
SW074,SW074-A04,SW074-A21
SW074,SW074-A04,SW074-A20
SW074,SW074-A04,SW074-A18
SW074,SW074-A04,SW074-A17
SW074,SW074-A04,SW074-A16
SW074,SW074-A04,SW074-A15
SW074,SW074-A04,SW074-A14
SW074,SW074-A04,SW074-A12
SW074,SW074-A04,SW074-A11
SW074,SW074-A04,SW074-A10
SW074,SW074-A04,SW074-A09
SW074,SW074-A04,SW074-A08
SW074,SW074-A04,SW074-A07
SW074,SW074-A04,SW074-A06
SW074,SW074-A04,SW074-A05
SW074,SW074-A05,SW074-A30
SW074,SW074-A05,SW074-A28
SW074,SW074-A05,SW074-A27
SW074,SW074-A05,SW074-A24
SW074,SW074-A05,SW074-A21
SW074,SW074-A05,SW074-A19
SW074,SW074-A05,SW074-A18
SW074,SW074-A05,SW074-A17
SW074,SW074-A05,SW074-A15
SW074,SW074-A05,SW074-A14
SW074,SW074-A05,SW074-A13
SW074,SW074-A05,SW074-A11
SW074,SW074-A05,SW074-A10
SW074,SW074-A05,SW074-A06
SW074,SW074-A06,SW074-A30
SW074,SW074-A06,SW074-A29
SW074,SW074-A06,SW074-A28
SW074,SW074-A06,SW074-A27
SW074,SW074-A06,SW074-A26
SW074,SW074-A06,SW074-A25
SW074,SW074-A06,SW074-A23
SW074,SW074-A06,SW074-A20
SW074,SW074-A06,SW074-A19
SW074,SW074-A06,SW074-A16
SW074,SW074-A06,SW074-A15
SW074,SW074-A06,SW074-A14
SW074,SW074-A06,SW074-A11
SW074,SW074-A06,SW074-A10
SW074,SW074-A06,SW074-A09
SW074,SW074-A06,SW074-A07
SW074,SW074-A07,SW074-A29
SW074,SW074-A07,SW074-A28
SW074,SW074-A07,SW074-A27
SW074,SW074-A07,SW074-A24
SW074,SW074-A07,SW074-A23
SW074,SW074-A07,SW074-A22
SW074,SW074-A07,SW074-A20
SW074,SW074-A07,SW074-A19
SW074,SW074-A07,SW074-A17
SW074,SW074-A07,SW074-A16
SW074,SW074-A07,SW074-A14
SW074,SW074-A07,SW074-A13
SW074,SW074-A07,SW074-A12
SW074,SW074-A07,SW074-A11
SW074,SW074-A07,SW074-A10
SW074,SW074-A07,SW074-A09
SW074,SW074-A07,SW074-A08
SW074,SW074-A08,SW074-A28
SW074,SW074-A08,SW074-A27
SW074,SW074-A08,SW074-A26
SW074,SW074-A08,SW074-A25
SW074,SW074-A08,SW074-A24
SW074,SW074-A08,SW074-A23
SW074,SW074-A08,SW074-A20
SW074,SW074-A08,SW074-A19
SW074,SW074-A08,SW074-A17
SW074,SW074-A08,SW074-A16
SW074,SW074-A08,SW074-A13
SW074,SW074-A08,SW074-A12
SW074,SW074-A08,SW074-A11
SW074,SW074-A08,SW074-A10
SW074,SW074-A08,SW074-A09
SW074,SW074-A09,SW074-A28
SW074,SW074-A09,SW074-A27
SW074,SW074-A09,SW074-A26
SW074,SW074-A09,SW074-A25
SW074,SW074-A09,SW074-A24
SW074,SW074-A09,SW074-A23
SW074,SW074-A09,SW074-A19
SW074,SW074-A09,SW074-A18
SW074,SW074-A09,SW074-A17
SW074,SW074-A09,SW074-A16
SW074,SW074-A09,SW074-A15
SW074,SW074-A09,SW074-A14
SW074,SW074-A09,SW074-A13
SW074,SW074-A09,SW074-A10
SW074,SW074-A10,SW074-A28
SW074,SW074-A10,SW074-A27
SW074,SW074-A10,SW074-A26
SW074,SW074-A10,SW074-A25
SW074,SW074-A10,SW074-A24
SW074,SW074-A10,SW074-A21
SW074,SW074-A10,SW074-A20
SW074,SW074-A10,SW074-A19
SW074,SW074-A10,SW074-A18
SW074,SW074-A10,SW074-A15
SW074,SW074-A10,SW074-A14
SW074,SW074-A10,SW074-A13
SW074,SW074-A10,SW074-A12
SW074,SW074-A10,SW074-A11
SW074,SW074-A11,SW074-A27
SW074,SW074-A11,SW074-A26
SW074,SW074-A11,SW074-A23
SW074,SW074-A11,SW074-A22
SW074,SW074-A11,SW074-A21
SW074,SW074-A11,SW074-A20
SW074,SW074-A11,SW074-A19
SW074,SW074-A11,SW074-A17
SW074,SW074-A11,SW074-A16
SW074,SW074-A11,SW074-A13
SW074,SW074-A11,SW074-A12
SW074,SW074-A12,SW074-A28
SW074,SW074-A12,SW074-A27
SW074,SW074-A12,SW074-A26
SW074,SW074-A12,SW074-A25
SW074,SW074-A12,SW074-A24
SW074,SW074-A12,SW074-A23
SW074,SW074-A12,SW074-A22
SW074,SW074-A12,SW074-A19
SW074,SW074-A12,SW074-A18
SW074,SW074-A12,SW074-A17
SW074,SW074-A12,SW074-A15
SW074,SW074-A12,SW074-A14
SW074,SW074-A12,SW074-A13
SW074,SW074-A13,SW074-A27
SW074,SW074-A13,SW074-A26
SW074,SW074-A13,SW074-A25
SW074,SW074-A13,SW074-A24
SW074,SW074-A13,SW074-A23
SW074,SW074-A13,SW074-A22
SW074,SW074-A13,SW074-A21
SW074,SW074-A13,SW074-A20
SW074,SW074-A13,SW074-A19
SW074,SW074-A13,SW074-A18
SW074,SW074-A13,SW074-A15
SW074,SW074-A14,SW074-A28
SW074,SW074-A14,SW074-A27
SW074,SW074-A14,SW074-A26
SW074,SW074-A14,SW074-A25
SW074,SW074-A14,SW074-A24
SW074,SW074-A14,SW074-A23
SW074,SW074-A14,SW074-A21
SW074,SW074-A14,SW074-A20
SW074,SW074-A14,SW074-A18
SW074,SW074-A14,SW074-A16
SW074,SW074-A14,SW074-A15
SW074,SW074-A15,SW074-A28
SW074,SW074-A15,SW074-A27
SW074,SW074-A15,SW074-A26
SW074,SW074-A15,SW074-A25
SW074,SW074-A15,SW074-A24
SW074,SW074-A15,SW074-A23
SW074,SW074-A15,SW074-A22
SW074,SW074-A15,SW074-A20
SW074,SW074-A15,SW074-A17
SW074,SW074-A15,SW074-A16
SW074,SW074-A16,SW074-A28
SW074,SW074-A16,SW074-A27
SW074,SW074-A16,SW074-A26
SW074,SW074-A16,SW074-A25
SW074,SW074-A16,SW074-A23
SW074,SW074-A16,SW074-A21
SW074,SW074-A16,SW074-A20
SW074,SW074-A16,SW074-A19
SW074,SW074-A16,SW074-A18
SW074,SW074-A16,SW074-A17
SW074,SW074-A17,SW074-A28
SW074,SW074-A17,SW074-A27
SW074,SW074-A17,SW074-A26
SW074,SW074-A17,SW074-A25
SW074,SW074-A17,SW074-A23
SW074,SW074-A17,SW074-A22
SW074,SW074-A17,SW074-A21
SW074,SW074-A17,SW074-A20
SW074,SW074-A17,SW074-A19
SW074,SW074-A17,SW074-A18
SW074,SW074-A18,SW074-A28
SW074,SW074-A18,SW074-A27
SW074,SW074-A18,SW074-A26
SW074,SW074-A18,SW074-A25
SW074,SW074-A18,SW074-A24
SW074,SW074-A18,SW074-A23
SW074,SW074-A18,SW074-A22
SW074,SW074-A18,SW074-A21
SW074,SW074-A18,SW074-A20
SW074,SW074-A19,SW074-A28
SW074,SW074-A19,SW074-A27
SW074,SW074-A19,SW074-A26
SW074,SW074-A19,SW074-A25
SW074,SW074-A19,SW074-A24
SW074,SW074-A19,SW074-A23
SW074,SW074-A19,SW074-A22
SW074,SW074-A19,SW074-A20
SW074,SW074-A20,SW074-A29
SW074,SW074-A20,SW074-A28
SW074,SW074-A20,SW074-A27
SW074,SW074-A20,SW074-A26
SW074,SW074-A20,SW074-A25
SW074,SW074-A20,SW074-A24
SW074,SW074-A20,SW074-A23
SW074,SW074-A21,SW074-A29
SW074,SW074-A21,SW074-A28
SW074,SW074-A21,SW074-A27
SW074,SW074-A21,SW074-A26
SW074,SW074-A21,SW074-A25
SW074,SW074-A21,SW074-A24
SW074,SW074-A21,SW074-A23
SW074,SW074-A22,SW074-A30
SW074,SW074-A22,SW074-A29
SW074,SW074-A22,SW074-A28
SW074,SW074-A22,SW074-A27
SW074,SW074-A22,SW074-A26
SW074,SW074-A22,SW074-A25
SW074,SW074-A22,SW074-A24
SW074,SW074-A22,SW074-A23
SW074,SW074-A23,SW074-A28
SW074,SW074-A23,SW074-A27
SW074,SW074-A23,SW074-A26
SW074,SW074-A23,SW074-A25
SW074,SW074-A23,SW074-A24
SW074,SW074-A24,SW074-A29
SW074,SW074-A24,SW074-A28
SW074,SW074-A24,SW074-A27
SW074,SW074-A24,SW074-A26
SW074,SW074-A24,SW074-A25
SW074,SW074-A25,SW074-A29
SW074,SW074-A25,SW074-A28
SW074,SW074-A25,SW074-A27
SW074,SW074-A25,SW074-A26
SW074,SW074-A26,SW074-A28
SW074,SW074-A27,SW074-A29
SW074,SW074-A27,SW074-A28
SW074,SW074-A28,SW074-A29
SW074,SW074-A29,SW074-A30
SW075,SW075-A01,SW075-A22
SW075,SW075-A01,SW075-A20
SW075,SW075-A01,SW075-A10
SW075,SW075-A01,SW075-A09
SW075,SW075-A01,SW075-A08
SW075,SW075-A01,SW075-A07
SW075,SW075-A01,SW075-A06
SW075,SW075-A01,SW075-A05
SW075,SW075-A01,SW075-A04
SW075,SW075-A01,SW075-A03
SW075,SW075-A01,SW075-A02
SW075,SW075-A03,SW075-A28
SW075,SW075-A03,SW075-A25
SW075,SW075-A03,SW075-A24
SW075,SW075-A03,SW075-A20
SW075,SW075-A03,SW075-A19
SW075,SW075-A03,SW075-A18
SW075,SW075-A03,SW075-A05
SW075,SW075-A03,SW075-A04
SW075,SW075-A04,SW075-A28
SW075,SW075-A04,SW075-A20
SW075,SW075-A04,SW075-A19
SW075,SW075-A04,SW075-A05
SW075,SW075-A05,SW075-A28
SW075,SW075-A05,SW075-A20
SW075,SW075-A05,SW075-A19
SW075,SW075-A06,SW075-A27
SW075,SW075-A06,SW075-A26
SW075,SW075-A06,SW075-A22
SW075,SW075-A06,SW075-A20
SW075,SW075-A06,SW075-A17
SW075,SW075-A06,SW075-A11
SW075,SW075-A07,SW075-A29
SW075,SW075-A07,SW075-A11
SW075,SW075-A07,SW075-A09
SW075,SW075-A07,SW075-A08
SW075,SW075-A08,SW075-A09
SW075,SW075-A10,SW075-A23
SW075,SW075-A11,SW075-A26
SW075,SW075-A11,SW075-A22
SW075,SW075-A11,SW075-A18
SW075,SW075-A11,SW075-A17
SW075,SW075-A11,SW075-A12
SW075,SW075-A12,SW075-A22
SW075,SW075-A13,SW075-A14
SW075,SW075-A15,SW075-A29
SW075,SW075-A15,SW075-A16
SW075,SW075-A16,SW075-A29
SW075,SW075-A17,SW075-A26
SW075,SW075-A17,SW075-A22
SW075,SW075-A18,SW075-A28
SW075,SW075-A18,SW075-A26
SW075,SW075-A18,SW075-A23
SW075,SW075-A18,SW075-A22
SW075,SW075-A18,SW075-A21
SW075,SW075-A18,SW075-A20
SW075,SW075-A18,SW075-A19
SW075,SW075-A19,SW075-A28
SW075,SW075-A19,SW075-A25
SW075,SW075-A19,SW075-A22
SW075,SW075-A19,SW075-A20
SW075,SW075-A20,SW075-A28
SW075,SW075-A20,SW075-A25
SW075,SW075-A21,SW075-A22
SW075,SW075-A22,SW075-A26
SW075,SW075-A22,SW075-A23
SW075,SW075-A23,SW075-A28
RO076,RO076-A01,RO076-A30
RO076,RO076-A01,RO076-A29
RO076,RO076-A01,RO076-A28
RO076,RO076-A01,RO076-A27
RO076,RO076-A01,RO076-A26
RO076,RO076-A01,RO076-A25
RO076,RO076-A01,RO076-A24
RO076,RO076-A01,RO076-A23
RO076,RO076-A01,RO076-A22
RO076,RO076-A01,RO076-A21
RO076,RO076-A01,RO076-A20
RO076,RO076-A01,RO076-A19
RO076,RO076-A01,RO076-A18
RO076,RO076-A01,RO076-A17
RO076,RO076-A01,RO076-A16
RO076,RO076-A01,RO076-A15
RO076,RO076-A01,RO076-A14
RO076,RO076-A01,RO076-A13
RO076,RO076-A01,RO076-A12
RO076,RO076-A01,RO076-A11
RO076,RO076-A01,RO076-A10
RO076,RO076-A01,RO076-A09
RO076,RO076-A01,RO076-A08
RO076,RO076-A01,RO076-A07
RO076,RO076-A01,RO076-A06
RO076,RO076-A01,RO076-A05
RO076,RO076-A01,RO076-A04
RO076,RO076-A01,RO076-A03
RO076,RO076-A01,RO076-A02
RO076,RO076-A02,RO076-A30
RO076,RO076-A02,RO076-A29
RO076,RO076-A02,RO076-A28
RO076,RO076-A02,RO076-A27
RO076,RO076-A02,RO076-A26
RO076,RO076-A02,RO076-A25
RO076,RO076-A02,RO076-A24
RO076,RO076-A02,RO076-A23
RO076,RO076-A02,RO076-A22
RO076,RO076-A02,RO076-A21
RO076,RO076-A02,RO076-A20
RO076,RO076-A02,RO076-A19
RO076,RO076-A02,RO076-A18
RO076,RO076-A02,RO076-A17
RO076,RO076-A02,RO076-A16
RO076,RO076-A02,RO076-A15
RO076,RO076-A02,RO076-A14
RO076,RO076-A02,RO076-A13
RO076,RO076-A02,RO076-A12
RO076,RO076-A02,RO076-A11
RO076,RO076-A02,RO076-A10
RO076,RO076-A02,RO076-A09
RO076,RO076-A02,RO076-A08
RO076,RO076-A02,RO076-A07
RO076,RO076-A02,RO076-A06
RO076,RO076-A02,RO076-A05
RO076,RO076-A02,RO076-A04
RO076,RO076-A02,RO076-A03
RO076,RO076-A03,RO076-A30
RO076,RO076-A03,RO076-A28
RO076,RO076-A03,RO076-A27
RO076,RO076-A03,RO076-A25
RO076,RO076-A03,RO076-A24
RO076,RO076-A03,RO076-A23
RO076,RO076-A03,RO076-A21
RO076,RO076-A03,RO076-A20
RO076,RO076-A03,RO076-A19
RO076,RO076-A03,RO076-A18
RO076,RO076-A03,RO076-A16
RO076,RO076-A03,RO076-A14
RO076,RO076-A03,RO076-A12
RO076,RO076-A03,RO076-A11
RO076,RO076-A03,RO076-A10
RO076,RO076-A03,RO076-A09
RO076,RO076-A03,RO076-A06
RO076,RO076-A03,RO076-A05
RO076,RO076-A04,RO076-A25
RO076,RO076-A04,RO076-A24
RO076,RO076-A04,RO076-A21
RO076,RO076-A04,RO076-A19
RO076,RO076-A04,RO076-A18
RO076,RO076-A04,RO076-A17
RO076,RO076-A04,RO076-A16
RO076,RO076-A04,RO076-A15
RO076,RO076-A04,RO076-A14
RO076,RO076-A04,RO076-A13
RO076,RO076-A04,RO076-A11
RO076,RO076-A04,RO076-A10
RO076,RO076-A04,RO076-A08
RO076,RO076-A04,RO076-A07
RO076,RO076-A04,RO076-A05
RO076,RO076-A05,RO076-A30
RO076,RO076-A05,RO076-A29
RO076,RO076-A05,RO076-A28
RO076,RO076-A05,RO076-A20
RO076,RO076-A05,RO076-A19
RO076,RO076-A05,RO076-A18
RO076,RO076-A05,RO076-A16
RO076,RO076-A05,RO076-A15
RO076,RO076-A05,RO076-A14
RO076,RO076-A05,RO076-A13
RO076,RO076-A05,RO076-A12
RO076,RO076-A05,RO076-A11
RO076,RO076-A05,RO076-A07
RO076,RO076-A05,RO076-A06
RO076,RO076-A06,RO076-A30
RO076,RO076-A06,RO076-A27
RO076,RO076-A06,RO076-A26
RO076,RO076-A06,RO076-A25
RO076,RO076-A06,RO076-A24
RO076,RO076-A06,RO076-A23
RO076,RO076-A06,RO076-A21
RO076,RO076-A06,RO076-A20
RO076,RO076-A06,RO076-A19
RO076,RO076-A06,RO076-A18
RO076,RO076-A06,RO076-A16
RO076,RO076-A06,RO076-A15
RO076,RO076-A06,RO076-A14
RO076,RO076-A06,RO076-A13
RO076,RO076-A06,RO076-A12
RO076,RO076-A06,RO076-A11
RO076,RO076-A06,RO076-A09
RO076,RO076-A06,RO076-A08
RO076,RO076-A06,RO076-A07
RO076,RO076-A07,RO076-A30
RO076,RO076-A07,RO076-A27
RO076,RO076-A07,RO076-A26
RO076,RO076-A07,RO076-A25
RO076,RO076-A07,RO076-A24
RO076,RO076-A07,RO076-A23
RO076,RO076-A07,RO076-A21
RO076,RO076-A07,RO076-A19
RO076,RO076-A07,RO076-A18
RO076,RO076-A07,RO076-A17
RO076,RO076-A07,RO076-A16
RO076,RO076-A07,RO076-A14
RO076,RO076-A07,RO076-A13
RO076,RO076-A07,RO076-A11
RO076,RO076-A07,RO076-A08
RO076,RO076-A08,RO076-A30
RO076,RO076-A08,RO076-A29
RO076,RO076-A08,RO076-A27
RO076,RO076-A08,RO076-A26
RO076,RO076-A08,RO076-A25
RO076,RO076-A08,RO076-A24
RO076,RO076-A08,RO076-A23
RO076,RO076-A08,RO076-A22
RO076,RO076-A08,RO076-A21
RO076,RO076-A08,RO076-A20
RO076,RO076-A08,RO076-A19
RO076,RO076-A08,RO076-A17
RO076,RO076-A08,RO076-A15
RO076,RO076-A08,RO076-A14
RO076,RO076-A08,RO076-A13
RO076,RO076-A08,RO076-A12
RO076,RO076-A08,RO076-A10
RO076,RO076-A09,RO076-A30
RO076,RO076-A09,RO076-A29
RO076,RO076-A09,RO076-A25
RO076,RO076-A09,RO076-A24
RO076,RO076-A09,RO076-A22
RO076,RO076-A09,RO076-A21
RO076,RO076-A09,RO076-A20
RO076,RO076-A09,RO076-A19
RO076,RO076-A09,RO076-A18
RO076,RO076-A09,RO076-A17
RO076,RO076-A09,RO076-A16
RO076,RO076-A09,RO076-A15
RO076,RO076-A09,RO076-A14
RO076,RO076-A09,RO076-A13
RO076,RO076-A09,RO076-A12
RO076,RO076-A09,RO076-A11
RO076,RO076-A09,RO076-A10
RO076,RO076-A10,RO076-A30
RO076,RO076-A10,RO076-A29
RO076,RO076-A10,RO076-A28
RO076,RO076-A10,RO076-A25
RO076,RO076-A10,RO076-A24
RO076,RO076-A10,RO076-A20
RO076,RO076-A10,RO076-A18
RO076,RO076-A10,RO076-A17
RO076,RO076-A10,RO076-A14
RO076,RO076-A10,RO076-A12
RO076,RO076-A10,RO076-A11
RO076,RO076-A11,RO076-A30
RO076,RO076-A11,RO076-A26
RO076,RO076-A11,RO076-A25
RO076,RO076-A11,RO076-A24
RO076,RO076-A11,RO076-A23
RO076,RO076-A11,RO076-A21
RO076,RO076-A11,RO076-A20
RO076,RO076-A11,RO076-A19
RO076,RO076-A11,RO076-A18
RO076,RO076-A11,RO076-A17
RO076,RO076-A11,RO076-A16
RO076,RO076-A11,RO076-A15
RO076,RO076-A11,RO076-A14
RO076,RO076-A11,RO076-A13
RO076,RO076-A12,RO076-A30
RO076,RO076-A12,RO076-A29
RO076,RO076-A12,RO076-A28
RO076,RO076-A12,RO076-A27
RO076,RO076-A12,RO076-A26
RO076,RO076-A12,RO076-A25
RO076,RO076-A12,RO076-A14
RO076,RO076-A12,RO076-A13
RO076,RO076-A13,RO076-A30
RO076,RO076-A13,RO076-A29
RO076,RO076-A13,RO076-A28
RO076,RO076-A13,RO076-A27
RO076,RO076-A13,RO076-A17
RO076,RO076-A13,RO076-A16
RO076,RO076-A13,RO076-A15
RO076,RO076-A13,RO076-A14
RO076,RO076-A14,RO076-A30
RO076,RO076-A14,RO076-A29
RO076,RO076-A14,RO076-A28
RO076,RO076-A14,RO076-A18
RO076,RO076-A14,RO076-A17
RO076,RO076-A14,RO076-A16
RO076,RO076-A14,RO076-A15
RO076,RO076-A15,RO076-A28
RO076,RO076-A15,RO076-A26
RO076,RO076-A15,RO076-A25
RO076,RO076-A15,RO076-A24
RO076,RO076-A15,RO076-A23
RO076,RO076-A15,RO076-A22
RO076,RO076-A15,RO076-A21
RO076,RO076-A15,RO076-A20
RO076,RO076-A15,RO076-A19
RO076,RO076-A15,RO076-A18
RO076,RO076-A15,RO076-A17
RO076,RO076-A15,RO076-A16
RO076,RO076-A16,RO076-A26
RO076,RO076-A16,RO076-A25
RO076,RO076-A16,RO076-A24
RO076,RO076-A16,RO076-A21
RO076,RO076-A16,RO076-A20
RO076,RO076-A17,RO076-A30
RO076,RO076-A17,RO076-A29
RO076,RO076-A17,RO076-A28
RO076,RO076-A17,RO076-A26
RO076,RO076-A17,RO076-A25
RO076,RO076-A17,RO076-A24
RO076,RO076-A17,RO076-A23
RO076,RO076-A17,RO076-A22
RO076,RO076-A17,RO076-A21
RO076,RO076-A17,RO076-A20
RO076,RO076-A17,RO076-A19
RO076,RO076-A17,RO076-A18
RO076,RO076-A18,RO076-A26
RO076,RO076-A18,RO076-A25
RO076,RO076-A18,RO076-A24
RO076,RO076-A18,RO076-A23
RO076,RO076-A18,RO076-A22
RO076,RO076-A18,RO076-A21
RO076,RO076-A18,RO076-A20
RO076,RO076-A18,RO076-A19
RO076,RO076-A19,RO076-A29
RO076,RO076-A19,RO076-A26
RO076,RO076-A19,RO076-A25
RO076,RO076-A19,RO076-A24
RO076,RO076-A19,RO076-A23
RO076,RO076-A19,RO076-A22
RO076,RO076-A19,RO076-A21
RO076,RO076-A19,RO076-A20
RO076,RO076-A20,RO076-A26
RO076,RO076-A20,RO076-A25
RO076,RO076-A20,RO076-A24
RO076,RO076-A20,RO076-A23
RO076,RO076-A20,RO076-A22
RO076,RO076-A20,RO076-A21
RO076,RO076-A21,RO076-A25
RO076,RO076-A21,RO076-A24
RO076,RO076-A21,RO076-A23
RO076,RO076-A21,RO076-A22
RO076,RO076-A22,RO076-A25
RO076,RO076-A22,RO076-A24
RO076,RO076-A22,RO076-A23
RO076,RO076-A23,RO076-A25
RO076,RO076-A23,RO076-A24
RO076,RO076-A24,RO076-A26
RO076,RO076-A24,RO076-A25
RO076,RO076-A25,RO076-A26
RO076,RO076-A28,RO076-A30
RO076,RO076-A28,RO076-A29
RO076,RO076-A29,RO076-A30
RO077,RO077-A01,RO077-A30
RO077,RO077-A01,RO077-A29
RO077,RO077-A01,RO077-A28
RO077,RO077-A01,RO077-A27
RO077,RO077-A01,RO077-A26
RO077,RO077-A01,RO077-A11
RO077,RO077-A01,RO077-A10
RO077,RO077-A01,RO077-A09
RO077,RO077-A01,RO077-A08
RO077,RO077-A01,RO077-A07
RO077,RO077-A01,RO077-A06
RO077,RO077-A01,RO077-A05
RO077,RO077-A01,RO077-A04
RO077,RO077-A01,RO077-A03
RO077,RO077-A01,RO077-A02
RO077,RO077-A02,RO077-A30
RO077,RO077-A02,RO077-A29
RO077,RO077-A02,RO077-A28
RO077,RO077-A02,RO077-A27
RO077,RO077-A02,RO077-A26
RO077,RO077-A02,RO077-A11
RO077,RO077-A02,RO077-A10
RO077,RO077-A02,RO077-A09
RO077,RO077-A02,RO077-A08
RO077,RO077-A02,RO077-A07
RO077,RO077-A02,RO077-A06
RO077,RO077-A02,RO077-A05
RO077,RO077-A02,RO077-A04
RO077,RO077-A02,RO077-A03
RO077,RO077-A03,RO077-A30
RO077,RO077-A03,RO077-A29
RO077,RO077-A03,RO077-A28
RO077,RO077-A03,RO077-A27
RO077,RO077-A03,RO077-A26
RO077,RO077-A03,RO077-A25
RO077,RO077-A03,RO077-A24
RO077,RO077-A03,RO077-A23
RO077,RO077-A03,RO077-A22
RO077,RO077-A03,RO077-A21
RO077,RO077-A03,RO077-A20
RO077,RO077-A03,RO077-A19
RO077,RO077-A03,RO077-A18
RO077,RO077-A03,RO077-A17
RO077,RO077-A03,RO077-A16
RO077,RO077-A03,RO077-A15
RO077,RO077-A03,RO077-A14
RO077,RO077-A03,RO077-A13
RO077,RO077-A03,RO077-A12
RO077,RO077-A03,RO077-A11
RO077,RO077-A03,RO077-A10
RO077,RO077-A03,RO077-A09
RO077,RO077-A03,RO077-A08
RO077,RO077-A03,RO077-A07
RO077,RO077-A03,RO077-A06
RO077,RO077-A03,RO077-A05
RO077,RO077-A03,RO077-A04
RO077,RO077-A04,RO077-A30
RO077,RO077-A04,RO077-A29
RO077,RO077-A04,RO077-A28
RO077,RO077-A04,RO077-A27
RO077,RO077-A04,RO077-A26
RO077,RO077-A04,RO077-A25
RO077,RO077-A04,RO077-A24
RO077,RO077-A04,RO077-A23
RO077,RO077-A04,RO077-A22
RO077,RO077-A04,RO077-A21
RO077,RO077-A04,RO077-A20
RO077,RO077-A04,RO077-A19
RO077,RO077-A04,RO077-A18
RO077,RO077-A04,RO077-A17
RO077,RO077-A04,RO077-A16
RO077,RO077-A04,RO077-A15
RO077,RO077-A04,RO077-A14
RO077,RO077-A04,RO077-A13
RO077,RO077-A04,RO077-A12
RO077,RO077-A04,RO077-A11
RO077,RO077-A04,RO077-A10
RO077,RO077-A04,RO077-A09
RO077,RO077-A04,RO077-A08
RO077,RO077-A04,RO077-A07
RO077,RO077-A04,RO077-A06
RO077,RO077-A04,RO077-A05
RO077,RO077-A05,RO077-A30
RO077,RO077-A05,RO077-A29
RO077,RO077-A05,RO077-A28
RO077,RO077-A05,RO077-A27
RO077,RO077-A05,RO077-A26
RO077,RO077-A05,RO077-A25
RO077,RO077-A05,RO077-A24
RO077,RO077-A05,RO077-A23
RO077,RO077-A05,RO077-A22
RO077,RO077-A05,RO077-A21
RO077,RO077-A05,RO077-A20
RO077,RO077-A05,RO077-A19
RO077,RO077-A05,RO077-A18
RO077,RO077-A05,RO077-A17
RO077,RO077-A05,RO077-A16
RO077,RO077-A05,RO077-A15
RO077,RO077-A05,RO077-A14
RO077,RO077-A05,RO077-A13
RO077,RO077-A05,RO077-A12
RO077,RO077-A05,RO077-A11
RO077,RO077-A05,RO077-A10
RO077,RO077-A05,RO077-A09
RO077,RO077-A05,RO077-A08
RO077,RO077-A05,RO077-A07
RO077,RO077-A05,RO077-A06
RO077,RO077-A06,RO077-A30
RO077,RO077-A06,RO077-A29
RO077,RO077-A06,RO077-A28
RO077,RO077-A06,RO077-A27
RO077,RO077-A06,RO077-A26
RO077,RO077-A06,RO077-A25
RO077,RO077-A06,RO077-A13
RO077,RO077-A06,RO077-A12
RO077,RO077-A06,RO077-A11
RO077,RO077-A06,RO077-A10
RO077,RO077-A06,RO077-A09
RO077,RO077-A06,RO077-A08
RO077,RO077-A06,RO077-A07
RO077,RO077-A07,RO077-A30
RO077,RO077-A07,RO077-A29
RO077,RO077-A07,RO077-A28
RO077,RO077-A07,RO077-A27
RO077,RO077-A07,RO077-A26
RO077,RO077-A07,RO077-A11
RO077,RO077-A07,RO077-A10
RO077,RO077-A07,RO077-A09
RO077,RO077-A07,RO077-A08
RO077,RO077-A08,RO077-A30
RO077,RO077-A08,RO077-A29
RO077,RO077-A08,RO077-A28
RO077,RO077-A08,RO077-A27
RO077,RO077-A08,RO077-A26
RO077,RO077-A08,RO077-A25
RO077,RO077-A08,RO077-A24
RO077,RO077-A08,RO077-A23
RO077,RO077-A08,RO077-A22
RO077,RO077-A08,RO077-A21
RO077,RO077-A08,RO077-A20
RO077,RO077-A08,RO077-A19
RO077,RO077-A08,RO077-A17
RO077,RO077-A08,RO077-A16
RO077,RO077-A08,RO077-A14
RO077,RO077-A08,RO077-A13
RO077,RO077-A08,RO077-A11
RO077,RO077-A08,RO077-A10
RO077,RO077-A08,RO077-A09
RO077,RO077-A09,RO077-A30
RO077,RO077-A09,RO077-A29
RO077,RO077-A09,RO077-A28
RO077,RO077-A09,RO077-A27
RO077,RO077-A09,RO077-A26
RO077,RO077-A09,RO077-A25
RO077,RO077-A09,RO077-A24
RO077,RO077-A09,RO077-A11
RO077,RO077-A09,RO077-A10
RO077,RO077-A10,RO077-A30
RO077,RO077-A10,RO077-A29
RO077,RO077-A10,RO077-A28
RO077,RO077-A10,RO077-A27
RO077,RO077-A10,RO077-A26
RO077,RO077-A10,RO077-A20
RO077,RO077-A10,RO077-A11
RO077,RO077-A11,RO077-A30
RO077,RO077-A11,RO077-A29
RO077,RO077-A11,RO077-A28
RO077,RO077-A11,RO077-A27
RO077,RO077-A11,RO077-A26
RO077,RO077-A12,RO077-A25
RO077,RO077-A12,RO077-A24
RO077,RO077-A12,RO077-A23
RO077,RO077-A12,RO077-A22
RO077,RO077-A12,RO077-A21
RO077,RO077-A12,RO077-A20
RO077,RO077-A12,RO077-A19
RO077,RO077-A12,RO077-A18
RO077,RO077-A12,RO077-A17
RO077,RO077-A12,RO077-A16
RO077,RO077-A12,RO077-A15
RO077,RO077-A12,RO077-A14
RO077,RO077-A12,RO077-A13
RO077,RO077-A13,RO077-A25
RO077,RO077-A13,RO077-A24
RO077,RO077-A13,RO077-A23
RO077,RO077-A13,RO077-A22
RO077,RO077-A13,RO077-A21
RO077,RO077-A13,RO077-A20
RO077,RO077-A13,RO077-A19
RO077,RO077-A13,RO077-A18
RO077,RO077-A13,RO077-A17
RO077,RO077-A13,RO077-A16
RO077,RO077-A13,RO077-A15
RO077,RO077-A13,RO077-A14
RO077,RO077-A14,RO077-A25
RO077,RO077-A14,RO077-A24
RO077,RO077-A14,RO077-A23
RO077,RO077-A14,RO077-A22
RO077,RO077-A14,RO077-A21
RO077,RO077-A14,RO077-A20
RO077,RO077-A14,RO077-A19
RO077,RO077-A14,RO077-A18
RO077,RO077-A14,RO077-A17
RO077,RO077-A14,RO077-A16
RO077,RO077-A14,RO077-A15
RO077,RO077-A15,RO077-A25
RO077,RO077-A15,RO077-A24
RO077,RO077-A15,RO077-A23
RO077,RO077-A15,RO077-A22
RO077,RO077-A15,RO077-A21
RO077,RO077-A15,RO077-A20
RO077,RO077-A15,RO077-A19
RO077,RO077-A15,RO077-A18
RO077,RO077-A15,RO077-A17
RO077,RO077-A15,RO077-A16
RO077,RO077-A16,RO077-A30
RO077,RO077-A16,RO077-A27
RO077,RO077-A16,RO077-A26
RO077,RO077-A16,RO077-A25
RO077,RO077-A16,RO077-A24
RO077,RO077-A16,RO077-A23
RO077,RO077-A16,RO077-A22
RO077,RO077-A16,RO077-A21
RO077,RO077-A16,RO077-A20
RO077,RO077-A16,RO077-A19
RO077,RO077-A16,RO077-A18
RO077,RO077-A16,RO077-A17
RO077,RO077-A17,RO077-A25
RO077,RO077-A17,RO077-A24
RO077,RO077-A17,RO077-A23
RO077,RO077-A17,RO077-A22
RO077,RO077-A17,RO077-A21
RO077,RO077-A17,RO077-A20
RO077,RO077-A17,RO077-A19
RO077,RO077-A17,RO077-A18
RO077,RO077-A18,RO077-A25
RO077,RO077-A18,RO077-A24
RO077,RO077-A18,RO077-A23
RO077,RO077-A18,RO077-A22
RO077,RO077-A18,RO077-A21
RO077,RO077-A18,RO077-A20
RO077,RO077-A18,RO077-A19
RO077,RO077-A19,RO077-A27
RO077,RO077-A19,RO077-A26
RO077,RO077-A19,RO077-A25
RO077,RO077-A19,RO077-A24
RO077,RO077-A19,RO077-A23
RO077,RO077-A19,RO077-A22
RO077,RO077-A19,RO077-A21
RO077,RO077-A19,RO077-A20
RO077,RO077-A20,RO077-A30
RO077,RO077-A20,RO077-A25
RO077,RO077-A20,RO077-A24
RO077,RO077-A20,RO077-A23
RO077,RO077-A20,RO077-A22
RO077,RO077-A20,RO077-A21
RO077,RO077-A21,RO077-A30
RO077,RO077-A21,RO077-A27
RO077,RO077-A21,RO077-A25
RO077,RO077-A21,RO077-A24
RO077,RO077-A21,RO077-A23
RO077,RO077-A21,RO077-A22
RO077,RO077-A22,RO077-A25
RO077,RO077-A22,RO077-A24
RO077,RO077-A22,RO077-A23
RO077,RO077-A23,RO077-A25
RO077,RO077-A23,RO077-A24
RO077,RO077-A24,RO077-A25
RO077,RO077-A26,RO077-A30
RO077,RO077-A26,RO077-A29
RO077,RO077-A26,RO077-A28
RO077,RO077-A26,RO077-A27
RO077,RO077-A27,RO077-A30
RO077,RO077-A27,RO077-A29
RO077,RO077-A27,RO077-A28
RO077,RO077-A28,RO077-A30
RO077,RO077-A28,RO077-A29
RO077,RO077-A29,RO077-A30
RO078,RO078-A01,RO078-A29
RO078,RO078-A01,RO078-A24
RO078,RO078-A01,RO078-A21
RO078,RO078-A01,RO078-A10
RO078,RO078-A01,RO078-A08
RO078,RO078-A01,RO078-A07
RO078,RO078-A01,RO078-A05
RO078,RO078-A01,RO078-A04
RO078,RO078-A01,RO078-A03
RO078,RO078-A01,RO078-A02
RO078,RO078-A02,RO078-A29
RO078,RO078-A02,RO078-A28
RO078,RO078-A02,RO078-A27
RO078,RO078-A02,RO078-A26
RO078,RO078-A02,RO078-A24
RO078,RO078-A02,RO078-A23
RO078,RO078-A02,RO078-A22
RO078,RO078-A02,RO078-A21
RO078,RO078-A02,RO078-A19
RO078,RO078-A02,RO078-A17
RO078,RO078-A02,RO078-A16
RO078,RO078-A02,RO078-A15
RO078,RO078-A02,RO078-A12
RO078,RO078-A02,RO078-A08
RO078,RO078-A03,RO078-A30
RO078,RO078-A03,RO078-A29
RO078,RO078-A03,RO078-A28
RO078,RO078-A03,RO078-A27
RO078,RO078-A03,RO078-A26
RO078,RO078-A03,RO078-A24
RO078,RO078-A03,RO078-A23
RO078,RO078-A03,RO078-A22
RO078,RO078-A03,RO078-A21
RO078,RO078-A03,RO078-A20
RO078,RO078-A03,RO078-A19
RO078,RO078-A03,RO078-A18
RO078,RO078-A03,RO078-A17
RO078,RO078-A03,RO078-A16
RO078,RO078-A03,RO078-A15
RO078,RO078-A03,RO078-A14
RO078,RO078-A03,RO078-A13
RO078,RO078-A03,RO078-A12
RO078,RO078-A03,RO078-A11
RO078,RO078-A03,RO078-A10
RO078,RO078-A03,RO078-A09
RO078,RO078-A03,RO078-A08
RO078,RO078-A03,RO078-A06
RO078,RO078-A03,RO078-A05
RO078,RO078-A03,RO078-A04
RO078,RO078-A04,RO078-A19
RO078,RO078-A04,RO078-A16
RO078,RO078-A04,RO078-A15
RO078,RO078-A04,RO078-A13
RO078,RO078-A04,RO078-A12
RO078,RO078-A04,RO078-A10
RO078,RO078-A04,RO078-A09
RO078,RO078-A04,RO078-A08
RO078,RO078-A05,RO078-A25
RO078,RO078-A05,RO078-A24
RO078,RO078-A05,RO078-A23
RO078,RO078-A05,RO078-A22
RO078,RO078-A05,RO078-A21
RO078,RO078-A05,RO078-A20
RO078,RO078-A05,RO078-A19
RO078,RO078-A05,RO078-A15
RO078,RO078-A05,RO078-A14
RO078,RO078-A05,RO078-A12
RO078,RO078-A05,RO078-A11
RO078,RO078-A05,RO078-A09
RO078,RO078-A05,RO078-A08
RO078,RO078-A05,RO078-A07
RO078,RO078-A05,RO078-A06
RO078,RO078-A06,RO078-A30
RO078,RO078-A06,RO078-A28
RO078,RO078-A06,RO078-A27
RO078,RO078-A06,RO078-A26
RO078,RO078-A06,RO078-A25
RO078,RO078-A06,RO078-A24
RO078,RO078-A06,RO078-A22
RO078,RO078-A06,RO078-A18
RO078,RO078-A06,RO078-A14
RO078,RO078-A06,RO078-A12
RO078,RO078-A06,RO078-A11
RO078,RO078-A06,RO078-A09
RO078,RO078-A07,RO078-A30
RO078,RO078-A07,RO078-A29
RO078,RO078-A07,RO078-A27
RO078,RO078-A07,RO078-A26
RO078,RO078-A07,RO078-A25
RO078,RO078-A07,RO078-A24
RO078,RO078-A07,RO078-A23
RO078,RO078-A07,RO078-A22
RO078,RO078-A07,RO078-A20
RO078,RO078-A07,RO078-A19
RO078,RO078-A07,RO078-A17
RO078,RO078-A07,RO078-A16
RO078,RO078-A07,RO078-A15
RO078,RO078-A07,RO078-A14
RO078,RO078-A07,RO078-A13
RO078,RO078-A07,RO078-A12
RO078,RO078-A07,RO078-A11
RO078,RO078-A07,RO078-A10
RO078,RO078-A07,RO078-A09
RO078,RO078-A07,RO078-A08
RO078,RO078-A08,RO078-A29
RO078,RO078-A08,RO078-A28
RO078,RO078-A08,RO078-A27
RO078,RO078-A08,RO078-A26
RO078,RO078-A08,RO078-A25
RO078,RO078-A08,RO078-A24
RO078,RO078-A08,RO078-A23
RO078,RO078-A08,RO078-A22
RO078,RO078-A08,RO078-A20
RO078,RO078-A08,RO078-A19
RO078,RO078-A08,RO078-A18
RO078,RO078-A08,RO078-A17
RO078,RO078-A08,RO078-A16
RO078,RO078-A08,RO078-A15
RO078,RO078-A08,RO078-A14
RO078,RO078-A08,RO078-A13
RO078,RO078-A08,RO078-A12
RO078,RO078-A08,RO078-A11
RO078,RO078-A08,RO078-A10
RO078,RO078-A08,RO078-A09
RO078,RO078-A09,RO078-A27
RO078,RO078-A09,RO078-A21
RO078,RO078-A09,RO078-A20
RO078,RO078-A09,RO078-A16
RO078,RO078-A10,RO078-A30
RO078,RO078-A10,RO078-A29
RO078,RO078-A10,RO078-A27
RO078,RO078-A10,RO078-A26
RO078,RO078-A10,RO078-A25
RO078,RO078-A10,RO078-A24
RO078,RO078-A10,RO078-A23
RO078,RO078-A10,RO078-A22
RO078,RO078-A10,RO078-A21
RO078,RO078-A10,RO078-A20
RO078,RO078-A10,RO078-A19
RO078,RO078-A10,RO078-A18
RO078,RO078-A10,RO078-A17
RO078,RO078-A10,RO078-A16
RO078,RO078-A10,RO078-A15
RO078,RO078-A10,RO078-A14
RO078,RO078-A10,RO078-A13
RO078,RO078-A10,RO078-A12
RO078,RO078-A10,RO078-A11
RO078,RO078-A11,RO078-A30
RO078,RO078-A11,RO078-A29
RO078,RO078-A11,RO078-A28
RO078,RO078-A11,RO078-A27
RO078,RO078-A11,RO078-A26
RO078,RO078-A11,RO078-A25
RO078,RO078-A11,RO078-A23
RO078,RO078-A11,RO078-A20
RO078,RO078-A11,RO078-A19
RO078,RO078-A11,RO078-A18
RO078,RO078-A11,RO078-A17
RO078,RO078-A11,RO078-A15
RO078,RO078-A11,RO078-A14
RO078,RO078-A11,RO078-A13
RO078,RO078-A11,RO078-A12
RO078,RO078-A12,RO078-A29
RO078,RO078-A12,RO078-A28
RO078,RO078-A12,RO078-A27
RO078,RO078-A12,RO078-A26
RO078,RO078-A12,RO078-A14
RO078,RO078-A12,RO078-A13
RO078,RO078-A13,RO078-A27
RO078,RO078-A13,RO078-A26
RO078,RO078-A13,RO078-A25
RO078,RO078-A13,RO078-A16
RO078,RO078-A14,RO078-A25
RO078,RO078-A14,RO078-A24
RO078,RO078-A14,RO078-A23
RO078,RO078-A14,RO078-A15
RO078,RO078-A15,RO078-A27
RO078,RO078-A15,RO078-A23
RO078,RO078-A15,RO078-A22
RO078,RO078-A15,RO078-A21
RO078,RO078-A15,RO078-A20
RO078,RO078-A15,RO078-A19
RO078,RO078-A15,RO078-A16
RO078,RO078-A16,RO078-A23
RO078,RO078-A16,RO078-A21
RO078,RO078-A16,RO078-A20
RO078,RO078-A16,RO078-A19
RO078,RO078-A16,RO078-A17
RO078,RO078-A20,RO078-A29
RO078,RO078-A20,RO078-A28
RO078,RO078-A20,RO078-A25
RO078,RO078-A20,RO078-A24
RO078,RO078-A20,RO078-A23
RO078,RO078-A20,RO078-A22
RO078,RO078-A21,RO078-A28
RO078,RO078-A21,RO078-A24
RO078,RO078-A22,RO078-A28
RO078,RO078-A22,RO078-A27
RO078,RO078-A22,RO078-A26
RO078,RO078-A22,RO078-A25
RO078,RO078-A24,RO078-A29
RO078,RO078-A24,RO078-A28
RO078,RO078-A24,RO078-A25
RO078,RO078-A25,RO078-A28
RO078,RO078-A25,RO078-A27
RO078,RO078-A27,RO078-A30
RO078,RO078-A28,RO078-A29
RO079,RO079-A02,RO079-A30
RO079,RO079-A02,RO079-A26
RO079,RO079-A02,RO079-A10
RO079,RO079-A04,RO079-A26
RO079,RO079-A07,RO079-A26
RO079,RO079-A08,RO079-A25
RO079,RO079-A08,RO079-A24
RO079,RO079-A09,RO079-A26
RO079,RO079-A09,RO079-A23
RO079,RO079-A09,RO079-A22
RO079,RO079-A11,RO079-A30
RO079,RO079-A11,RO079-A26
RO079,RO079-A11,RO079-A23
RO079,RO079-A11,RO079-A14
RO079,RO079-A11,RO079-A13
RO079,RO079-A11,RO079-A12
RO079,RO079-A12,RO079-A30
RO079,RO079-A12,RO079-A26
RO079,RO079-A12,RO079-A23
RO079,RO079-A12,RO079-A14
RO079,RO079-A12,RO079-A13
RO079,RO079-A13,RO079-A30
RO079,RO079-A13,RO079-A26
RO079,RO079-A13,RO079-A23
RO079,RO079-A13,RO079-A14
RO079,RO079-A14,RO079-A30
RO079,RO079-A16,RO079-A28
RO079,RO079-A16,RO079-A26
RO079,RO079-A16,RO079-A22
RO079,RO079-A16,RO079-A21
RO079,RO079-A16,RO079-A18
RO079,RO079-A16,RO079-A17
RO079,RO079-A17,RO079-A28
RO079,RO079-A17,RO079-A26
RO079,RO079-A17,RO079-A22
RO079,RO079-A17,RO079-A21
RO079,RO079-A17,RO079-A18
RO079,RO079-A18,RO079-A28
RO079,RO079-A18,RO079-A26
RO079,RO079-A18,RO079-A23
RO079,RO079-A18,RO079-A21
RO079,RO079-A22,RO079-A28
RO079,RO079-A22,RO079-A26
RO079,RO079-A24,RO079-A26
RO079,RO079-A24,RO079-A25
RO079,RO079-A25,RO079-A26
RO079,RO079-A26,RO079-A30
RO080,RO080-A01,RO080-A30
RO080,RO080-A01,RO080-A29
RO080,RO080-A01,RO080-A28
RO080,RO080-A01,RO080-A27
RO080,RO080-A01,RO080-A26
RO080,RO080-A01,RO080-A25
RO080,RO080-A01,RO080-A24
RO080,RO080-A01,RO080-A23
RO080,RO080-A01,RO080-A20
RO080,RO080-A01,RO080-A19
RO080,RO080-A01,RO080-A18
RO080,RO080-A01,RO080-A17
RO080,RO080-A01,RO080-A15
RO080,RO080-A01,RO080-A13
RO080,RO080-A01,RO080-A12
RO080,RO080-A01,RO080-A11
RO080,RO080-A01,RO080-A10
RO080,RO080-A01,RO080-A06
RO080,RO080-A01,RO080-A05
RO080,RO080-A01,RO080-A04
RO080,RO080-A01,RO080-A03
RO080,RO080-A01,RO080-A02
RO080,RO080-A02,RO080-A30
RO080,RO080-A02,RO080-A29
RO080,RO080-A02,RO080-A28
RO080,RO080-A02,RO080-A27
RO080,RO080-A02,RO080-A26
RO080,RO080-A02,RO080-A25
RO080,RO080-A02,RO080-A24
RO080,RO080-A02,RO080-A23
RO080,RO080-A02,RO080-A22
RO080,RO080-A02,RO080-A21
RO080,RO080-A02,RO080-A20
RO080,RO080-A02,RO080-A19
RO080,RO080-A02,RO080-A18
RO080,RO080-A02,RO080-A17
RO080,RO080-A02,RO080-A16
RO080,RO080-A02,RO080-A15
RO080,RO080-A02,RO080-A12
RO080,RO080-A02,RO080-A11
RO080,RO080-A02,RO080-A10
RO080,RO080-A02,RO080-A09
RO080,RO080-A02,RO080-A08
RO080,RO080-A02,RO080-A07
RO080,RO080-A02,RO080-A06
RO080,RO080-A02,RO080-A05
RO080,RO080-A02,RO080-A04
RO080,RO080-A02,RO080-A03
RO080,RO080-A03,RO080-A30
RO080,RO080-A03,RO080-A29
RO080,RO080-A03,RO080-A28
RO080,RO080-A03,RO080-A27
RO080,RO080-A03,RO080-A26
RO080,RO080-A03,RO080-A25
RO080,RO080-A03,RO080-A24
RO080,RO080-A03,RO080-A23
RO080,RO080-A03,RO080-A22
RO080,RO080-A03,RO080-A21
RO080,RO080-A03,RO080-A20
RO080,RO080-A03,RO080-A19
RO080,RO080-A03,RO080-A18
RO080,RO080-A03,RO080-A17
RO080,RO080-A03,RO080-A16
RO080,RO080-A03,RO080-A15
RO080,RO080-A03,RO080-A14
RO080,RO080-A03,RO080-A13
RO080,RO080-A03,RO080-A12
RO080,RO080-A03,RO080-A11
RO080,RO080-A03,RO080-A10
RO080,RO080-A03,RO080-A09
RO080,RO080-A03,RO080-A08
RO080,RO080-A03,RO080-A07
RO080,RO080-A03,RO080-A06
RO080,RO080-A03,RO080-A05
RO080,RO080-A03,RO080-A04
RO080,RO080-A04,RO080-A26
RO080,RO080-A04,RO080-A25
RO080,RO080-A04,RO080-A24
RO080,RO080-A04,RO080-A23
RO080,RO080-A04,RO080-A22
RO080,RO080-A04,RO080-A20
RO080,RO080-A04,RO080-A19
RO080,RO080-A04,RO080-A16
RO080,RO080-A04,RO080-A15
RO080,RO080-A04,RO080-A14
RO080,RO080-A04,RO080-A09
RO080,RO080-A04,RO080-A08
RO080,RO080-A04,RO080-A07
RO080,RO080-A04,RO080-A06
RO080,RO080-A04,RO080-A05
RO080,RO080-A05,RO080-A30
RO080,RO080-A05,RO080-A29
RO080,RO080-A05,RO080-A28
RO080,RO080-A05,RO080-A27
RO080,RO080-A05,RO080-A23
RO080,RO080-A05,RO080-A16
RO080,RO080-A05,RO080-A15
RO080,RO080-A06,RO080-A20
RO080,RO080-A06,RO080-A07
RO080,RO080-A07,RO080-A30
RO080,RO080-A07,RO080-A29
RO080,RO080-A07,RO080-A27
RO080,RO080-A07,RO080-A26
RO080,RO080-A07,RO080-A25
RO080,RO080-A07,RO080-A24
RO080,RO080-A07,RO080-A11
RO080,RO080-A07,RO080-A10
RO080,RO080-A08,RO080-A22
RO080,RO080-A08,RO080-A20
RO080,RO080-A08,RO080-A19
RO080,RO080-A09,RO080-A26
RO080,RO080-A09,RO080-A24
RO080,RO080-A09,RO080-A20
RO080,RO080-A09,RO080-A19
RO080,RO080-A09,RO080-A16
RO080,RO080-A09,RO080-A14
RO080,RO080-A10,RO080-A24
RO080,RO080-A10,RO080-A20
RO080,RO080-A10,RO080-A12
RO080,RO080-A10,RO080-A11
RO080,RO080-A11,RO080-A21
RO080,RO080-A11,RO080-A20
RO080,RO080-A11,RO080-A18
RO080,RO080-A11,RO080-A13
RO080,RO080-A12,RO080-A23
RO080,RO080-A12,RO080-A21
RO080,RO080-A12,RO080-A20
RO080,RO080-A12,RO080-A13
RO080,RO080-A13,RO080-A25
RO080,RO080-A13,RO080-A24
RO080,RO080-A13,RO080-A21
RO080,RO080-A13,RO080-A20
RO080,RO080-A13,RO080-A19
RO080,RO080-A13,RO080-A18
RO080,RO080-A13,RO080-A17
RO080,RO080-A13,RO080-A16
RO080,RO080-A13,RO080-A15
RO080,RO080-A14,RO080-A30
RO080,RO080-A14,RO080-A29
RO080,RO080-A14,RO080-A28
RO080,RO080-A14,RO080-A27
RO080,RO080-A14,RO080-A26
RO080,RO080-A14,RO080-A25
RO080,RO080-A14,RO080-A24
RO080,RO080-A14,RO080-A23
RO080,RO080-A14,RO080-A22
RO080,RO080-A14,RO080-A21
RO080,RO080-A14,RO080-A20
RO080,RO080-A14,RO080-A19
RO080,RO080-A14,RO080-A18
RO080,RO080-A14,RO080-A17
RO080,RO080-A14,RO080-A16
RO080,RO080-A14,RO080-A15
RO080,RO080-A15,RO080-A30
RO080,RO080-A15,RO080-A29
RO080,RO080-A15,RO080-A28
RO080,RO080-A15,RO080-A27
RO080,RO080-A15,RO080-A26
RO080,RO080-A15,RO080-A25
RO080,RO080-A15,RO080-A24
RO080,RO080-A15,RO080-A23
RO080,RO080-A15,RO080-A17
RO080,RO080-A16,RO080-A30
RO080,RO080-A16,RO080-A29
RO080,RO080-A16,RO080-A28
RO080,RO080-A16,RO080-A27
RO080,RO080-A16,RO080-A26
RO080,RO080-A16,RO080-A25
RO080,RO080-A16,RO080-A24
RO080,RO080-A16,RO080-A23
RO080,RO080-A16,RO080-A22
RO080,RO080-A16,RO080-A21
RO080,RO080-A16,RO080-A20
RO080,RO080-A16,RO080-A19
RO080,RO080-A16,RO080-A18
RO080,RO080-A16,RO080-A17
RO080,RO080-A17,RO080-A30
RO080,RO080-A17,RO080-A29
RO080,RO080-A17,RO080-A28
RO080,RO080-A17,RO080-A27
RO080,RO080-A17,RO080-A26
RO080,RO080-A17,RO080-A25
RO080,RO080-A17,RO080-A24
RO080,RO080-A17,RO080-A23
RO080,RO080-A17,RO080-A22
RO080,RO080-A17,RO080-A21
RO080,RO080-A17,RO080-A20
RO080,RO080-A17,RO080-A19
RO080,RO080-A17,RO080-A18
RO080,RO080-A18,RO080-A30
RO080,RO080-A18,RO080-A29
RO080,RO080-A18,RO080-A28
RO080,RO080-A18,RO080-A27
RO080,RO080-A18,RO080-A26
RO080,RO080-A18,RO080-A23
RO080,RO080-A18,RO080-A20
RO080,RO080-A18,RO080-A19
RO080,RO080-A19,RO080-A23
RO080,RO080-A19,RO080-A22
RO080,RO080-A19,RO080-A21
RO080,RO080-A19,RO080-A20
RO080,RO080-A20,RO080-A30
RO080,RO080-A20,RO080-A29
RO080,RO080-A20,RO080-A28
RO080,RO080-A20,RO080-A27
RO080,RO080-A20,RO080-A26
RO080,RO080-A20,RO080-A25
RO080,RO080-A20,RO080-A24
RO080,RO080-A20,RO080-A23
RO080,RO080-A20,RO080-A22
RO080,RO080-A20,RO080-A21
RO080,RO080-A21,RO080-A28
RO080,RO080-A21,RO080-A27
RO080,RO080-A21,RO080-A25
RO080,RO080-A21,RO080-A24
RO080,RO080-A21,RO080-A22
RO080,RO080-A22,RO080-A30
RO080,RO080-A22,RO080-A29
RO080,RO080-A22,RO080-A28
RO080,RO080-A22,RO080-A27
RO080,RO080-A22,RO080-A26
RO080,RO080-A22,RO080-A25
RO080,RO080-A22,RO080-A24
RO080,RO080-A22,RO080-A23
RO080,RO080-A23,RO080-A25
RO080,RO080-A24,RO080-A30
RO080,RO080-A24,RO080-A29
RO080,RO080-A24,RO080-A28
RO080,RO080-A24,RO080-A27
RO080,RO080-A24,RO080-A26
RO080,RO080-A24,RO080-A25
RO080,RO080-A26,RO080-A28
RO080,RO080-A26,RO080-A27
RO080,RO080-A27,RO080-A30
RO080,RO080-A27,RO080-A29
RO080,RO080-A27,RO080-A28
RO080,RO080-A28,RO080-A30
RO080,RO080-A28,RO080-A29
RO080,RO080-A29,RO080-A30
RO081,RO081-A01,RO081-A29
RO081,RO081-A01,RO081-A27
RO081,RO081-A01,RO081-A25
RO081,RO081-A01,RO081-A24
RO081,RO081-A01,RO081-A22
RO081,RO081-A01,RO081-A20
RO081,RO081-A01,RO081-A19
RO081,RO081-A01,RO081-A16
RO081,RO081-A01,RO081-A14
RO081,RO081-A01,RO081-A13
RO081,RO081-A01,RO081-A10
RO081,RO081-A01,RO081-A09
RO081,RO081-A01,RO081-A08
RO081,RO081-A01,RO081-A06
RO081,RO081-A01,RO081-A05
RO081,RO081-A01,RO081-A04
RO081,RO081-A01,RO081-A03
RO081,RO081-A01,RO081-A02
RO081,RO081-A02,RO081-A30
RO081,RO081-A02,RO081-A29
RO081,RO081-A02,RO081-A28
RO081,RO081-A02,RO081-A27
RO081,RO081-A02,RO081-A26
RO081,RO081-A02,RO081-A24
RO081,RO081-A02,RO081-A23
RO081,RO081-A02,RO081-A21
RO081,RO081-A02,RO081-A18
RO081,RO081-A02,RO081-A14
RO081,RO081-A02,RO081-A13
RO081,RO081-A02,RO081-A12
RO081,RO081-A02,RO081-A11
RO081,RO081-A02,RO081-A10
RO081,RO081-A02,RO081-A09
RO081,RO081-A02,RO081-A08
RO081,RO081-A02,RO081-A07
RO081,RO081-A02,RO081-A06
RO081,RO081-A02,RO081-A05
RO081,RO081-A02,RO081-A04
RO081,RO081-A02,RO081-A03
RO081,RO081-A03,RO081-A30
RO081,RO081-A03,RO081-A29
RO081,RO081-A03,RO081-A28
RO081,RO081-A03,RO081-A27
RO081,RO081-A03,RO081-A26
RO081,RO081-A03,RO081-A25
RO081,RO081-A03,RO081-A24
RO081,RO081-A03,RO081-A23
RO081,RO081-A03,RO081-A22
RO081,RO081-A03,RO081-A21
RO081,RO081-A03,RO081-A20
RO081,RO081-A03,RO081-A19
RO081,RO081-A03,RO081-A18
RO081,RO081-A03,RO081-A17
RO081,RO081-A03,RO081-A16
RO081,RO081-A03,RO081-A15
RO081,RO081-A03,RO081-A14
RO081,RO081-A03,RO081-A13
RO081,RO081-A03,RO081-A12
RO081,RO081-A03,RO081-A11
RO081,RO081-A03,RO081-A10
RO081,RO081-A03,RO081-A09
RO081,RO081-A03,RO081-A08
RO081,RO081-A03,RO081-A07
RO081,RO081-A03,RO081-A06
RO081,RO081-A03,RO081-A05
RO081,RO081-A03,RO081-A04
RO081,RO081-A04,RO081-A30
RO081,RO081-A04,RO081-A29
RO081,RO081-A04,RO081-A27
RO081,RO081-A04,RO081-A25
RO081,RO081-A04,RO081-A24
RO081,RO081-A04,RO081-A21
RO081,RO081-A04,RO081-A20
RO081,RO081-A04,RO081-A19
RO081,RO081-A04,RO081-A18
RO081,RO081-A04,RO081-A17
RO081,RO081-A04,RO081-A16
RO081,RO081-A04,RO081-A15
RO081,RO081-A04,RO081-A14
RO081,RO081-A04,RO081-A13
RO081,RO081-A04,RO081-A12
RO081,RO081-A04,RO081-A10
RO081,RO081-A04,RO081-A06
RO081,RO081-A04,RO081-A05
RO081,RO081-A05,RO081-A30
RO081,RO081-A05,RO081-A29
RO081,RO081-A05,RO081-A28
RO081,RO081-A05,RO081-A27
RO081,RO081-A05,RO081-A26
RO081,RO081-A05,RO081-A25
RO081,RO081-A05,RO081-A24
RO081,RO081-A05,RO081-A23
RO081,RO081-A05,RO081-A22
RO081,RO081-A05,RO081-A21
RO081,RO081-A05,RO081-A20
RO081,RO081-A05,RO081-A18
RO081,RO081-A05,RO081-A16
RO081,RO081-A05,RO081-A15
RO081,RO081-A05,RO081-A14
RO081,RO081-A05,RO081-A13
RO081,RO081-A05,RO081-A12
RO081,RO081-A05,RO081-A11
RO081,RO081-A05,RO081-A10
RO081,RO081-A05,RO081-A08
RO081,RO081-A05,RO081-A06
RO081,RO081-A06,RO081-A30
RO081,RO081-A06,RO081-A29
RO081,RO081-A06,RO081-A28
RO081,RO081-A06,RO081-A27
RO081,RO081-A06,RO081-A26
RO081,RO081-A06,RO081-A25
RO081,RO081-A06,RO081-A24
RO081,RO081-A06,RO081-A23
RO081,RO081-A06,RO081-A21
RO081,RO081-A06,RO081-A20
RO081,RO081-A06,RO081-A19
RO081,RO081-A06,RO081-A17
RO081,RO081-A06,RO081-A16
RO081,RO081-A06,RO081-A15
RO081,RO081-A06,RO081-A14
RO081,RO081-A06,RO081-A09
RO081,RO081-A06,RO081-A08
RO081,RO081-A06,RO081-A07
RO081,RO081-A07,RO081-A30
RO081,RO081-A07,RO081-A29
RO081,RO081-A07,RO081-A26
RO081,RO081-A07,RO081-A24
RO081,RO081-A07,RO081-A23
RO081,RO081-A07,RO081-A22
RO081,RO081-A07,RO081-A21
RO081,RO081-A07,RO081-A20
RO081,RO081-A07,RO081-A18
RO081,RO081-A07,RO081-A16
RO081,RO081-A07,RO081-A15
RO081,RO081-A07,RO081-A14
RO081,RO081-A07,RO081-A13
RO081,RO081-A07,RO081-A12
RO081,RO081-A07,RO081-A11
RO081,RO081-A07,RO081-A09
RO081,RO081-A08,RO081-A30
RO081,RO081-A08,RO081-A29
RO081,RO081-A08,RO081-A28
RO081,RO081-A08,RO081-A27
RO081,RO081-A08,RO081-A25
RO081,RO081-A08,RO081-A24
RO081,RO081-A08,RO081-A23
RO081,RO081-A08,RO081-A20
RO081,RO081-A08,RO081-A18
RO081,RO081-A08,RO081-A17
RO081,RO081-A08,RO081-A16
RO081,RO081-A08,RO081-A15
RO081,RO081-A08,RO081-A14
RO081,RO081-A08,RO081-A13
RO081,RO081-A08,RO081-A12
RO081,RO081-A08,RO081-A11
RO081,RO081-A08,RO081-A10
RO081,RO081-A08,RO081-A09
RO081,RO081-A09,RO081-A30
RO081,RO081-A09,RO081-A29
RO081,RO081-A09,RO081-A28
RO081,RO081-A09,RO081-A27
RO081,RO081-A09,RO081-A25
RO081,RO081-A09,RO081-A24
RO081,RO081-A09,RO081-A22
RO081,RO081-A09,RO081-A21
RO081,RO081-A09,RO081-A19
RO081,RO081-A09,RO081-A18
RO081,RO081-A09,RO081-A17
RO081,RO081-A09,RO081-A16
RO081,RO081-A09,RO081-A15
RO081,RO081-A09,RO081-A14
RO081,RO081-A09,RO081-A13
RO081,RO081-A09,RO081-A12
RO081,RO081-A09,RO081-A11
RO081,RO081-A09,RO081-A10
RO081,RO081-A10,RO081-A29
RO081,RO081-A10,RO081-A28
RO081,RO081-A10,RO081-A26
RO081,RO081-A10,RO081-A25
RO081,RO081-A10,RO081-A24
RO081,RO081-A10,RO081-A22
RO081,RO081-A10,RO081-A20
RO081,RO081-A10,RO081-A17
RO081,RO081-A10,RO081-A16
RO081,RO081-A10,RO081-A12
RO081,RO081-A10,RO081-A11
RO081,RO081-A11,RO081-A30
RO081,RO081-A11,RO081-A28
RO081,RO081-A11,RO081-A26
RO081,RO081-A11,RO081-A24
RO081,RO081-A11,RO081-A23
RO081,RO081-A11,RO081-A21
RO081,RO081-A11,RO081-A20
RO081,RO081-A11,RO081-A18
RO081,RO081-A11,RO081-A16
RO081,RO081-A11,RO081-A14
RO081,RO081-A11,RO081-A12
RO081,RO081-A12,RO081-A30
RO081,RO081-A12,RO081-A29
RO081,RO081-A12,RO081-A28
RO081,RO081-A12,RO081-A27
RO081,RO081-A12,RO081-A26
RO081,RO081-A12,RO081-A25
RO081,RO081-A12,RO081-A23
RO081,RO081-A12,RO081-A21
RO081,RO081-A12,RO081-A20
RO081,RO081-A12,RO081-A19
RO081,RO081-A12,RO081-A17
RO081,RO081-A12,RO081-A15
RO081,RO081-A12,RO081-A13
RO081,RO081-A13,RO081-A30
RO081,RO081-A13,RO081-A27
RO081,RO081-A13,RO081-A26
RO081,RO081-A13,RO081-A24
RO081,RO081-A13,RO081-A23
RO081,RO081-A13,RO081-A22
RO081,RO081-A13,RO081-A21
RO081,RO081-A13,RO081-A19
RO081,RO081-A13,RO081-A17
RO081,RO081-A14,RO081-A30
RO081,RO081-A14,RO081-A28
RO081,RO081-A14,RO081-A26
RO081,RO081-A14,RO081-A24
RO081,RO081-A14,RO081-A23
RO081,RO081-A14,RO081-A22
RO081,RO081-A14,RO081-A20
RO081,RO081-A14,RO081-A19
RO081,RO081-A14,RO081-A18
RO081,RO081-A14,RO081-A17
RO081,RO081-A14,RO081-A16
RO081,RO081-A14,RO081-A15
RO081,RO081-A15,RO081-A30
RO081,RO081-A15,RO081-A29
RO081,RO081-A15,RO081-A25
RO081,RO081-A15,RO081-A23
RO081,RO081-A15,RO081-A21
RO081,RO081-A15,RO081-A19
RO081,RO081-A15,RO081-A18
RO081,RO081-A15,RO081-A17
RO081,RO081-A15,RO081-A16
RO081,RO081-A16,RO081-A30
RO081,RO081-A16,RO081-A27
RO081,RO081-A16,RO081-A25
RO081,RO081-A16,RO081-A24
RO081,RO081-A16,RO081-A23
RO081,RO081-A16,RO081-A22
RO081,RO081-A16,RO081-A21
RO081,RO081-A16,RO081-A20
RO081,RO081-A16,RO081-A19
RO081,RO081-A16,RO081-A18
RO081,RO081-A16,RO081-A17
RO081,RO081-A17,RO081-A29
RO081,RO081-A17,RO081-A28
RO081,RO081-A17,RO081-A26
RO081,RO081-A17,RO081-A25
RO081,RO081-A17,RO081-A24
RO081,RO081-A17,RO081-A23
RO081,RO081-A17,RO081-A22
RO081,RO081-A17,RO081-A21
RO081,RO081-A17,RO081-A20
RO081,RO081-A17,RO081-A19
RO081,RO081-A17,RO081-A18
RO081,RO081-A18,RO081-A30
RO081,RO081-A18,RO081-A28
RO081,RO081-A18,RO081-A27
RO081,RO081-A18,RO081-A25
RO081,RO081-A18,RO081-A23
RO081,RO081-A18,RO081-A22
RO081,RO081-A18,RO081-A21
RO081,RO081-A18,RO081-A20
RO081,RO081-A18,RO081-A19
RO081,RO081-A19,RO081-A30
RO081,RO081-A19,RO081-A28
RO081,RO081-A19,RO081-A27
RO081,RO081-A19,RO081-A26
RO081,RO081-A19,RO081-A25
RO081,RO081-A19,RO081-A24
RO081,RO081-A19,RO081-A23
RO081,RO081-A19,RO081-A22
RO081,RO081-A19,RO081-A21
RO081,RO081-A19,RO081-A20
RO081,RO081-A20,RO081-A30
RO081,RO081-A20,RO081-A27
RO081,RO081-A20,RO081-A25
RO081,RO081-A20,RO081-A24
RO081,RO081-A20,RO081-A23
RO081,RO081-A20,RO081-A22
RO081,RO081-A20,RO081-A21
RO081,RO081-A21,RO081-A30
RO081,RO081-A21,RO081-A28
RO081,RO081-A21,RO081-A26
RO081,RO081-A21,RO081-A25
RO081,RO081-A21,RO081-A24
RO081,RO081-A21,RO081-A23
RO081,RO081-A21,RO081-A22
RO081,RO081-A22,RO081-A30
RO081,RO081-A22,RO081-A27
RO081,RO081-A22,RO081-A26
RO081,RO081-A22,RO081-A24
RO081,RO081-A22,RO081-A23
RO081,RO081-A23,RO081-A30
RO081,RO081-A23,RO081-A29
RO081,RO081-A23,RO081-A28
RO081,RO081-A23,RO081-A27
RO081,RO081-A23,RO081-A26
RO081,RO081-A23,RO081-A25
RO081,RO081-A23,RO081-A24
RO081,RO081-A24,RO081-A30
RO081,RO081-A24,RO081-A29
RO081,RO081-A24,RO081-A28
RO081,RO081-A24,RO081-A27
RO081,RO081-A24,RO081-A26
RO081,RO081-A24,RO081-A25
RO081,RO081-A25,RO081-A30
RO081,RO081-A25,RO081-A29
RO081,RO081-A25,RO081-A28
RO081,RO081-A25,RO081-A27
RO081,RO081-A25,RO081-A26
RO081,RO081-A26,RO081-A30
RO081,RO081-A26,RO081-A29
RO081,RO081-A26,RO081-A28
RO081,RO081-A26,RO081-A27
RO081,RO081-A27,RO081-A30
RO081,RO081-A27,RO081-A29
RO081,RO081-A27,RO081-A28
RO081,RO081-A28,RO081-A30
RO081,RO081-A28,RO081-A29
RO081,RO081-A29,RO081-A30
RO082,RO082-A01,RO082-A30
RO082,RO082-A01,RO082-A29
RO082,RO082-A01,RO082-A27
RO082,RO082-A01,RO082-A25
RO082,RO082-A01,RO082-A24
RO082,RO082-A01,RO082-A22
RO082,RO082-A01,RO082-A21
RO082,RO082-A01,RO082-A20
RO082,RO082-A01,RO082-A18
RO082,RO082-A01,RO082-A17
RO082,RO082-A01,RO082-A16
RO082,RO082-A01,RO082-A15
RO082,RO082-A01,RO082-A14
RO082,RO082-A01,RO082-A13
RO082,RO082-A01,RO082-A12
RO082,RO082-A01,RO082-A10
RO082,RO082-A01,RO082-A09
RO082,RO082-A01,RO082-A08
RO082,RO082-A01,RO082-A07
RO082,RO082-A01,RO082-A06
RO082,RO082-A01,RO082-A03
RO082,RO082-A01,RO082-A02
RO082,RO082-A02,RO082-A30
RO082,RO082-A02,RO082-A29
RO082,RO082-A02,RO082-A28
RO082,RO082-A02,RO082-A26
RO082,RO082-A02,RO082-A25
RO082,RO082-A02,RO082-A24
RO082,RO082-A02,RO082-A23
RO082,RO082-A02,RO082-A22
RO082,RO082-A02,RO082-A21
RO082,RO082-A02,RO082-A20
RO082,RO082-A02,RO082-A19
RO082,RO082-A02,RO082-A18
RO082,RO082-A02,RO082-A17
RO082,RO082-A02,RO082-A16
RO082,RO082-A02,RO082-A15
RO082,RO082-A02,RO082-A14
RO082,RO082-A02,RO082-A13
RO082,RO082-A02,RO082-A11
RO082,RO082-A02,RO082-A08
RO082,RO082-A02,RO082-A07
RO082,RO082-A02,RO082-A06
RO082,RO082-A02,RO082-A04
RO082,RO082-A02,RO082-A03
RO082,RO082-A03,RO082-A30
RO082,RO082-A03,RO082-A29
RO082,RO082-A03,RO082-A28
RO082,RO082-A03,RO082-A26
RO082,RO082-A03,RO082-A25
RO082,RO082-A03,RO082-A24
RO082,RO082-A03,RO082-A23
RO082,RO082-A03,RO082-A22
RO082,RO082-A03,RO082-A21
RO082,RO082-A03,RO082-A20
RO082,RO082-A03,RO082-A19
RO082,RO082-A03,RO082-A18
RO082,RO082-A03,RO082-A17
RO082,RO082-A03,RO082-A16
RO082,RO082-A03,RO082-A15
RO082,RO082-A03,RO082-A14
RO082,RO082-A03,RO082-A13
RO082,RO082-A03,RO082-A12
RO082,RO082-A03,RO082-A11
RO082,RO082-A03,RO082-A10
RO082,RO082-A03,RO082-A09
RO082,RO082-A03,RO082-A08
RO082,RO082-A03,RO082-A07
RO082,RO082-A03,RO082-A06
RO082,RO082-A03,RO082-A05
RO082,RO082-A04,RO082-A30
RO082,RO082-A04,RO082-A29
RO082,RO082-A04,RO082-A28
RO082,RO082-A04,RO082-A27
RO082,RO082-A04,RO082-A26
RO082,RO082-A04,RO082-A25
RO082,RO082-A04,RO082-A23
RO082,RO082-A04,RO082-A21
RO082,RO082-A04,RO082-A20
RO082,RO082-A04,RO082-A19
RO082,RO082-A04,RO082-A18
RO082,RO082-A04,RO082-A17
RO082,RO082-A04,RO082-A16
RO082,RO082-A04,RO082-A15
RO082,RO082-A04,RO082-A14
RO082,RO082-A04,RO082-A13
RO082,RO082-A04,RO082-A10
RO082,RO082-A04,RO082-A09
RO082,RO082-A04,RO082-A08
RO082,RO082-A04,RO082-A07
RO082,RO082-A04,RO082-A06
RO082,RO082-A04,RO082-A05
RO082,RO082-A05,RO082-A30
RO082,RO082-A05,RO082-A29
RO082,RO082-A05,RO082-A28
RO082,RO082-A05,RO082-A27
RO082,RO082-A05,RO082-A24
RO082,RO082-A05,RO082-A23
RO082,RO082-A05,RO082-A22
RO082,RO082-A05,RO082-A21
RO082,RO082-A05,RO082-A20
RO082,RO082-A05,RO082-A19
RO082,RO082-A05,RO082-A18
RO082,RO082-A05,RO082-A16
RO082,RO082-A05,RO082-A15
RO082,RO082-A05,RO082-A14
RO082,RO082-A05,RO082-A13
RO082,RO082-A05,RO082-A10
RO082,RO082-A05,RO082-A09
RO082,RO082-A05,RO082-A08
RO082,RO082-A05,RO082-A07
RO082,RO082-A05,RO082-A06
RO082,RO082-A06,RO082-A30
RO082,RO082-A06,RO082-A29
RO082,RO082-A06,RO082-A28
RO082,RO082-A06,RO082-A27
RO082,RO082-A06,RO082-A26
RO082,RO082-A06,RO082-A24
RO082,RO082-A06,RO082-A23
RO082,RO082-A06,RO082-A22
RO082,RO082-A06,RO082-A20
RO082,RO082-A06,RO082-A19
RO082,RO082-A06,RO082-A18
RO082,RO082-A06,RO082-A17
RO082,RO082-A06,RO082-A16
RO082,RO082-A06,RO082-A15
RO082,RO082-A06,RO082-A14
RO082,RO082-A06,RO082-A13
RO082,RO082-A06,RO082-A12
RO082,RO082-A06,RO082-A11
RO082,RO082-A06,RO082-A10
RO082,RO082-A06,RO082-A09
RO082,RO082-A07,RO082-A30
RO082,RO082-A07,RO082-A29
RO082,RO082-A07,RO082-A28
RO082,RO082-A07,RO082-A27
RO082,RO082-A07,RO082-A26
RO082,RO082-A07,RO082-A25
RO082,RO082-A07,RO082-A24
RO082,RO082-A07,RO082-A23
RO082,RO082-A07,RO082-A22
RO082,RO082-A07,RO082-A21
RO082,RO082-A07,RO082-A20
RO082,RO082-A07,RO082-A18
RO082,RO082-A07,RO082-A17
RO082,RO082-A07,RO082-A16
RO082,RO082-A07,RO082-A09
RO082,RO082-A07,RO082-A08
RO082,RO082-A08,RO082-A28
RO082,RO082-A08,RO082-A27
RO082,RO082-A08,RO082-A26
RO082,RO082-A08,RO082-A25
RO082,RO082-A08,RO082-A24
RO082,RO082-A08,RO082-A23
RO082,RO082-A08,RO082-A21
RO082,RO082-A08,RO082-A20
RO082,RO082-A08,RO082-A19
RO082,RO082-A08,RO082-A17
RO082,RO082-A08,RO082-A16
RO082,RO082-A08,RO082-A15
RO082,RO082-A08,RO082-A14
RO082,RO082-A08,RO082-A13
RO082,RO082-A08,RO082-A11
RO082,RO082-A08,RO082-A10
RO082,RO082-A09,RO082-A30
RO082,RO082-A09,RO082-A29
RO082,RO082-A09,RO082-A28
RO082,RO082-A09,RO082-A27
RO082,RO082-A09,RO082-A26
RO082,RO082-A09,RO082-A25
RO082,RO082-A09,RO082-A24
RO082,RO082-A09,RO082-A23
RO082,RO082-A09,RO082-A20
RO082,RO082-A09,RO082-A19
RO082,RO082-A09,RO082-A18
RO082,RO082-A09,RO082-A17
RO082,RO082-A09,RO082-A16
RO082,RO082-A09,RO082-A15
RO082,RO082-A09,RO082-A14
RO082,RO082-A09,RO082-A13
RO082,RO082-A09,RO082-A12
RO082,RO082-A09,RO082-A11
RO082,RO082-A09,RO082-A10
RO082,RO082-A10,RO082-A30
RO082,RO082-A10,RO082-A29
RO082,RO082-A10,RO082-A28
RO082,RO082-A10,RO082-A27
RO082,RO082-A10,RO082-A26
RO082,RO082-A10,RO082-A25
RO082,RO082-A10,RO082-A24
RO082,RO082-A10,RO082-A23
RO082,RO082-A10,RO082-A22
RO082,RO082-A10,RO082-A21
RO082,RO082-A10,RO082-A20
RO082,RO082-A10,RO082-A16
RO082,RO082-A10,RO082-A15
RO082,RO082-A10,RO082-A14
RO082,RO082-A10,RO082-A13
RO082,RO082-A10,RO082-A12
RO082,RO082-A11,RO082-A30
RO082,RO082-A11,RO082-A29
RO082,RO082-A11,RO082-A28
RO082,RO082-A11,RO082-A27
RO082,RO082-A11,RO082-A26
RO082,RO082-A11,RO082-A25
RO082,RO082-A11,RO082-A23
RO082,RO082-A11,RO082-A22
RO082,RO082-A11,RO082-A21
RO082,RO082-A11,RO082-A20
RO082,RO082-A11,RO082-A19
RO082,RO082-A11,RO082-A18
RO082,RO082-A11,RO082-A16
RO082,RO082-A11,RO082-A15
RO082,RO082-A11,RO082-A14
RO082,RO082-A11,RO082-A13
RO082,RO082-A11,RO082-A12
RO082,RO082-A12,RO082-A30
RO082,RO082-A12,RO082-A29
RO082,RO082-A12,RO082-A28
RO082,RO082-A12,RO082-A27
RO082,RO082-A12,RO082-A26
RO082,RO082-A12,RO082-A25
RO082,RO082-A12,RO082-A24
RO082,RO082-A12,RO082-A23
RO082,RO082-A12,RO082-A22
RO082,RO082-A12,RO082-A21
RO082,RO082-A12,RO082-A20
RO082,RO082-A12,RO082-A19
RO082,RO082-A12,RO082-A18
RO082,RO082-A12,RO082-A17
RO082,RO082-A12,RO082-A16
RO082,RO082-A12,RO082-A15
RO082,RO082-A12,RO082-A14
RO082,RO082-A13,RO082-A30
RO082,RO082-A13,RO082-A29
RO082,RO082-A13,RO082-A28
RO082,RO082-A13,RO082-A27
RO082,RO082-A13,RO082-A26
RO082,RO082-A13,RO082-A25
RO082,RO082-A13,RO082-A24
RO082,RO082-A13,RO082-A23
RO082,RO082-A13,RO082-A22
RO082,RO082-A13,RO082-A21
RO082,RO082-A13,RO082-A20
RO082,RO082-A13,RO082-A19
RO082,RO082-A13,RO082-A18
RO082,RO082-A13,RO082-A17
RO082,RO082-A14,RO082-A30
RO082,RO082-A14,RO082-A29
RO082,RO082-A14,RO082-A28
RO082,RO082-A14,RO082-A27
RO082,RO082-A14,RO082-A26
RO082,RO082-A14,RO082-A25
RO082,RO082-A14,RO082-A24
RO082,RO082-A14,RO082-A23
RO082,RO082-A14,RO082-A22
RO082,RO082-A14,RO082-A21
RO082,RO082-A14,RO082-A20
RO082,RO082-A14,RO082-A19
RO082,RO082-A14,RO082-A18
RO082,RO082-A14,RO082-A17
RO082,RO082-A14,RO082-A16
RO082,RO082-A14,RO082-A15
RO082,RO082-A15,RO082-A30
RO082,RO082-A15,RO082-A24
RO082,RO082-A15,RO082-A23
RO082,RO082-A15,RO082-A22
RO082,RO082-A15,RO082-A21
RO082,RO082-A15,RO082-A20
RO082,RO082-A15,RO082-A19
RO082,RO082-A15,RO082-A18
RO082,RO082-A15,RO082-A17
RO082,RO082-A15,RO082-A16
RO082,RO082-A16,RO082-A30
RO082,RO082-A16,RO082-A29
RO082,RO082-A16,RO082-A28
RO082,RO082-A16,RO082-A27
RO082,RO082-A16,RO082-A26
RO082,RO082-A16,RO082-A25
RO082,RO082-A16,RO082-A24
RO082,RO082-A16,RO082-A23
RO082,RO082-A16,RO082-A22
RO082,RO082-A16,RO082-A21
RO082,RO082-A16,RO082-A20
RO082,RO082-A16,RO082-A19
RO082,RO082-A16,RO082-A18
RO082,RO082-A16,RO082-A17
RO082,RO082-A17,RO082-A30
RO082,RO082-A17,RO082-A29
RO082,RO082-A17,RO082-A28
RO082,RO082-A17,RO082-A27
RO082,RO082-A17,RO082-A26
RO082,RO082-A17,RO082-A25
RO082,RO082-A17,RO082-A24
RO082,RO082-A17,RO082-A23
RO082,RO082-A17,RO082-A22
RO082,RO082-A17,RO082-A21
RO082,RO082-A17,RO082-A20
RO082,RO082-A17,RO082-A19
RO082,RO082-A17,RO082-A18
RO082,RO082-A18,RO082-A30
RO082,RO082-A18,RO082-A28
RO082,RO082-A18,RO082-A27
RO082,RO082-A18,RO082-A25
RO082,RO082-A18,RO082-A24
RO082,RO082-A18,RO082-A23
RO082,RO082-A18,RO082-A22
RO082,RO082-A19,RO082-A30
RO082,RO082-A19,RO082-A29
RO082,RO082-A19,RO082-A28
RO082,RO082-A19,RO082-A27
RO082,RO082-A19,RO082-A26
RO082,RO082-A19,RO082-A25
RO082,RO082-A19,RO082-A24
RO082,RO082-A19,RO082-A23
RO082,RO082-A19,RO082-A22
RO082,RO082-A19,RO082-A21
RO082,RO082-A19,RO082-A20
RO082,RO082-A20,RO082-A30
RO082,RO082-A20,RO082-A29
RO082,RO082-A20,RO082-A28
RO082,RO082-A20,RO082-A27
RO082,RO082-A20,RO082-A26
RO082,RO082-A20,RO082-A25
RO082,RO082-A20,RO082-A24
RO082,RO082-A20,RO082-A23
RO082,RO082-A20,RO082-A22
RO082,RO082-A20,RO082-A21
RO082,RO082-A21,RO082-A30
RO082,RO082-A21,RO082-A29
RO082,RO082-A21,RO082-A25
RO082,RO082-A21,RO082-A24
RO082,RO082-A21,RO082-A23
RO082,RO082-A21,RO082-A22
RO082,RO082-A22,RO082-A30
RO082,RO082-A22,RO082-A29
RO082,RO082-A22,RO082-A28
RO082,RO082-A22,RO082-A27
RO082,RO082-A23,RO082-A30
RO082,RO082-A23,RO082-A29
RO082,RO082-A23,RO082-A28
RO082,RO082-A23,RO082-A26
RO082,RO082-A23,RO082-A25
RO082,RO082-A24,RO082-A30
RO082,RO082-A24,RO082-A29
RO082,RO082-A24,RO082-A28
RO082,RO082-A24,RO082-A27
RO082,RO082-A24,RO082-A26
RO082,RO082-A24,RO082-A25
RO082,RO082-A25,RO082-A30
RO082,RO082-A25,RO082-A29
RO082,RO082-A25,RO082-A28
RO082,RO082-A25,RO082-A27
RO082,RO082-A25,RO082-A26
RO082,RO082-A26,RO082-A30
RO082,RO082-A26,RO082-A29
RO082,RO082-A26,RO082-A28
RO082,RO082-A26,RO082-A27
RO082,RO082-A27,RO082-A29
RO082,RO082-A27,RO082-A28
RO082,RO082-A28,RO082-A30
RO082,RO082-A28,RO082-A29
RO082,RO082-A29,RO082-A30
RO083,RO083-A01,RO083-A30
RO083,RO083-A01,RO083-A29
RO083,RO083-A02,RO083-A23
RO083,RO083-A02,RO083-A22
RO083,RO083-A02,RO083-A18
RO083,RO083-A02,RO083-A17
RO083,RO083-A02,RO083-A16
RO083,RO083-A02,RO083-A15
RO083,RO083-A02,RO083-A12
RO083,RO083-A03,RO083-A06
RO083,RO083-A03,RO083-A05
RO083,RO083-A04,RO083-A30
RO083,RO083-A04,RO083-A29
RO083,RO083-A05,RO083-A06
RO083,RO083-A07,RO083-A30
RO083,RO083-A07,RO083-A19
RO083,RO083-A07,RO083-A17
RO083,RO083-A07,RO083-A16
RO083,RO083-A07,RO083-A15
RO083,RO083-A07,RO083-A14
RO083,RO083-A07,RO083-A13
RO083,RO083-A07,RO083-A12
RO083,RO083-A07,RO083-A11
RO083,RO083-A07,RO083-A10
RO083,RO083-A07,RO083-A09
RO083,RO083-A07,RO083-A08
RO083,RO083-A08,RO083-A18
RO083,RO083-A08,RO083-A17
RO083,RO083-A08,RO083-A16
RO083,RO083-A08,RO083-A15
RO083,RO083-A08,RO083-A14
RO083,RO083-A08,RO083-A13
RO083,RO083-A08,RO083-A12
RO083,RO083-A08,RO083-A11
RO083,RO083-A08,RO083-A10
RO083,RO083-A08,RO083-A09
RO083,RO083-A09,RO083-A18
RO083,RO083-A09,RO083-A17
RO083,RO083-A09,RO083-A16
RO083,RO083-A09,RO083-A15
RO083,RO083-A09,RO083-A14
RO083,RO083-A09,RO083-A13
RO083,RO083-A09,RO083-A12
RO083,RO083-A09,RO083-A11
RO083,RO083-A09,RO083-A10
RO083,RO083-A10,RO083-A18
RO083,RO083-A10,RO083-A17
RO083,RO083-A10,RO083-A16
RO083,RO083-A10,RO083-A15
RO083,RO083-A10,RO083-A14
RO083,RO083-A10,RO083-A13
RO083,RO083-A10,RO083-A12
RO083,RO083-A10,RO083-A11
RO083,RO083-A11,RO083-A16
RO083,RO083-A11,RO083-A15
RO083,RO083-A11,RO083-A13
RO083,RO083-A11,RO083-A12
RO083,RO083-A12,RO083-A18
RO083,RO083-A12,RO083-A17
RO083,RO083-A12,RO083-A16
RO083,RO083-A12,RO083-A15
RO083,RO083-A12,RO083-A14
RO083,RO083-A12,RO083-A13
RO083,RO083-A13,RO083-A18
RO083,RO083-A13,RO083-A17
RO083,RO083-A13,RO083-A16
RO083,RO083-A13,RO083-A15
RO083,RO083-A13,RO083-A14
RO083,RO083-A14,RO083-A17
RO083,RO083-A14,RO083-A16
RO083,RO083-A14,RO083-A15
RO083,RO083-A15,RO083-A18
RO083,RO083-A15,RO083-A17
RO083,RO083-A15,RO083-A16
RO083,RO083-A16,RO083-A18
RO083,RO083-A16,RO083-A17
RO083,RO083-A17,RO083-A26
RO083,RO083-A17,RO083-A18
RO083,RO083-A19,RO083-A24
RO083,RO083-A19,RO083-A23
RO083,RO083-A19,RO083-A22
RO083,RO083-A19,RO083-A21
RO083,RO083-A19,RO083-A20
RO083,RO083-A20,RO083-A26
RO083,RO083-A20,RO083-A25
RO083,RO083-A20,RO083-A24
RO083,RO083-A20,RO083-A23
RO083,RO083-A20,RO083-A22
RO083,RO083-A20,RO083-A21
RO083,RO083-A21,RO083-A23
RO083,RO083-A21,RO083-A22
RO083,RO083-A22,RO083-A24
RO083,RO083-A22,RO083-A23
RO083,RO083-A23,RO083-A24
RO083,RO083-A25,RO083-A28
RO083,RO083-A25,RO083-A27
RO083,RO083-A25,RO083-A26
RO083,RO083-A26,RO083-A28
RO083,RO083-A26,RO083-A27
RO083,RO083-A27,RO083-A30
RO083,RO083-A27,RO083-A29
RO083,RO083-A27,RO083-A28
RO083,RO083-A29,RO083-A30
RO084,RO084-A01,RO084-A07
RO084,RO084-A01,RO084-A06
RO084,RO084-A02,RO084-A22
RO084,RO084-A03,RO084-A29
RO084,RO084-A03,RO084-A27
RO084,RO084-A03,RO084-A24
RO084,RO084-A03,RO084-A23
RO084,RO084-A03,RO084-A22
RO084,RO084-A03,RO084-A21
RO084,RO084-A03,RO084-A19
RO084,RO084-A03,RO084-A15
RO084,RO084-A03,RO084-A14
RO084,RO084-A03,RO084-A10
RO084,RO084-A03,RO084-A09
RO084,RO084-A03,RO084-A08
RO084,RO084-A03,RO084-A07
RO084,RO084-A03,RO084-A06
RO084,RO084-A03,RO084-A05
RO084,RO084-A03,RO084-A04
RO084,RO084-A04,RO084-A27
RO084,RO084-A04,RO084-A23
RO084,RO084-A04,RO084-A22
RO084,RO084-A04,RO084-A21
RO084,RO084-A04,RO084-A19
RO084,RO084-A04,RO084-A14
RO084,RO084-A04,RO084-A09
RO084,RO084-A04,RO084-A06
RO084,RO084-A04,RO084-A05
RO084,RO084-A06,RO084-A30
RO084,RO084-A06,RO084-A07
RO084,RO084-A07,RO084-A30
RO084,RO084-A07,RO084-A11
RO084,RO084-A09,RO084-A19
RO084,RO084-A09,RO084-A18
RO084,RO084-A09,RO084-A17
RO084,RO084-A09,RO084-A16
RO084,RO084-A09,RO084-A15
RO084,RO084-A09,RO084-A13
RO084,RO084-A09,RO084-A10
RO084,RO084-A10,RO084-A19
RO084,RO084-A10,RO084-A18
RO084,RO084-A10,RO084-A17
RO084,RO084-A10,RO084-A16
RO084,RO084-A10,RO084-A15
RO084,RO084-A10,RO084-A13
RO084,RO084-A13,RO084-A20
RO084,RO084-A13,RO084-A19
RO084,RO084-A13,RO084-A18
RO084,RO084-A13,RO084-A17
RO084,RO084-A13,RO084-A16
RO084,RO084-A13,RO084-A15
RO084,RO084-A14,RO084-A29
RO084,RO084-A14,RO084-A27
RO084,RO084-A14,RO084-A26
RO084,RO084-A14,RO084-A25
RO084,RO084-A14,RO084-A23
RO084,RO084-A15,RO084-A20
RO084,RO084-A15,RO084-A19
RO084,RO084-A15,RO084-A18
RO084,RO084-A15,RO084-A17
RO084,RO084-A15,RO084-A16
RO084,RO084-A16,RO084-A20
RO084,RO084-A16,RO084-A19
RO084,RO084-A16,RO084-A18
RO084,RO084-A16,RO084-A17
RO084,RO084-A17,RO084-A20
RO084,RO084-A17,RO084-A19
RO084,RO084-A17,RO084-A18
RO084,RO084-A18,RO084-A20
RO084,RO084-A18,RO084-A19
RO084,RO084-A19,RO084-A20
RO084,RO084-A21,RO084-A29
RO084,RO084-A21,RO084-A27
RO084,RO084-A21,RO084-A25
RO084,RO084-A21,RO084-A23
RO084,RO084-A23,RO084-A27
RO084,RO084-A23,RO084-A26
RO084,RO084-A23,RO084-A25
RO084,RO084-A25,RO084-A29
RO084,RO084-A25,RO084-A27
RO084,RO084-A26,RO084-A27
RO084,RO084-A27,RO084-A29
RO085,RO085-A01,RO085-A30
RO085,RO085-A01,RO085-A29
RO085,RO085-A01,RO085-A28
RO085,RO085-A01,RO085-A27
RO085,RO085-A01,RO085-A26
RO085,RO085-A01,RO085-A25
RO085,RO085-A01,RO085-A24
RO085,RO085-A01,RO085-A23
RO085,RO085-A01,RO085-A22
RO085,RO085-A01,RO085-A21
RO085,RO085-A01,RO085-A20
RO085,RO085-A01,RO085-A19
RO085,RO085-A01,RO085-A18
RO085,RO085-A01,RO085-A17
RO085,RO085-A01,RO085-A16
RO085,RO085-A01,RO085-A15
RO085,RO085-A01,RO085-A14
RO085,RO085-A01,RO085-A13
RO085,RO085-A01,RO085-A12
RO085,RO085-A01,RO085-A11
RO085,RO085-A01,RO085-A10
RO085,RO085-A01,RO085-A09
RO085,RO085-A01,RO085-A08
RO085,RO085-A01,RO085-A07
RO085,RO085-A01,RO085-A06
RO085,RO085-A01,RO085-A05
RO085,RO085-A01,RO085-A04
RO085,RO085-A01,RO085-A03
RO085,RO085-A01,RO085-A02
RO085,RO085-A02,RO085-A30
RO085,RO085-A02,RO085-A29
RO085,RO085-A02,RO085-A28
RO085,RO085-A02,RO085-A27
RO085,RO085-A02,RO085-A26
RO085,RO085-A02,RO085-A25
RO085,RO085-A02,RO085-A24
RO085,RO085-A02,RO085-A23
RO085,RO085-A02,RO085-A22
RO085,RO085-A02,RO085-A21
RO085,RO085-A02,RO085-A20
RO085,RO085-A02,RO085-A19
RO085,RO085-A02,RO085-A18
RO085,RO085-A02,RO085-A17
RO085,RO085-A02,RO085-A16
RO085,RO085-A02,RO085-A15
RO085,RO085-A02,RO085-A14
RO085,RO085-A02,RO085-A13
RO085,RO085-A02,RO085-A12
RO085,RO085-A02,RO085-A11
RO085,RO085-A02,RO085-A10
RO085,RO085-A02,RO085-A09
RO085,RO085-A02,RO085-A08
RO085,RO085-A02,RO085-A07
RO085,RO085-A02,RO085-A06
RO085,RO085-A02,RO085-A05
RO085,RO085-A02,RO085-A04
RO085,RO085-A02,RO085-A03
RO085,RO085-A03,RO085-A30
RO085,RO085-A03,RO085-A29
RO085,RO085-A03,RO085-A28
RO085,RO085-A03,RO085-A27
RO085,RO085-A03,RO085-A26
RO085,RO085-A03,RO085-A25
RO085,RO085-A03,RO085-A24
RO085,RO085-A03,RO085-A23
RO085,RO085-A03,RO085-A22
RO085,RO085-A03,RO085-A21
RO085,RO085-A03,RO085-A20
RO085,RO085-A03,RO085-A19
RO085,RO085-A03,RO085-A18
RO085,RO085-A03,RO085-A17
RO085,RO085-A03,RO085-A16
RO085,RO085-A03,RO085-A15
RO085,RO085-A03,RO085-A14
RO085,RO085-A03,RO085-A13
RO085,RO085-A03,RO085-A12
RO085,RO085-A03,RO085-A11
RO085,RO085-A03,RO085-A10
RO085,RO085-A03,RO085-A09
RO085,RO085-A03,RO085-A08
RO085,RO085-A03,RO085-A07
RO085,RO085-A03,RO085-A06
RO085,RO085-A03,RO085-A05
RO085,RO085-A03,RO085-A04
RO085,RO085-A04,RO085-A30
RO085,RO085-A04,RO085-A29
RO085,RO085-A04,RO085-A28
RO085,RO085-A04,RO085-A27
RO085,RO085-A04,RO085-A26
RO085,RO085-A04,RO085-A25
RO085,RO085-A04,RO085-A24
RO085,RO085-A04,RO085-A23
RO085,RO085-A04,RO085-A22
RO085,RO085-A04,RO085-A21
RO085,RO085-A04,RO085-A20
RO085,RO085-A04,RO085-A19
RO085,RO085-A04,RO085-A18
RO085,RO085-A04,RO085-A17
RO085,RO085-A04,RO085-A16
RO085,RO085-A04,RO085-A15
RO085,RO085-A04,RO085-A14
RO085,RO085-A04,RO085-A13
RO085,RO085-A04,RO085-A12
RO085,RO085-A04,RO085-A11
RO085,RO085-A04,RO085-A10
RO085,RO085-A04,RO085-A09
RO085,RO085-A04,RO085-A08
RO085,RO085-A04,RO085-A07
RO085,RO085-A04,RO085-A06
RO085,RO085-A04,RO085-A05
RO085,RO085-A05,RO085-A30
RO085,RO085-A05,RO085-A29
RO085,RO085-A05,RO085-A28
RO085,RO085-A05,RO085-A27
RO085,RO085-A05,RO085-A26
RO085,RO085-A05,RO085-A25
RO085,RO085-A05,RO085-A24
RO085,RO085-A05,RO085-A23
RO085,RO085-A05,RO085-A22
RO085,RO085-A05,RO085-A21
RO085,RO085-A05,RO085-A20
RO085,RO085-A05,RO085-A19
RO085,RO085-A05,RO085-A18
RO085,RO085-A05,RO085-A17
RO085,RO085-A05,RO085-A16
RO085,RO085-A05,RO085-A15
RO085,RO085-A05,RO085-A14
RO085,RO085-A05,RO085-A13
RO085,RO085-A05,RO085-A12
RO085,RO085-A05,RO085-A11
RO085,RO085-A05,RO085-A10
RO085,RO085-A05,RO085-A09
RO085,RO085-A05,RO085-A08
RO085,RO085-A05,RO085-A07
RO085,RO085-A05,RO085-A06
RO085,RO085-A06,RO085-A30
RO085,RO085-A06,RO085-A29
RO085,RO085-A06,RO085-A28
RO085,RO085-A06,RO085-A27
RO085,RO085-A06,RO085-A26
RO085,RO085-A06,RO085-A25
RO085,RO085-A06,RO085-A24
RO085,RO085-A06,RO085-A23
RO085,RO085-A06,RO085-A22
RO085,RO085-A06,RO085-A21
RO085,RO085-A06,RO085-A20
RO085,RO085-A06,RO085-A19
RO085,RO085-A06,RO085-A18
RO085,RO085-A06,RO085-A17
RO085,RO085-A06,RO085-A16
RO085,RO085-A06,RO085-A15
RO085,RO085-A06,RO085-A14
RO085,RO085-A06,RO085-A13
RO085,RO085-A06,RO085-A12
RO085,RO085-A06,RO085-A11
RO085,RO085-A06,RO085-A10
RO085,RO085-A06,RO085-A09
RO085,RO085-A06,RO085-A08
RO085,RO085-A06,RO085-A07
RO085,RO085-A07,RO085-A30
RO085,RO085-A07,RO085-A29
RO085,RO085-A07,RO085-A28
RO085,RO085-A07,RO085-A27
RO085,RO085-A07,RO085-A26
RO085,RO085-A07,RO085-A25
RO085,RO085-A07,RO085-A24
RO085,RO085-A07,RO085-A23
RO085,RO085-A07,RO085-A22
RO085,RO085-A07,RO085-A21
RO085,RO085-A07,RO085-A20
RO085,RO085-A07,RO085-A19
RO085,RO085-A07,RO085-A18
RO085,RO085-A07,RO085-A17
RO085,RO085-A07,RO085-A16
RO085,RO085-A07,RO085-A15
RO085,RO085-A07,RO085-A14
RO085,RO085-A07,RO085-A13
RO085,RO085-A07,RO085-A12
RO085,RO085-A07,RO085-A11
RO085,RO085-A07,RO085-A10
RO085,RO085-A07,RO085-A09
RO085,RO085-A07,RO085-A08
RO085,RO085-A08,RO085-A30
RO085,RO085-A08,RO085-A29
RO085,RO085-A08,RO085-A28
RO085,RO085-A08,RO085-A27
RO085,RO085-A08,RO085-A26
RO085,RO085-A08,RO085-A25
RO085,RO085-A08,RO085-A24
RO085,RO085-A08,RO085-A19
RO085,RO085-A08,RO085-A18
RO085,RO085-A08,RO085-A17
RO085,RO085-A08,RO085-A16
RO085,RO085-A08,RO085-A15
RO085,RO085-A08,RO085-A09
RO085,RO085-A09,RO085-A30
RO085,RO085-A09,RO085-A29
RO085,RO085-A09,RO085-A28
RO085,RO085-A09,RO085-A27
RO085,RO085-A09,RO085-A26
RO085,RO085-A09,RO085-A20
RO085,RO085-A09,RO085-A19
RO085,RO085-A09,RO085-A18
RO085,RO085-A09,RO085-A17
RO085,RO085-A09,RO085-A16
RO085,RO085-A09,RO085-A15
RO085,RO085-A09,RO085-A14
RO085,RO085-A09,RO085-A13
RO085,RO085-A09,RO085-A12
RO085,RO085-A09,RO085-A11
RO085,RO085-A09,RO085-A10
RO085,RO085-A10,RO085-A30
RO085,RO085-A10,RO085-A29
RO085,RO085-A10,RO085-A28
RO085,RO085-A10,RO085-A27
RO085,RO085-A10,RO085-A26
RO085,RO085-A10,RO085-A25
RO085,RO085-A10,RO085-A24
RO085,RO085-A10,RO085-A23
RO085,RO085-A10,RO085-A22
RO085,RO085-A10,RO085-A21
RO085,RO085-A10,RO085-A20
RO085,RO085-A10,RO085-A19
RO085,RO085-A10,RO085-A18
RO085,RO085-A10,RO085-A17
RO085,RO085-A10,RO085-A16
RO085,RO085-A10,RO085-A15
RO085,RO085-A10,RO085-A14
RO085,RO085-A10,RO085-A13
RO085,RO085-A10,RO085-A12
RO085,RO085-A10,RO085-A11
RO085,RO085-A11,RO085-A30
RO085,RO085-A11,RO085-A29
RO085,RO085-A11,RO085-A28
RO085,RO085-A11,RO085-A27
RO085,RO085-A11,RO085-A26
RO085,RO085-A11,RO085-A25
RO085,RO085-A11,RO085-A24
RO085,RO085-A11,RO085-A23
RO085,RO085-A11,RO085-A22
RO085,RO085-A11,RO085-A21
RO085,RO085-A11,RO085-A20
RO085,RO085-A11,RO085-A19
RO085,RO085-A11,RO085-A18
RO085,RO085-A11,RO085-A17
RO085,RO085-A11,RO085-A16
RO085,RO085-A11,RO085-A15
RO085,RO085-A11,RO085-A14
RO085,RO085-A11,RO085-A13
RO085,RO085-A11,RO085-A12
RO085,RO085-A12,RO085-A30
RO085,RO085-A12,RO085-A29
RO085,RO085-A12,RO085-A28
RO085,RO085-A12,RO085-A27
RO085,RO085-A12,RO085-A26
RO085,RO085-A12,RO085-A25
RO085,RO085-A12,RO085-A24
RO085,RO085-A12,RO085-A23
RO085,RO085-A12,RO085-A22
RO085,RO085-A12,RO085-A21
RO085,RO085-A12,RO085-A20
RO085,RO085-A12,RO085-A19
RO085,RO085-A12,RO085-A18
RO085,RO085-A12,RO085-A17
RO085,RO085-A12,RO085-A16
RO085,RO085-A12,RO085-A15
RO085,RO085-A12,RO085-A14
RO085,RO085-A12,RO085-A13
RO085,RO085-A13,RO085-A30
RO085,RO085-A13,RO085-A29
RO085,RO085-A13,RO085-A28
RO085,RO085-A13,RO085-A27
RO085,RO085-A13,RO085-A26
RO085,RO085-A13,RO085-A25
RO085,RO085-A13,RO085-A24
RO085,RO085-A13,RO085-A23
RO085,RO085-A13,RO085-A22
RO085,RO085-A13,RO085-A20
RO085,RO085-A13,RO085-A19
RO085,RO085-A13,RO085-A18
RO085,RO085-A13,RO085-A17
RO085,RO085-A13,RO085-A16
RO085,RO085-A13,RO085-A15
RO085,RO085-A13,RO085-A14
RO085,RO085-A14,RO085-A30
RO085,RO085-A14,RO085-A29
RO085,RO085-A14,RO085-A28
RO085,RO085-A14,RO085-A27
RO085,RO085-A14,RO085-A26
RO085,RO085-A14,RO085-A25
RO085,RO085-A14,RO085-A24
RO085,RO085-A14,RO085-A23
RO085,RO085-A14,RO085-A22
RO085,RO085-A14,RO085-A21
RO085,RO085-A14,RO085-A20
RO085,RO085-A14,RO085-A19
RO085,RO085-A14,RO085-A18
RO085,RO085-A14,RO085-A17
RO085,RO085-A14,RO085-A16
RO085,RO085-A14,RO085-A15
RO085,RO085-A15,RO085-A30
RO085,RO085-A15,RO085-A29
RO085,RO085-A15,RO085-A28
RO085,RO085-A15,RO085-A27
RO085,RO085-A15,RO085-A26
RO085,RO085-A15,RO085-A25
RO085,RO085-A15,RO085-A24
RO085,RO085-A15,RO085-A23
RO085,RO085-A15,RO085-A22
RO085,RO085-A15,RO085-A21
RO085,RO085-A15,RO085-A20
RO085,RO085-A15,RO085-A19
RO085,RO085-A15,RO085-A18
RO085,RO085-A15,RO085-A17
RO085,RO085-A15,RO085-A16
RO085,RO085-A16,RO085-A30
RO085,RO085-A16,RO085-A29
RO085,RO085-A16,RO085-A28
RO085,RO085-A16,RO085-A27
RO085,RO085-A16,RO085-A26
RO085,RO085-A16,RO085-A25
RO085,RO085-A16,RO085-A24
RO085,RO085-A16,RO085-A23
RO085,RO085-A16,RO085-A22
RO085,RO085-A16,RO085-A21
RO085,RO085-A16,RO085-A20
RO085,RO085-A16,RO085-A19
RO085,RO085-A16,RO085-A18
RO085,RO085-A16,RO085-A17
RO085,RO085-A17,RO085-A30
RO085,RO085-A17,RO085-A29
RO085,RO085-A17,RO085-A28
RO085,RO085-A17,RO085-A27
RO085,RO085-A17,RO085-A26
RO085,RO085-A17,RO085-A25
RO085,RO085-A17,RO085-A24
RO085,RO085-A17,RO085-A23
RO085,RO085-A17,RO085-A22
RO085,RO085-A17,RO085-A21
RO085,RO085-A17,RO085-A20
RO085,RO085-A17,RO085-A19
RO085,RO085-A17,RO085-A18
RO085,RO085-A18,RO085-A30
RO085,RO085-A18,RO085-A29
RO085,RO085-A18,RO085-A28
RO085,RO085-A18,RO085-A27
RO085,RO085-A18,RO085-A26
RO085,RO085-A18,RO085-A25
RO085,RO085-A18,RO085-A23
RO085,RO085-A18,RO085-A22
RO085,RO085-A18,RO085-A21
RO085,RO085-A18,RO085-A20
RO085,RO085-A18,RO085-A19
RO085,RO085-A19,RO085-A30
RO085,RO085-A19,RO085-A29
RO085,RO085-A19,RO085-A28
RO085,RO085-A19,RO085-A27
RO085,RO085-A19,RO085-A26
RO085,RO085-A19,RO085-A25
RO085,RO085-A19,RO085-A24
RO085,RO085-A19,RO085-A23
RO085,RO085-A19,RO085-A21
RO085,RO085-A19,RO085-A20
RO085,RO085-A20,RO085-A30
RO085,RO085-A20,RO085-A29
RO085,RO085-A20,RO085-A28
RO085,RO085-A20,RO085-A27
RO085,RO085-A20,RO085-A26
RO085,RO085-A20,RO085-A25
RO085,RO085-A20,RO085-A24
RO085,RO085-A20,RO085-A23
RO085,RO085-A20,RO085-A22
RO085,RO085-A20,RO085-A21
RO085,RO085-A21,RO085-A30
RO085,RO085-A21,RO085-A29
RO085,RO085-A21,RO085-A28
RO085,RO085-A21,RO085-A27
RO085,RO085-A21,RO085-A26
RO085,RO085-A21,RO085-A24
RO085,RO085-A21,RO085-A23
RO085,RO085-A21,RO085-A22
RO085,RO085-A22,RO085-A30
RO085,RO085-A22,RO085-A29
RO085,RO085-A22,RO085-A28
RO085,RO085-A22,RO085-A27
RO085,RO085-A22,RO085-A26
RO085,RO085-A22,RO085-A25
RO085,RO085-A22,RO085-A24
RO085,RO085-A22,RO085-A23
RO085,RO085-A23,RO085-A30
RO085,RO085-A23,RO085-A29
RO085,RO085-A23,RO085-A28
RO085,RO085-A23,RO085-A27
RO085,RO085-A23,RO085-A26
RO085,RO085-A23,RO085-A25
RO085,RO085-A23,RO085-A24
RO085,RO085-A24,RO085-A30
RO085,RO085-A24,RO085-A29
RO085,RO085-A24,RO085-A28
RO085,RO085-A24,RO085-A27
RO085,RO085-A24,RO085-A26
RO085,RO085-A24,RO085-A25
RO085,RO085-A25,RO085-A30
RO085,RO085-A25,RO085-A29
RO085,RO085-A25,RO085-A28
RO085,RO085-A25,RO085-A27
RO085,RO085-A25,RO085-A26
RO085,RO085-A26,RO085-A30
RO085,RO085-A26,RO085-A29
RO085,RO085-A26,RO085-A28
RO085,RO085-A26,RO085-A27
RO085,RO085-A27,RO085-A30
RO085,RO085-A27,RO085-A29
RO085,RO085-A28,RO085-A30
RO085,RO085-A28,RO085-A29
RO085,RO085-A29,RO085-A30
RO086,RO086-A01,RO086-A30
RO086,RO086-A01,RO086-A29
RO086,RO086-A01,RO086-A28
RO086,RO086-A01,RO086-A27
RO086,RO086-A01,RO086-A24
RO086,RO086-A01,RO086-A22
RO086,RO086-A01,RO086-A21
RO086,RO086-A01,RO086-A18
RO086,RO086-A01,RO086-A17
RO086,RO086-A01,RO086-A15
RO086,RO086-A01,RO086-A12
RO086,RO086-A01,RO086-A11
RO086,RO086-A01,RO086-A10
RO086,RO086-A01,RO086-A08
RO086,RO086-A01,RO086-A06
RO086,RO086-A01,RO086-A05
RO086,RO086-A01,RO086-A04
RO086,RO086-A01,RO086-A03
RO086,RO086-A01,RO086-A02
RO086,RO086-A02,RO086-A30
RO086,RO086-A02,RO086-A28
RO086,RO086-A02,RO086-A27
RO086,RO086-A02,RO086-A24
RO086,RO086-A02,RO086-A22
RO086,RO086-A02,RO086-A20
RO086,RO086-A02,RO086-A19
RO086,RO086-A02,RO086-A16
RO086,RO086-A02,RO086-A15
RO086,RO086-A02,RO086-A14
RO086,RO086-A02,RO086-A13
RO086,RO086-A02,RO086-A12
RO086,RO086-A02,RO086-A11
RO086,RO086-A02,RO086-A10
RO086,RO086-A02,RO086-A09
RO086,RO086-A02,RO086-A06
RO086,RO086-A02,RO086-A05
RO086,RO086-A02,RO086-A04
RO086,RO086-A02,RO086-A03
RO086,RO086-A03,RO086-A30
RO086,RO086-A03,RO086-A29
RO086,RO086-A03,RO086-A28
RO086,RO086-A03,RO086-A27
RO086,RO086-A03,RO086-A26
RO086,RO086-A03,RO086-A25
RO086,RO086-A03,RO086-A24
RO086,RO086-A03,RO086-A23
RO086,RO086-A03,RO086-A21
RO086,RO086-A03,RO086-A20
RO086,RO086-A03,RO086-A17
RO086,RO086-A03,RO086-A16
RO086,RO086-A03,RO086-A15
RO086,RO086-A03,RO086-A13
RO086,RO086-A03,RO086-A10
RO086,RO086-A03,RO086-A05
RO086,RO086-A03,RO086-A04
RO086,RO086-A04,RO086-A30
RO086,RO086-A04,RO086-A29
RO086,RO086-A04,RO086-A27
RO086,RO086-A04,RO086-A26
RO086,RO086-A04,RO086-A25
RO086,RO086-A04,RO086-A21
RO086,RO086-A04,RO086-A20
RO086,RO086-A04,RO086-A15
RO086,RO086-A04,RO086-A07
RO086,RO086-A04,RO086-A06
RO086,RO086-A05,RO086-A26
RO086,RO086-A05,RO086-A25
RO086,RO086-A05,RO086-A24
RO086,RO086-A05,RO086-A22
RO086,RO086-A05,RO086-A21
RO086,RO086-A05,RO086-A20
RO086,RO086-A05,RO086-A15
RO086,RO086-A05,RO086-A14
RO086,RO086-A05,RO086-A08
RO086,RO086-A05,RO086-A07
RO086,RO086-A06,RO086-A28
RO086,RO086-A06,RO086-A23
RO086,RO086-A06,RO086-A22
RO086,RO086-A06,RO086-A21
RO086,RO086-A06,RO086-A20
RO086,RO086-A06,RO086-A19
RO086,RO086-A06,RO086-A18
RO086,RO086-A06,RO086-A17
RO086,RO086-A06,RO086-A16
RO086,RO086-A06,RO086-A15
RO086,RO086-A06,RO086-A14
RO086,RO086-A06,RO086-A13
RO086,RO086-A06,RO086-A12
RO086,RO086-A06,RO086-A11
RO086,RO086-A06,RO086-A10
RO086,RO086-A06,RO086-A09
RO086,RO086-A06,RO086-A08
RO086,RO086-A06,RO086-A07
RO086,RO086-A07,RO086-A29
RO086,RO086-A07,RO086-A28
RO086,RO086-A07,RO086-A27
RO086,RO086-A07,RO086-A21
RO086,RO086-A07,RO086-A18
RO086,RO086-A07,RO086-A17
RO086,RO086-A07,RO086-A13
RO086,RO086-A07,RO086-A12
RO086,RO086-A07,RO086-A11
RO086,RO086-A07,RO086-A10
RO086,RO086-A07,RO086-A09
RO086,RO086-A07,RO086-A08
RO086,RO086-A08,RO086-A30
RO086,RO086-A08,RO086-A29
RO086,RO086-A08,RO086-A28
RO086,RO086-A08,RO086-A27
RO086,RO086-A08,RO086-A25
RO086,RO086-A08,RO086-A24
RO086,RO086-A08,RO086-A22
RO086,RO086-A08,RO086-A21
RO086,RO086-A08,RO086-A20
RO086,RO086-A08,RO086-A19
RO086,RO086-A08,RO086-A14
RO086,RO086-A08,RO086-A12
RO086,RO086-A09,RO086-A28
RO086,RO086-A09,RO086-A27
RO086,RO086-A09,RO086-A26
RO086,RO086-A09,RO086-A25
RO086,RO086-A09,RO086-A24
RO086,RO086-A09,RO086-A20
RO086,RO086-A09,RO086-A18
RO086,RO086-A09,RO086-A17
RO086,RO086-A09,RO086-A16
RO086,RO086-A09,RO086-A15
RO086,RO086-A09,RO086-A14
RO086,RO086-A09,RO086-A13
RO086,RO086-A10,RO086-A30
RO086,RO086-A10,RO086-A29
RO086,RO086-A10,RO086-A28
RO086,RO086-A10,RO086-A27
RO086,RO086-A10,RO086-A24
RO086,RO086-A10,RO086-A23
RO086,RO086-A10,RO086-A22
RO086,RO086-A10,RO086-A18
RO086,RO086-A10,RO086-A14
RO086,RO086-A11,RO086-A25
RO086,RO086-A11,RO086-A24
RO086,RO086-A11,RO086-A21
RO086,RO086-A11,RO086-A20
RO086,RO086-A11,RO086-A19
RO086,RO086-A11,RO086-A15
RO086,RO086-A11,RO086-A14
RO086,RO086-A11,RO086-A13
RO086,RO086-A12,RO086-A27
RO086,RO086-A12,RO086-A24
RO086,RO086-A12,RO086-A22
RO086,RO086-A12,RO086-A21
RO086,RO086-A12,RO086-A16
RO086,RO086-A12,RO086-A15
RO086,RO086-A12,RO086-A14
RO086,RO086-A12,RO086-A13
RO086,RO086-A13,RO086-A21
RO086,RO086-A13,RO086-A20
RO086,RO086-A13,RO086-A19
RO086,RO086-A13,RO086-A18
RO086,RO086-A13,RO086-A17
RO086,RO086-A13,RO086-A16
RO086,RO086-A13,RO086-A15
RO086,RO086-A13,RO086-A14
RO086,RO086-A14,RO086-A25
RO086,RO086-A14,RO086-A21
RO086,RO086-A14,RO086-A20
RO086,RO086-A14,RO086-A19
RO086,RO086-A14,RO086-A18
RO086,RO086-A14,RO086-A17
RO086,RO086-A14,RO086-A16
RO086,RO086-A14,RO086-A15
RO086,RO086-A15,RO086-A28
RO086,RO086-A15,RO086-A27
RO086,RO086-A15,RO086-A25
RO086,RO086-A15,RO086-A18
RO086,RO086-A15,RO086-A17
RO086,RO086-A15,RO086-A16
RO086,RO086-A16,RO086-A28
RO086,RO086-A16,RO086-A27
RO086,RO086-A16,RO086-A23
RO086,RO086-A16,RO086-A22
RO086,RO086-A16,RO086-A21
RO086,RO086-A16,RO086-A18
RO086,RO086-A16,RO086-A17
RO086,RO086-A17,RO086-A21
RO086,RO086-A17,RO086-A18
RO086,RO086-A18,RO086-A27
RO086,RO086-A18,RO086-A21
RO086,RO086-A18,RO086-A20
RO086,RO086-A19,RO086-A30
RO086,RO086-A19,RO086-A29
RO086,RO086-A19,RO086-A28
RO086,RO086-A19,RO086-A26
RO086,RO086-A19,RO086-A25
RO086,RO086-A19,RO086-A24
RO086,RO086-A20,RO086-A29
RO086,RO086-A20,RO086-A25
RO086,RO086-A20,RO086-A23
RO086,RO086-A20,RO086-A22
RO086,RO086-A21,RO086-A29
RO086,RO086-A21,RO086-A28
RO086,RO086-A23,RO086-A25
RO086,RO086-A24,RO086-A30
RO086,RO086-A24,RO086-A29
RO086,RO086-A24,RO086-A28
RO086,RO086-A24,RO086-A27
RO086,RO086-A24,RO086-A26
RO086,RO086-A24,RO086-A25
RO086,RO086-A25,RO086-A30
RO086,RO086-A25,RO086-A29
RO086,RO086-A25,RO086-A28
RO086,RO086-A26,RO086-A30
RO086,RO086-A26,RO086-A29
RO086,RO086-A27,RO086-A30
RO086,RO086-A27,RO086-A29
RO086,RO086-A27,RO086-A28
RO086,RO086-A29,RO086-A30
RO087,RO087-A01,RO087-A30
RO087,RO087-A01,RO087-A29
RO087,RO087-A01,RO087-A28
RO087,RO087-A01,RO087-A27
RO087,RO087-A01,RO087-A26
RO087,RO087-A01,RO087-A25
RO087,RO087-A01,RO087-A24
RO087,RO087-A01,RO087-A23
RO087,RO087-A01,RO087-A21
RO087,RO087-A01,RO087-A20
RO087,RO087-A01,RO087-A19
RO087,RO087-A01,RO087-A18
RO087,RO087-A01,RO087-A17
RO087,RO087-A01,RO087-A16
RO087,RO087-A01,RO087-A15
RO087,RO087-A01,RO087-A14
RO087,RO087-A01,RO087-A13
RO087,RO087-A01,RO087-A12
RO087,RO087-A01,RO087-A11
RO087,RO087-A01,RO087-A10
RO087,RO087-A01,RO087-A09
RO087,RO087-A01,RO087-A08
RO087,RO087-A01,RO087-A07
RO087,RO087-A01,RO087-A06
RO087,RO087-A01,RO087-A05
RO087,RO087-A01,RO087-A04
RO087,RO087-A01,RO087-A03
RO087,RO087-A01,RO087-A02
RO087,RO087-A02,RO087-A30
RO087,RO087-A02,RO087-A29
RO087,RO087-A02,RO087-A28
RO087,RO087-A02,RO087-A27
RO087,RO087-A02,RO087-A26
RO087,RO087-A02,RO087-A25
RO087,RO087-A02,RO087-A24
RO087,RO087-A02,RO087-A23
RO087,RO087-A02,RO087-A22
RO087,RO087-A02,RO087-A21
RO087,RO087-A02,RO087-A20
RO087,RO087-A02,RO087-A19
RO087,RO087-A02,RO087-A18
RO087,RO087-A02,RO087-A17
RO087,RO087-A02,RO087-A16
RO087,RO087-A02,RO087-A15
RO087,RO087-A02,RO087-A14
RO087,RO087-A02,RO087-A13
RO087,RO087-A02,RO087-A12
RO087,RO087-A02,RO087-A11
RO087,RO087-A02,RO087-A10
RO087,RO087-A02,RO087-A09
RO087,RO087-A02,RO087-A08
RO087,RO087-A02,RO087-A07
RO087,RO087-A02,RO087-A06
RO087,RO087-A02,RO087-A05
RO087,RO087-A02,RO087-A04
RO087,RO087-A02,RO087-A03
RO087,RO087-A03,RO087-A30
RO087,RO087-A03,RO087-A29
RO087,RO087-A03,RO087-A28
RO087,RO087-A03,RO087-A27
RO087,RO087-A03,RO087-A26
RO087,RO087-A03,RO087-A25
RO087,RO087-A03,RO087-A24
RO087,RO087-A03,RO087-A23
RO087,RO087-A03,RO087-A22
RO087,RO087-A03,RO087-A21
RO087,RO087-A03,RO087-A20
RO087,RO087-A03,RO087-A19
RO087,RO087-A03,RO087-A18
RO087,RO087-A03,RO087-A17
RO087,RO087-A03,RO087-A16
RO087,RO087-A03,RO087-A15
RO087,RO087-A03,RO087-A14
RO087,RO087-A03,RO087-A13
RO087,RO087-A03,RO087-A12
RO087,RO087-A03,RO087-A11
RO087,RO087-A03,RO087-A10
RO087,RO087-A03,RO087-A09
RO087,RO087-A03,RO087-A08
RO087,RO087-A03,RO087-A07
RO087,RO087-A03,RO087-A06
RO087,RO087-A03,RO087-A05
RO087,RO087-A03,RO087-A04
RO087,RO087-A04,RO087-A30
RO087,RO087-A04,RO087-A29
RO087,RO087-A04,RO087-A28
RO087,RO087-A04,RO087-A27
RO087,RO087-A04,RO087-A26
RO087,RO087-A04,RO087-A25
RO087,RO087-A04,RO087-A24
RO087,RO087-A04,RO087-A23
RO087,RO087-A04,RO087-A22
RO087,RO087-A04,RO087-A21
RO087,RO087-A04,RO087-A20
RO087,RO087-A04,RO087-A19
RO087,RO087-A04,RO087-A18
RO087,RO087-A04,RO087-A17
RO087,RO087-A04,RO087-A16
RO087,RO087-A04,RO087-A15
RO087,RO087-A04,RO087-A14
RO087,RO087-A04,RO087-A13
RO087,RO087-A04,RO087-A12
RO087,RO087-A04,RO087-A11
RO087,RO087-A04,RO087-A10
RO087,RO087-A04,RO087-A08
RO087,RO087-A04,RO087-A07
RO087,RO087-A04,RO087-A06
RO087,RO087-A04,RO087-A05
RO087,RO087-A05,RO087-A30
RO087,RO087-A05,RO087-A29
RO087,RO087-A05,RO087-A28
RO087,RO087-A05,RO087-A27
RO087,RO087-A05,RO087-A26
RO087,RO087-A05,RO087-A25
RO087,RO087-A05,RO087-A24
RO087,RO087-A05,RO087-A23
RO087,RO087-A05,RO087-A22
RO087,RO087-A05,RO087-A21
RO087,RO087-A05,RO087-A20
RO087,RO087-A05,RO087-A19
RO087,RO087-A05,RO087-A18
RO087,RO087-A05,RO087-A17
RO087,RO087-A05,RO087-A16
RO087,RO087-A05,RO087-A15
RO087,RO087-A05,RO087-A14
RO087,RO087-A05,RO087-A13
RO087,RO087-A05,RO087-A12
RO087,RO087-A05,RO087-A11
RO087,RO087-A05,RO087-A10
RO087,RO087-A05,RO087-A09
RO087,RO087-A05,RO087-A08
RO087,RO087-A05,RO087-A07
RO087,RO087-A05,RO087-A06
RO087,RO087-A06,RO087-A30
RO087,RO087-A06,RO087-A29
RO087,RO087-A06,RO087-A28
RO087,RO087-A06,RO087-A27
RO087,RO087-A06,RO087-A26
RO087,RO087-A06,RO087-A25
RO087,RO087-A06,RO087-A24
RO087,RO087-A06,RO087-A23
RO087,RO087-A06,RO087-A22
RO087,RO087-A06,RO087-A21
RO087,RO087-A06,RO087-A20
RO087,RO087-A06,RO087-A19
RO087,RO087-A06,RO087-A18
RO087,RO087-A06,RO087-A17
RO087,RO087-A06,RO087-A16
RO087,RO087-A06,RO087-A15
RO087,RO087-A06,RO087-A14
RO087,RO087-A06,RO087-A13
RO087,RO087-A06,RO087-A12
RO087,RO087-A06,RO087-A11
RO087,RO087-A06,RO087-A10
RO087,RO087-A06,RO087-A09
RO087,RO087-A06,RO087-A08
RO087,RO087-A06,RO087-A07
RO087,RO087-A07,RO087-A30
RO087,RO087-A07,RO087-A29
RO087,RO087-A07,RO087-A28
RO087,RO087-A07,RO087-A27
RO087,RO087-A07,RO087-A26
RO087,RO087-A07,RO087-A25
RO087,RO087-A07,RO087-A24
RO087,RO087-A07,RO087-A23
RO087,RO087-A07,RO087-A22
RO087,RO087-A07,RO087-A20
RO087,RO087-A07,RO087-A18
RO087,RO087-A07,RO087-A17
RO087,RO087-A07,RO087-A16
RO087,RO087-A07,RO087-A15
RO087,RO087-A07,RO087-A14
RO087,RO087-A07,RO087-A13
RO087,RO087-A07,RO087-A12
RO087,RO087-A07,RO087-A11
RO087,RO087-A07,RO087-A10
RO087,RO087-A07,RO087-A09
RO087,RO087-A07,RO087-A08
RO087,RO087-A08,RO087-A30
RO087,RO087-A08,RO087-A29
RO087,RO087-A08,RO087-A28
RO087,RO087-A08,RO087-A27
RO087,RO087-A08,RO087-A26
RO087,RO087-A08,RO087-A25
RO087,RO087-A08,RO087-A24
RO087,RO087-A08,RO087-A23
RO087,RO087-A08,RO087-A22
RO087,RO087-A08,RO087-A21
RO087,RO087-A08,RO087-A20
RO087,RO087-A08,RO087-A18
RO087,RO087-A08,RO087-A17
RO087,RO087-A08,RO087-A16
RO087,RO087-A08,RO087-A15
RO087,RO087-A08,RO087-A14
RO087,RO087-A08,RO087-A13
RO087,RO087-A08,RO087-A12
RO087,RO087-A08,RO087-A11
RO087,RO087-A08,RO087-A10
RO087,RO087-A08,RO087-A09
RO087,RO087-A09,RO087-A30
RO087,RO087-A09,RO087-A29
RO087,RO087-A09,RO087-A28
RO087,RO087-A09,RO087-A27
RO087,RO087-A09,RO087-A25
RO087,RO087-A09,RO087-A24
RO087,RO087-A09,RO087-A23
RO087,RO087-A09,RO087-A22
RO087,RO087-A09,RO087-A21
RO087,RO087-A09,RO087-A20
RO087,RO087-A09,RO087-A19
RO087,RO087-A09,RO087-A18
RO087,RO087-A09,RO087-A17
RO087,RO087-A09,RO087-A16
RO087,RO087-A09,RO087-A15
RO087,RO087-A09,RO087-A14
RO087,RO087-A09,RO087-A13
RO087,RO087-A09,RO087-A12
RO087,RO087-A09,RO087-A11
RO087,RO087-A09,RO087-A10
RO087,RO087-A10,RO087-A30
RO087,RO087-A10,RO087-A29
RO087,RO087-A10,RO087-A28
RO087,RO087-A10,RO087-A27
RO087,RO087-A10,RO087-A26
RO087,RO087-A10,RO087-A25
RO087,RO087-A10,RO087-A24
RO087,RO087-A10,RO087-A23
RO087,RO087-A10,RO087-A22
RO087,RO087-A10,RO087-A21
RO087,RO087-A10,RO087-A20
RO087,RO087-A10,RO087-A19
RO087,RO087-A10,RO087-A18
RO087,RO087-A10,RO087-A17
RO087,RO087-A10,RO087-A16
RO087,RO087-A10,RO087-A15
RO087,RO087-A10,RO087-A14
RO087,RO087-A10,RO087-A13
RO087,RO087-A10,RO087-A12
RO087,RO087-A10,RO087-A11
RO087,RO087-A11,RO087-A30
RO087,RO087-A11,RO087-A29
RO087,RO087-A11,RO087-A28
RO087,RO087-A11,RO087-A27
RO087,RO087-A11,RO087-A26
RO087,RO087-A11,RO087-A25
RO087,RO087-A11,RO087-A24
RO087,RO087-A11,RO087-A23
RO087,RO087-A11,RO087-A22
RO087,RO087-A11,RO087-A21
RO087,RO087-A11,RO087-A20
RO087,RO087-A11,RO087-A19
RO087,RO087-A11,RO087-A18
RO087,RO087-A11,RO087-A17
RO087,RO087-A11,RO087-A16
RO087,RO087-A11,RO087-A15
RO087,RO087-A11,RO087-A14
RO087,RO087-A11,RO087-A13
RO087,RO087-A11,RO087-A12
RO087,RO087-A12,RO087-A30
RO087,RO087-A12,RO087-A29
RO087,RO087-A12,RO087-A28
RO087,RO087-A12,RO087-A27
RO087,RO087-A12,RO087-A26
RO087,RO087-A12,RO087-A25
RO087,RO087-A12,RO087-A24
RO087,RO087-A12,RO087-A23
RO087,RO087-A12,RO087-A22
RO087,RO087-A12,RO087-A21
RO087,RO087-A12,RO087-A20
RO087,RO087-A12,RO087-A19
RO087,RO087-A12,RO087-A18
RO087,RO087-A12,RO087-A17
RO087,RO087-A12,RO087-A16
RO087,RO087-A12,RO087-A15
RO087,RO087-A12,RO087-A14
RO087,RO087-A12,RO087-A13
RO087,RO087-A13,RO087-A30
RO087,RO087-A13,RO087-A29
RO087,RO087-A13,RO087-A28
RO087,RO087-A13,RO087-A27
RO087,RO087-A13,RO087-A26
RO087,RO087-A13,RO087-A25
RO087,RO087-A13,RO087-A24
RO087,RO087-A13,RO087-A23
RO087,RO087-A13,RO087-A22
RO087,RO087-A13,RO087-A21
RO087,RO087-A13,RO087-A19
RO087,RO087-A13,RO087-A18
RO087,RO087-A13,RO087-A17
RO087,RO087-A13,RO087-A16
RO087,RO087-A13,RO087-A15
RO087,RO087-A13,RO087-A14
RO087,RO087-A14,RO087-A30
RO087,RO087-A14,RO087-A29
RO087,RO087-A14,RO087-A28
RO087,RO087-A14,RO087-A27
RO087,RO087-A14,RO087-A26
RO087,RO087-A14,RO087-A25
RO087,RO087-A14,RO087-A24
RO087,RO087-A14,RO087-A23
RO087,RO087-A14,RO087-A22
RO087,RO087-A14,RO087-A21
RO087,RO087-A14,RO087-A20
RO087,RO087-A14,RO087-A19
RO087,RO087-A14,RO087-A18
RO087,RO087-A14,RO087-A17
RO087,RO087-A14,RO087-A16
RO087,RO087-A14,RO087-A15
RO087,RO087-A15,RO087-A30
RO087,RO087-A15,RO087-A29
RO087,RO087-A15,RO087-A28
RO087,RO087-A15,RO087-A27
RO087,RO087-A15,RO087-A26
RO087,RO087-A15,RO087-A25
RO087,RO087-A15,RO087-A24
RO087,RO087-A15,RO087-A23
RO087,RO087-A15,RO087-A22
RO087,RO087-A15,RO087-A21
RO087,RO087-A15,RO087-A20
RO087,RO087-A15,RO087-A19
RO087,RO087-A15,RO087-A18
RO087,RO087-A15,RO087-A17
RO087,RO087-A15,RO087-A16
RO087,RO087-A16,RO087-A30
RO087,RO087-A16,RO087-A29
RO087,RO087-A16,RO087-A28
RO087,RO087-A16,RO087-A27
RO087,RO087-A16,RO087-A26
RO087,RO087-A16,RO087-A25
RO087,RO087-A16,RO087-A24
RO087,RO087-A16,RO087-A23
RO087,RO087-A16,RO087-A22
RO087,RO087-A16,RO087-A21
RO087,RO087-A16,RO087-A20
RO087,RO087-A16,RO087-A19
RO087,RO087-A16,RO087-A18
RO087,RO087-A16,RO087-A17
RO087,RO087-A17,RO087-A30
RO087,RO087-A17,RO087-A29
RO087,RO087-A17,RO087-A28
RO087,RO087-A17,RO087-A27
RO087,RO087-A17,RO087-A26
RO087,RO087-A17,RO087-A25
RO087,RO087-A17,RO087-A24
RO087,RO087-A17,RO087-A23
RO087,RO087-A17,RO087-A22
RO087,RO087-A17,RO087-A21
RO087,RO087-A17,RO087-A20
RO087,RO087-A17,RO087-A19
RO087,RO087-A17,RO087-A18
RO087,RO087-A18,RO087-A30
RO087,RO087-A18,RO087-A29
RO087,RO087-A18,RO087-A28
RO087,RO087-A18,RO087-A27
RO087,RO087-A18,RO087-A26
RO087,RO087-A18,RO087-A25
RO087,RO087-A18,RO087-A24
RO087,RO087-A18,RO087-A23
RO087,RO087-A18,RO087-A22
RO087,RO087-A18,RO087-A21
RO087,RO087-A18,RO087-A20
RO087,RO087-A18,RO087-A19
RO087,RO087-A19,RO087-A30
RO087,RO087-A19,RO087-A29
RO087,RO087-A19,RO087-A28
RO087,RO087-A19,RO087-A27
RO087,RO087-A19,RO087-A26
RO087,RO087-A19,RO087-A25
RO087,RO087-A19,RO087-A24
RO087,RO087-A19,RO087-A23
RO087,RO087-A19,RO087-A22
RO087,RO087-A19,RO087-A21
RO087,RO087-A19,RO087-A20
RO087,RO087-A20,RO087-A30
RO087,RO087-A20,RO087-A27
RO087,RO087-A20,RO087-A26
RO087,RO087-A20,RO087-A25
RO087,RO087-A20,RO087-A24
RO087,RO087-A20,RO087-A23
RO087,RO087-A20,RO087-A22
RO087,RO087-A20,RO087-A21
RO087,RO087-A21,RO087-A30
RO087,RO087-A21,RO087-A29
RO087,RO087-A21,RO087-A28
RO087,RO087-A21,RO087-A27
RO087,RO087-A21,RO087-A26
RO087,RO087-A21,RO087-A25
RO087,RO087-A21,RO087-A24
RO087,RO087-A21,RO087-A23
RO087,RO087-A21,RO087-A22
RO087,RO087-A22,RO087-A30
RO087,RO087-A22,RO087-A29
RO087,RO087-A22,RO087-A28
RO087,RO087-A22,RO087-A27
RO087,RO087-A22,RO087-A26
RO087,RO087-A22,RO087-A25
RO087,RO087-A22,RO087-A24
RO087,RO087-A22,RO087-A23
RO087,RO087-A23,RO087-A30
RO087,RO087-A23,RO087-A29
RO087,RO087-A23,RO087-A28
RO087,RO087-A23,RO087-A27
RO087,RO087-A23,RO087-A26
RO087,RO087-A23,RO087-A25
RO087,RO087-A23,RO087-A24
RO087,RO087-A24,RO087-A28
RO087,RO087-A24,RO087-A27
RO087,RO087-A24,RO087-A26
RO087,RO087-A24,RO087-A25
RO087,RO087-A25,RO087-A30
RO087,RO087-A25,RO087-A29
RO087,RO087-A25,RO087-A28
RO087,RO087-A25,RO087-A27
RO087,RO087-A25,RO087-A26
RO087,RO087-A26,RO087-A30
RO087,RO087-A26,RO087-A29
RO087,RO087-A26,RO087-A28
RO087,RO087-A26,RO087-A27
RO087,RO087-A27,RO087-A30
RO087,RO087-A27,RO087-A29
RO087,RO087-A27,RO087-A28
RO087,RO087-A28,RO087-A30
RO087,RO087-A28,RO087-A29
RO087,RO087-A29,RO087-A30
RO088,RO088-A01,RO088-A15
RO088,RO088-A01,RO088-A08
RO088,RO088-A01,RO088-A04
RO088,RO088-A02,RO088-A29
RO088,RO088-A02,RO088-A26
RO088,RO088-A02,RO088-A25
RO088,RO088-A02,RO088-A23
RO088,RO088-A02,RO088-A22
RO088,RO088-A02,RO088-A20
RO088,RO088-A02,RO088-A19
RO088,RO088-A02,RO088-A18
RO088,RO088-A02,RO088-A17
RO088,RO088-A02,RO088-A15
RO088,RO088-A02,RO088-A14
RO088,RO088-A02,RO088-A13
RO088,RO088-A02,RO088-A12
RO088,RO088-A02,RO088-A11
RO088,RO088-A02,RO088-A10
RO088,RO088-A02,RO088-A09
RO088,RO088-A02,RO088-A07
RO088,RO088-A02,RO088-A06
RO088,RO088-A02,RO088-A05
RO088,RO088-A02,RO088-A04
RO088,RO088-A02,RO088-A03
RO088,RO088-A03,RO088-A29
RO088,RO088-A03,RO088-A26
RO088,RO088-A03,RO088-A25
RO088,RO088-A03,RO088-A23
RO088,RO088-A03,RO088-A22
RO088,RO088-A03,RO088-A20
RO088,RO088-A03,RO088-A19
RO088,RO088-A03,RO088-A18
RO088,RO088-A03,RO088-A17
RO088,RO088-A03,RO088-A15
RO088,RO088-A03,RO088-A14
RO088,RO088-A03,RO088-A13
RO088,RO088-A03,RO088-A12
RO088,RO088-A03,RO088-A11
RO088,RO088-A03,RO088-A10
RO088,RO088-A03,RO088-A09
RO088,RO088-A03,RO088-A07
RO088,RO088-A03,RO088-A06
RO088,RO088-A03,RO088-A05
RO088,RO088-A03,RO088-A04
RO088,RO088-A04,RO088-A28
RO088,RO088-A04,RO088-A27
RO088,RO088-A04,RO088-A21
RO088,RO088-A04,RO088-A16
RO088,RO088-A04,RO088-A15
RO088,RO088-A04,RO088-A05
RO088,RO088-A05,RO088-A25
RO088,RO088-A05,RO088-A23
RO088,RO088-A05,RO088-A19
RO088,RO088-A05,RO088-A11
RO088,RO088-A05,RO088-A10
RO088,RO088-A06,RO088-A30
RO088,RO088-A06,RO088-A28
RO088,RO088-A06,RO088-A22
RO088,RO088-A06,RO088-A20
RO088,RO088-A06,RO088-A19
RO088,RO088-A06,RO088-A18
RO088,RO088-A06,RO088-A17
RO088,RO088-A06,RO088-A15
RO088,RO088-A06,RO088-A14
RO088,RO088-A06,RO088-A13
RO088,RO088-A06,RO088-A12
RO088,RO088-A06,RO088-A11
RO088,RO088-A06,RO088-A10
RO088,RO088-A06,RO088-A09
RO088,RO088-A06,RO088-A08
RO088,RO088-A06,RO088-A07
RO088,RO088-A07,RO088-A30
RO088,RO088-A07,RO088-A29
RO088,RO088-A07,RO088-A28
RO088,RO088-A07,RO088-A26
RO088,RO088-A07,RO088-A25
RO088,RO088-A07,RO088-A24
RO088,RO088-A07,RO088-A23
RO088,RO088-A07,RO088-A22
RO088,RO088-A07,RO088-A20
RO088,RO088-A07,RO088-A19
RO088,RO088-A07,RO088-A18
RO088,RO088-A07,RO088-A17
RO088,RO088-A07,RO088-A15
RO088,RO088-A07,RO088-A14
RO088,RO088-A07,RO088-A13
RO088,RO088-A07,RO088-A12
RO088,RO088-A07,RO088-A11
RO088,RO088-A07,RO088-A10
RO088,RO088-A07,RO088-A09
RO088,RO088-A07,RO088-A08
RO088,RO088-A08,RO088-A30
RO088,RO088-A08,RO088-A26
RO088,RO088-A08,RO088-A25
RO088,RO088-A08,RO088-A24
RO088,RO088-A08,RO088-A23
RO088,RO088-A08,RO088-A22
RO088,RO088-A08,RO088-A20
RO088,RO088-A08,RO088-A19
RO088,RO088-A08,RO088-A18
RO088,RO088-A08,RO088-A17
RO088,RO088-A08,RO088-A14
RO088,RO088-A09,RO088-A30
RO088,RO088-A09,RO088-A26
RO088,RO088-A09,RO088-A25
RO088,RO088-A09,RO088-A24
RO088,RO088-A09,RO088-A23
RO088,RO088-A09,RO088-A22
RO088,RO088-A09,RO088-A21
RO088,RO088-A09,RO088-A20
RO088,RO088-A09,RO088-A19
RO088,RO088-A09,RO088-A18
RO088,RO088-A09,RO088-A17
RO088,RO088-A09,RO088-A14
RO088,RO088-A09,RO088-A13
RO088,RO088-A09,RO088-A12
RO088,RO088-A09,RO088-A11
RO088,RO088-A09,RO088-A10
RO088,RO088-A10,RO088-A30
RO088,RO088-A10,RO088-A26
RO088,RO088-A10,RO088-A25
RO088,RO088-A10,RO088-A24
RO088,RO088-A10,RO088-A23
RO088,RO088-A10,RO088-A22
RO088,RO088-A10,RO088-A21
RO088,RO088-A10,RO088-A20
RO088,RO088-A10,RO088-A19
RO088,RO088-A10,RO088-A18
RO088,RO088-A10,RO088-A17
RO088,RO088-A10,RO088-A14
RO088,RO088-A10,RO088-A13
RO088,RO088-A10,RO088-A12
RO088,RO088-A10,RO088-A11
RO088,RO088-A11,RO088-A30
RO088,RO088-A11,RO088-A29
RO088,RO088-A11,RO088-A28
RO088,RO088-A11,RO088-A26
RO088,RO088-A11,RO088-A25
RO088,RO088-A11,RO088-A23
RO088,RO088-A11,RO088-A22
RO088,RO088-A11,RO088-A21
RO088,RO088-A11,RO088-A20
RO088,RO088-A11,RO088-A19
RO088,RO088-A11,RO088-A18
RO088,RO088-A11,RO088-A17
RO088,RO088-A11,RO088-A16
RO088,RO088-A11,RO088-A14
RO088,RO088-A11,RO088-A13
RO088,RO088-A11,RO088-A12
RO088,RO088-A12,RO088-A26
RO088,RO088-A12,RO088-A25
RO088,RO088-A12,RO088-A23
RO088,RO088-A12,RO088-A22
RO088,RO088-A12,RO088-A21
RO088,RO088-A12,RO088-A20
RO088,RO088-A12,RO088-A19
RO088,RO088-A12,RO088-A18
RO088,RO088-A12,RO088-A17
RO088,RO088-A12,RO088-A16
RO088,RO088-A12,RO088-A14
RO088,RO088-A12,RO088-A13
RO088,RO088-A13,RO088-A26
RO088,RO088-A13,RO088-A25
RO088,RO088-A13,RO088-A24
RO088,RO088-A13,RO088-A23
RO088,RO088-A13,RO088-A22
RO088,RO088-A13,RO088-A21
RO088,RO088-A13,RO088-A20
RO088,RO088-A13,RO088-A19
RO088,RO088-A13,RO088-A18
RO088,RO088-A13,RO088-A17
RO088,RO088-A13,RO088-A16
RO088,RO088-A13,RO088-A15
RO088,RO088-A13,RO088-A14
RO088,RO088-A14,RO088-A29
RO088,RO088-A14,RO088-A26
RO088,RO088-A14,RO088-A25
RO088,RO088-A14,RO088-A23
RO088,RO088-A14,RO088-A22
RO088,RO088-A14,RO088-A21
RO088,RO088-A14,RO088-A20
RO088,RO088-A14,RO088-A19
RO088,RO088-A14,RO088-A18
RO088,RO088-A14,RO088-A17
RO088,RO088-A14,RO088-A16
RO088,RO088-A15,RO088-A27
RO088,RO088-A15,RO088-A16
RO088,RO088-A16,RO088-A30
RO088,RO088-A16,RO088-A27
RO088,RO088-A17,RO088-A30
RO088,RO088-A17,RO088-A29
RO088,RO088-A17,RO088-A28
RO088,RO088-A17,RO088-A26
RO088,RO088-A17,RO088-A25
RO088,RO088-A17,RO088-A24
RO088,RO088-A17,RO088-A23
RO088,RO088-A17,RO088-A22
RO088,RO088-A17,RO088-A21
RO088,RO088-A17,RO088-A20
RO088,RO088-A17,RO088-A19
RO088,RO088-A17,RO088-A18
RO088,RO088-A18,RO088-A26
RO088,RO088-A18,RO088-A25
RO088,RO088-A18,RO088-A24
RO088,RO088-A18,RO088-A23
RO088,RO088-A18,RO088-A22
RO088,RO088-A18,RO088-A21
RO088,RO088-A18,RO088-A20
RO088,RO088-A18,RO088-A19
RO088,RO088-A19,RO088-A29
RO088,RO088-A19,RO088-A26
RO088,RO088-A19,RO088-A25
RO088,RO088-A19,RO088-A23
RO088,RO088-A19,RO088-A22
RO088,RO088-A19,RO088-A21
RO088,RO088-A19,RO088-A20
RO088,RO088-A20,RO088-A29
RO088,RO088-A20,RO088-A26
RO088,RO088-A20,RO088-A25
RO088,RO088-A20,RO088-A23
RO088,RO088-A20,RO088-A22
RO088,RO088-A21,RO088-A30
RO088,RO088-A21,RO088-A24
RO088,RO088-A22,RO088-A26
RO088,RO088-A22,RO088-A25
RO088,RO088-A22,RO088-A23
RO088,RO088-A23,RO088-A26
RO088,RO088-A23,RO088-A25
RO088,RO088-A24,RO088-A30
RO088,RO088-A25,RO088-A29
RO088,RO088-A25,RO088-A26
RO088,RO088-A26,RO088-A30
RO088,RO088-A26,RO088-A29
RO089,RO089-A01,RO089-A30
RO089,RO089-A01,RO089-A29
RO089,RO089-A01,RO089-A28
RO089,RO089-A01,RO089-A27
RO089,RO089-A01,RO089-A26
RO089,RO089-A01,RO089-A25
RO089,RO089-A01,RO089-A24
RO089,RO089-A01,RO089-A23
RO089,RO089-A01,RO089-A22
RO089,RO089-A01,RO089-A21
RO089,RO089-A01,RO089-A20
RO089,RO089-A01,RO089-A19
RO089,RO089-A01,RO089-A18
RO089,RO089-A01,RO089-A17
RO089,RO089-A01,RO089-A16
RO089,RO089-A01,RO089-A15
RO089,RO089-A01,RO089-A14
RO089,RO089-A01,RO089-A13
RO089,RO089-A01,RO089-A12
RO089,RO089-A01,RO089-A11
RO089,RO089-A01,RO089-A10
RO089,RO089-A01,RO089-A09
RO089,RO089-A01,RO089-A08
RO089,RO089-A01,RO089-A07
RO089,RO089-A01,RO089-A06
RO089,RO089-A01,RO089-A05
RO089,RO089-A01,RO089-A04
RO089,RO089-A01,RO089-A03
RO089,RO089-A01,RO089-A02
RO089,RO089-A02,RO089-A30
RO089,RO089-A02,RO089-A29
RO089,RO089-A02,RO089-A28
RO089,RO089-A02,RO089-A27
RO089,RO089-A02,RO089-A26
RO089,RO089-A02,RO089-A25
RO089,RO089-A02,RO089-A24
RO089,RO089-A02,RO089-A23
RO089,RO089-A02,RO089-A22
RO089,RO089-A02,RO089-A21
RO089,RO089-A02,RO089-A20
RO089,RO089-A02,RO089-A19
RO089,RO089-A02,RO089-A18
RO089,RO089-A02,RO089-A17
RO089,RO089-A02,RO089-A16
RO089,RO089-A02,RO089-A15
RO089,RO089-A02,RO089-A14
RO089,RO089-A02,RO089-A13
RO089,RO089-A02,RO089-A12
RO089,RO089-A02,RO089-A11
RO089,RO089-A02,RO089-A10
RO089,RO089-A02,RO089-A09
RO089,RO089-A02,RO089-A08
RO089,RO089-A02,RO089-A07
RO089,RO089-A02,RO089-A06
RO089,RO089-A02,RO089-A05
RO089,RO089-A02,RO089-A04
RO089,RO089-A02,RO089-A03
RO089,RO089-A03,RO089-A30
RO089,RO089-A03,RO089-A29
RO089,RO089-A03,RO089-A28
RO089,RO089-A03,RO089-A27
RO089,RO089-A03,RO089-A26
RO089,RO089-A03,RO089-A25
RO089,RO089-A03,RO089-A24
RO089,RO089-A03,RO089-A23
RO089,RO089-A03,RO089-A22
RO089,RO089-A03,RO089-A21
RO089,RO089-A03,RO089-A20
RO089,RO089-A03,RO089-A19
RO089,RO089-A03,RO089-A18
RO089,RO089-A03,RO089-A17
RO089,RO089-A03,RO089-A16
RO089,RO089-A03,RO089-A15
RO089,RO089-A03,RO089-A14
RO089,RO089-A03,RO089-A13
RO089,RO089-A03,RO089-A12
RO089,RO089-A03,RO089-A11
RO089,RO089-A03,RO089-A10
RO089,RO089-A03,RO089-A09
RO089,RO089-A03,RO089-A08
RO089,RO089-A03,RO089-A07
RO089,RO089-A03,RO089-A06
RO089,RO089-A03,RO089-A05
RO089,RO089-A03,RO089-A04
RO089,RO089-A04,RO089-A30
RO089,RO089-A04,RO089-A29
RO089,RO089-A04,RO089-A28
RO089,RO089-A04,RO089-A27
RO089,RO089-A04,RO089-A26
RO089,RO089-A04,RO089-A25
RO089,RO089-A04,RO089-A24
RO089,RO089-A04,RO089-A23
RO089,RO089-A04,RO089-A22
RO089,RO089-A04,RO089-A21
RO089,RO089-A04,RO089-A20
RO089,RO089-A04,RO089-A19
RO089,RO089-A04,RO089-A18
RO089,RO089-A04,RO089-A17
RO089,RO089-A04,RO089-A16
RO089,RO089-A04,RO089-A15
RO089,RO089-A04,RO089-A14
RO089,RO089-A04,RO089-A13
RO089,RO089-A04,RO089-A12
RO089,RO089-A04,RO089-A11
RO089,RO089-A04,RO089-A10
RO089,RO089-A04,RO089-A09
RO089,RO089-A04,RO089-A08
RO089,RO089-A04,RO089-A07
RO089,RO089-A04,RO089-A06
RO089,RO089-A04,RO089-A05
RO089,RO089-A05,RO089-A30
RO089,RO089-A05,RO089-A29
RO089,RO089-A05,RO089-A28
RO089,RO089-A05,RO089-A27
RO089,RO089-A05,RO089-A26
RO089,RO089-A05,RO089-A25
RO089,RO089-A05,RO089-A24
RO089,RO089-A05,RO089-A23
RO089,RO089-A05,RO089-A22
RO089,RO089-A05,RO089-A21
RO089,RO089-A05,RO089-A20
RO089,RO089-A05,RO089-A19
RO089,RO089-A05,RO089-A18
RO089,RO089-A05,RO089-A17
RO089,RO089-A05,RO089-A16
RO089,RO089-A05,RO089-A15
RO089,RO089-A05,RO089-A14
RO089,RO089-A05,RO089-A13
RO089,RO089-A05,RO089-A12
RO089,RO089-A05,RO089-A11
RO089,RO089-A05,RO089-A10
RO089,RO089-A05,RO089-A09
RO089,RO089-A05,RO089-A08
RO089,RO089-A05,RO089-A07
RO089,RO089-A05,RO089-A06
RO089,RO089-A06,RO089-A30
RO089,RO089-A06,RO089-A29
RO089,RO089-A06,RO089-A28
RO089,RO089-A06,RO089-A27
RO089,RO089-A06,RO089-A26
RO089,RO089-A06,RO089-A25
RO089,RO089-A06,RO089-A24
RO089,RO089-A06,RO089-A21
RO089,RO089-A06,RO089-A20
RO089,RO089-A06,RO089-A19
RO089,RO089-A06,RO089-A18
RO089,RO089-A06,RO089-A17
RO089,RO089-A06,RO089-A15
RO089,RO089-A06,RO089-A14
RO089,RO089-A06,RO089-A13
RO089,RO089-A06,RO089-A12
RO089,RO089-A06,RO089-A11
RO089,RO089-A06,RO089-A10
RO089,RO089-A06,RO089-A08
RO089,RO089-A06,RO089-A07
RO089,RO089-A07,RO089-A30
RO089,RO089-A07,RO089-A29
RO089,RO089-A07,RO089-A26
RO089,RO089-A07,RO089-A25
RO089,RO089-A07,RO089-A24
RO089,RO089-A07,RO089-A23
RO089,RO089-A07,RO089-A22
RO089,RO089-A07,RO089-A21
RO089,RO089-A07,RO089-A20
RO089,RO089-A07,RO089-A19
RO089,RO089-A07,RO089-A18
RO089,RO089-A07,RO089-A17
RO089,RO089-A07,RO089-A16
RO089,RO089-A07,RO089-A15
RO089,RO089-A07,RO089-A14
RO089,RO089-A07,RO089-A13
RO089,RO089-A07,RO089-A12
RO089,RO089-A07,RO089-A11
RO089,RO089-A07,RO089-A10
RO089,RO089-A07,RO089-A09
RO089,RO089-A07,RO089-A08
RO089,RO089-A08,RO089-A30
RO089,RO089-A08,RO089-A29
RO089,RO089-A08,RO089-A28
RO089,RO089-A08,RO089-A27
RO089,RO089-A08,RO089-A26
RO089,RO089-A08,RO089-A25
RO089,RO089-A08,RO089-A24
RO089,RO089-A08,RO089-A21
RO089,RO089-A08,RO089-A20
RO089,RO089-A08,RO089-A16
RO089,RO089-A08,RO089-A14
RO089,RO089-A08,RO089-A13
RO089,RO089-A08,RO089-A12
RO089,RO089-A08,RO089-A11
RO089,RO089-A08,RO089-A10
RO089,RO089-A08,RO089-A09
RO089,RO089-A09,RO089-A30
RO089,RO089-A09,RO089-A29
RO089,RO089-A09,RO089-A28
RO089,RO089-A09,RO089-A27
RO089,RO089-A09,RO089-A26
RO089,RO089-A09,RO089-A25
RO089,RO089-A09,RO089-A24
RO089,RO089-A09,RO089-A23
RO089,RO089-A09,RO089-A22
RO089,RO089-A09,RO089-A21
RO089,RO089-A09,RO089-A20
RO089,RO089-A09,RO089-A19
RO089,RO089-A09,RO089-A18
RO089,RO089-A09,RO089-A17
RO089,RO089-A09,RO089-A15
RO089,RO089-A09,RO089-A14
RO089,RO089-A09,RO089-A13
RO089,RO089-A09,RO089-A12
RO089,RO089-A09,RO089-A11
RO089,RO089-A09,RO089-A10
RO089,RO089-A10,RO089-A30
RO089,RO089-A10,RO089-A28
RO089,RO089-A10,RO089-A26
RO089,RO089-A10,RO089-A25
RO089,RO089-A10,RO089-A24
RO089,RO089-A10,RO089-A23
RO089,RO089-A10,RO089-A21
RO089,RO089-A10,RO089-A20
RO089,RO089-A10,RO089-A19
RO089,RO089-A10,RO089-A18
RO089,RO089-A10,RO089-A17
RO089,RO089-A10,RO089-A16
RO089,RO089-A10,RO089-A15
RO089,RO089-A10,RO089-A14
RO089,RO089-A10,RO089-A13
RO089,RO089-A10,RO089-A12
RO089,RO089-A10,RO089-A11
RO089,RO089-A11,RO089-A30
RO089,RO089-A11,RO089-A29
RO089,RO089-A11,RO089-A28
RO089,RO089-A11,RO089-A27
RO089,RO089-A11,RO089-A26
RO089,RO089-A11,RO089-A25
RO089,RO089-A11,RO089-A24
RO089,RO089-A11,RO089-A23
RO089,RO089-A11,RO089-A22
RO089,RO089-A11,RO089-A21
RO089,RO089-A11,RO089-A20
RO089,RO089-A11,RO089-A19
RO089,RO089-A11,RO089-A18
RO089,RO089-A11,RO089-A17
RO089,RO089-A11,RO089-A16
RO089,RO089-A11,RO089-A15
RO089,RO089-A11,RO089-A14
RO089,RO089-A11,RO089-A13
RO089,RO089-A11,RO089-A12
RO089,RO089-A12,RO089-A30
RO089,RO089-A12,RO089-A29
RO089,RO089-A12,RO089-A28
RO089,RO089-A12,RO089-A27
RO089,RO089-A12,RO089-A26
RO089,RO089-A12,RO089-A25
RO089,RO089-A12,RO089-A21
RO089,RO089-A12,RO089-A20
RO089,RO089-A12,RO089-A19
RO089,RO089-A12,RO089-A18
RO089,RO089-A12,RO089-A17
RO089,RO089-A12,RO089-A16
RO089,RO089-A12,RO089-A13
RO089,RO089-A13,RO089-A30
RO089,RO089-A13,RO089-A29
RO089,RO089-A13,RO089-A28
RO089,RO089-A13,RO089-A27
RO089,RO089-A13,RO089-A26
RO089,RO089-A13,RO089-A25
RO089,RO089-A13,RO089-A24
RO089,RO089-A13,RO089-A23
RO089,RO089-A13,RO089-A22
RO089,RO089-A13,RO089-A21
RO089,RO089-A13,RO089-A20
RO089,RO089-A13,RO089-A19
RO089,RO089-A13,RO089-A18
RO089,RO089-A13,RO089-A17
RO089,RO089-A13,RO089-A16
RO089,RO089-A13,RO089-A15
RO089,RO089-A13,RO089-A14
RO089,RO089-A14,RO089-A30
RO089,RO089-A14,RO089-A29
RO089,RO089-A14,RO089-A26
RO089,RO089-A14,RO089-A25
RO089,RO089-A14,RO089-A24
RO089,RO089-A14,RO089-A23
RO089,RO089-A14,RO089-A22
RO089,RO089-A14,RO089-A20
RO089,RO089-A14,RO089-A15
RO089,RO089-A15,RO089-A30
RO089,RO089-A15,RO089-A28
RO089,RO089-A15,RO089-A26
RO089,RO089-A15,RO089-A25
RO089,RO089-A15,RO089-A24
RO089,RO089-A15,RO089-A23
RO089,RO089-A15,RO089-A22
RO089,RO089-A15,RO089-A21
RO089,RO089-A15,RO089-A20
RO089,RO089-A15,RO089-A19
RO089,RO089-A15,RO089-A18
RO089,RO089-A15,RO089-A17
RO089,RO089-A15,RO089-A16
RO089,RO089-A16,RO089-A30
RO089,RO089-A16,RO089-A29
RO089,RO089-A16,RO089-A28
RO089,RO089-A16,RO089-A27
RO089,RO089-A16,RO089-A26
RO089,RO089-A16,RO089-A25
RO089,RO089-A16,RO089-A24
RO089,RO089-A16,RO089-A23
RO089,RO089-A16,RO089-A22
RO089,RO089-A16,RO089-A21
RO089,RO089-A16,RO089-A20
RO089,RO089-A16,RO089-A19
RO089,RO089-A16,RO089-A18
RO089,RO089-A16,RO089-A17
RO089,RO089-A17,RO089-A30
RO089,RO089-A17,RO089-A29
RO089,RO089-A17,RO089-A28
RO089,RO089-A17,RO089-A27
RO089,RO089-A17,RO089-A26
RO089,RO089-A17,RO089-A25
RO089,RO089-A17,RO089-A24
RO089,RO089-A17,RO089-A23
RO089,RO089-A17,RO089-A20
RO089,RO089-A17,RO089-A19
RO089,RO089-A17,RO089-A18
RO089,RO089-A18,RO089-A30
RO089,RO089-A18,RO089-A29
RO089,RO089-A18,RO089-A28
RO089,RO089-A18,RO089-A27
RO089,RO089-A18,RO089-A26
RO089,RO089-A18,RO089-A25
RO089,RO089-A18,RO089-A24
RO089,RO089-A18,RO089-A23
RO089,RO089-A19,RO089-A30
RO089,RO089-A19,RO089-A29
RO089,RO089-A19,RO089-A28
RO089,RO089-A19,RO089-A27
RO089,RO089-A19,RO089-A26
RO089,RO089-A19,RO089-A25
RO089,RO089-A19,RO089-A24
RO089,RO089-A19,RO089-A23
RO089,RO089-A19,RO089-A20
RO089,RO089-A20,RO089-A30
RO089,RO089-A20,RO089-A29
RO089,RO089-A20,RO089-A28
RO089,RO089-A20,RO089-A27
RO089,RO089-A20,RO089-A26
RO089,RO089-A20,RO089-A25
RO089,RO089-A20,RO089-A24
RO089,RO089-A20,RO089-A22
RO089,RO089-A20,RO089-A21
RO089,RO089-A21,RO089-A30
RO089,RO089-A21,RO089-A26
RO089,RO089-A21,RO089-A25
RO089,RO089-A21,RO089-A22
RO089,RO089-A22,RO089-A30
RO089,RO089-A22,RO089-A26
RO089,RO089-A22,RO089-A25
RO089,RO089-A22,RO089-A24
RO089,RO089-A22,RO089-A23
RO089,RO089-A23,RO089-A30
RO089,RO089-A23,RO089-A29
RO089,RO089-A23,RO089-A28
RO089,RO089-A23,RO089-A27
RO089,RO089-A23,RO089-A26
RO089,RO089-A23,RO089-A25
RO089,RO089-A23,RO089-A24
RO089,RO089-A24,RO089-A30
RO089,RO089-A24,RO089-A29
RO089,RO089-A24,RO089-A28
RO089,RO089-A24,RO089-A27
RO089,RO089-A24,RO089-A26
RO089,RO089-A24,RO089-A25
RO089,RO089-A25,RO089-A30
RO089,RO089-A25,RO089-A29
RO089,RO089-A25,RO089-A28
RO089,RO089-A26,RO089-A30
RO089,RO089-A26,RO089-A29
RO089,RO089-A27,RO089-A30
RO089,RO089-A27,RO089-A29
RO089,RO089-A27,RO089-A28
RO089,RO089-A28,RO089-A30
RO089,RO089-A29,RO089-A30
RO090,RO090-A01,RO090-A28
RO090,RO090-A01,RO090-A27
RO090,RO090-A01,RO090-A26
RO090,RO090-A01,RO090-A25
RO090,RO090-A01,RO090-A21
RO090,RO090-A01,RO090-A20
RO090,RO090-A01,RO090-A19
RO090,RO090-A01,RO090-A18
RO090,RO090-A01,RO090-A17
RO090,RO090-A01,RO090-A16
RO090,RO090-A01,RO090-A15
RO090,RO090-A01,RO090-A14
RO090,RO090-A01,RO090-A13
RO090,RO090-A01,RO090-A12
RO090,RO090-A01,RO090-A11
RO090,RO090-A01,RO090-A10
RO090,RO090-A01,RO090-A09
RO090,RO090-A01,RO090-A08
RO090,RO090-A01,RO090-A07
RO090,RO090-A02,RO090-A28
RO090,RO090-A02,RO090-A24
RO090,RO090-A02,RO090-A23
RO090,RO090-A02,RO090-A22
RO090,RO090-A02,RO090-A21
RO090,RO090-A02,RO090-A05
RO090,RO090-A02,RO090-A04
RO090,RO090-A02,RO090-A03
RO090,RO090-A03,RO090-A28
RO090,RO090-A03,RO090-A21
RO090,RO090-A03,RO090-A05
RO090,RO090-A03,RO090-A04
RO090,RO090-A04,RO090-A28
RO090,RO090-A04,RO090-A23
RO090,RO090-A04,RO090-A22
RO090,RO090-A04,RO090-A21
RO090,RO090-A04,RO090-A05
RO090,RO090-A05,RO090-A28
RO090,RO090-A05,RO090-A24
RO090,RO090-A05,RO090-A23
RO090,RO090-A05,RO090-A22
RO090,RO090-A05,RO090-A21
RO090,RO090-A06,RO090-A29
RO090,RO090-A07,RO090-A25
RO090,RO090-A07,RO090-A19
RO090,RO090-A07,RO090-A18
RO090,RO090-A07,RO090-A17
RO090,RO090-A07,RO090-A16
RO090,RO090-A07,RO090-A15
RO090,RO090-A07,RO090-A14
RO090,RO090-A07,RO090-A13
RO090,RO090-A07,RO090-A12
RO090,RO090-A07,RO090-A11
RO090,RO090-A07,RO090-A10
RO090,RO090-A07,RO090-A09
RO090,RO090-A07,RO090-A08
RO090,RO090-A08,RO090-A25
RO090,RO090-A08,RO090-A19
RO090,RO090-A08,RO090-A18
RO090,RO090-A08,RO090-A17
RO090,RO090-A08,RO090-A16
RO090,RO090-A08,RO090-A15
RO090,RO090-A08,RO090-A14
RO090,RO090-A08,RO090-A13
RO090,RO090-A08,RO090-A12
RO090,RO090-A08,RO090-A11
RO090,RO090-A08,RO090-A10
RO090,RO090-A08,RO090-A09
RO090,RO090-A09,RO090-A25
RO090,RO090-A09,RO090-A19
RO090,RO090-A09,RO090-A18
RO090,RO090-A09,RO090-A17
RO090,RO090-A09,RO090-A16
RO090,RO090-A09,RO090-A15
RO090,RO090-A09,RO090-A14
RO090,RO090-A09,RO090-A13
RO090,RO090-A09,RO090-A12
RO090,RO090-A09,RO090-A11
RO090,RO090-A09,RO090-A10
RO090,RO090-A10,RO090-A25
RO090,RO090-A10,RO090-A19
RO090,RO090-A10,RO090-A18
RO090,RO090-A10,RO090-A17
RO090,RO090-A10,RO090-A16
RO090,RO090-A10,RO090-A15
RO090,RO090-A10,RO090-A14
RO090,RO090-A10,RO090-A13
RO090,RO090-A10,RO090-A12
RO090,RO090-A10,RO090-A11
RO090,RO090-A11,RO090-A25
RO090,RO090-A11,RO090-A19
RO090,RO090-A11,RO090-A18
RO090,RO090-A11,RO090-A17
RO090,RO090-A11,RO090-A16
RO090,RO090-A11,RO090-A15
RO090,RO090-A11,RO090-A14
RO090,RO090-A11,RO090-A13
RO090,RO090-A11,RO090-A12
RO090,RO090-A12,RO090-A25
RO090,RO090-A12,RO090-A19
RO090,RO090-A12,RO090-A18
RO090,RO090-A12,RO090-A17
RO090,RO090-A12,RO090-A16
RO090,RO090-A12,RO090-A15
RO090,RO090-A12,RO090-A14
RO090,RO090-A12,RO090-A13
RO090,RO090-A13,RO090-A25
RO090,RO090-A13,RO090-A19
RO090,RO090-A13,RO090-A18
RO090,RO090-A13,RO090-A17
RO090,RO090-A13,RO090-A16
RO090,RO090-A13,RO090-A15
RO090,RO090-A13,RO090-A14
RO090,RO090-A14,RO090-A25
RO090,RO090-A14,RO090-A19
RO090,RO090-A14,RO090-A18
RO090,RO090-A14,RO090-A17
RO090,RO090-A14,RO090-A16
RO090,RO090-A14,RO090-A15
RO090,RO090-A15,RO090-A27
RO090,RO090-A15,RO090-A25
RO090,RO090-A15,RO090-A19
RO090,RO090-A15,RO090-A18
RO090,RO090-A15,RO090-A17
RO090,RO090-A15,RO090-A16
RO090,RO090-A16,RO090-A27
RO090,RO090-A16,RO090-A25
RO090,RO090-A16,RO090-A19
RO090,RO090-A16,RO090-A18
RO090,RO090-A16,RO090-A17
RO090,RO090-A17,RO090-A27
RO090,RO090-A17,RO090-A25
RO090,RO090-A17,RO090-A19
RO090,RO090-A17,RO090-A18
RO090,RO090-A18,RO090-A27
RO090,RO090-A18,RO090-A25
RO090,RO090-A18,RO090-A19
RO090,RO090-A19,RO090-A27
RO090,RO090-A20,RO090-A26
RO090,RO090-A20,RO090-A24
RO090,RO090-A20,RO090-A23
RO090,RO090-A20,RO090-A22
RO090,RO090-A20,RO090-A21
RO090,RO090-A21,RO090-A28
RO090,RO090-A21,RO090-A26
RO090,RO090-A21,RO090-A24
RO090,RO090-A21,RO090-A23
RO090,RO090-A21,RO090-A22
RO090,RO090-A22,RO090-A28
RO090,RO090-A22,RO090-A24
RO090,RO090-A22,RO090-A23
RO090,RO090-A23,RO090-A28
RO090,RO090-A23,RO090-A24
RO090,RO090-A24,RO090-A28
RO090,RO090-A25,RO090-A27
RO090,RO090-A26,RO090-A28
RO090,RO090-A29,RO090-A30
